Id,ActivityHour,TotalIntensity,AverageIntensity,Hour
1503960366,2016-04-12 00:00:00,20,0.333333,0
1503960366,2016-04-12 01:00:00,8,0.133333,1
1503960366,2016-04-12 02:00:00,7,0.116667,2
1503960366,2016-04-12 03:00:00,0,0.0,3
1503960366,2016-04-12 04:00:00,0,0.0,4
1503960366,2016-04-12 05:00:00,0,0.0,5
1503960366,2016-04-12 06:00:00,0,0.0,6
1503960366,2016-04-12 07:00:00,0,0.0,7
1503960366,2016-04-12 08:00:00,13,0.216667,8
1503960366,2016-04-12 09:00:00,30,0.5,9
1503960366,2016-04-12 10:00:00,29,0.483333,10
1503960366,2016-04-12 11:00:00,12,0.2,11
1503960366,2016-04-12 12:00:00,11,0.183333,12
1503960366,2016-04-12 13:00:00,6,0.1,13
1503960366,2016-04-12 14:00:00,36,0.6,14
1503960366,2016-04-12 15:00:00,58,0.966667,15
1503960366,2016-04-12 16:00:00,13,0.216667,16
1503960366,2016-04-12 17:00:00,16,0.266667,17
1503960366,2016-04-12 18:00:00,29,0.483333,18
1503960366,2016-04-12 19:00:00,39,0.65,19
1503960366,2016-04-12 20:00:00,41,0.683333,20
1503960366,2016-04-12 21:00:00,31,0.516667,21
1503960366,2016-04-12 22:00:00,9,0.15,22
1503960366,2016-04-12 23:00:00,21,0.35,23
1503960366,2016-04-13 00:00:00,14,0.233333,0
1503960366,2016-04-13 01:00:00,0,0.0,1
1503960366,2016-04-13 02:00:00,0,0.0,2
1503960366,2016-04-13 03:00:00,4,0.066667,3
1503960366,2016-04-13 04:00:00,0,0.0,4
1503960366,2016-04-13 05:00:00,0,0.0,5
1503960366,2016-04-13 06:00:00,0,0.0,6
1503960366,2016-04-13 07:00:00,8,0.133333,7
1503960366,2016-04-13 08:00:00,12,0.2,8
1503960366,2016-04-13 09:00:00,27,0.45,9
1503960366,2016-04-13 10:00:00,15,0.25,10
1503960366,2016-04-13 11:00:00,16,0.266667,11
1503960366,2016-04-13 12:00:00,15,0.25,12
1503960366,2016-04-13 13:00:00,10,0.166667,13
1503960366,2016-04-13 14:00:00,46,0.766667,14
1503960366,2016-04-13 15:00:00,13,0.216667,15
1503960366,2016-04-13 16:00:00,10,0.166667,16
1503960366,2016-04-13 17:00:00,23,0.383333,17
1503960366,2016-04-13 18:00:00,25,0.416667,18
1503960366,2016-04-13 19:00:00,13,0.216667,19
1503960366,2016-04-13 20:00:00,0,0.0,20
1503960366,2016-04-13 21:00:00,0,0.0,21
1503960366,2016-04-13 22:00:00,11,0.183333,22
1503960366,2016-04-13 23:00:00,56,0.933333,23
1503960366,2016-04-14 00:00:00,4,0.066667,0
1503960366,2016-04-14 01:00:00,3,0.05,1
1503960366,2016-04-14 02:00:00,0,0.0,2
1503960366,2016-04-14 03:00:00,0,0.0,3
1503960366,2016-04-14 04:00:00,0,0.0,4
1503960366,2016-04-14 05:00:00,0,0.0,5
1503960366,2016-04-14 06:00:00,0,0.0,6
1503960366,2016-04-14 07:00:00,0,0.0,7
1503960366,2016-04-14 08:00:00,0,0.0,8
1503960366,2016-04-14 09:00:00,14,0.233333,9
1503960366,2016-04-14 10:00:00,23,0.383333,10
1503960366,2016-04-14 11:00:00,7,0.116667,11
1503960366,2016-04-14 12:00:00,18,0.3,12
1503960366,2016-04-14 13:00:00,54,0.9,13
1503960366,2016-04-14 14:00:00,22,0.366667,14
1503960366,2016-04-14 15:00:00,7,0.116667,15
1503960366,2016-04-14 16:00:00,25,0.416667,16
1503960366,2016-04-14 17:00:00,5,0.083333,17
1503960366,2016-04-14 18:00:00,12,0.2,18
1503960366,2016-04-14 19:00:00,1,0.016667,19
1503960366,2016-04-14 20:00:00,24,0.4,20
1503960366,2016-04-14 21:00:00,57,0.95,21
1503960366,2016-04-14 22:00:00,17,0.283333,22
1503960366,2016-04-14 23:00:00,0,0.0,23
1503960366,2016-04-15 00:00:00,6,0.1,0
1503960366,2016-04-15 01:00:00,5,0.083333,1
1503960366,2016-04-15 02:00:00,7,0.116667,2
1503960366,2016-04-15 03:00:00,0,0.0,3
1503960366,2016-04-15 04:00:00,0,0.0,4
1503960366,2016-04-15 05:00:00,1,0.016667,5
1503960366,2016-04-15 06:00:00,0,0.0,6
1503960366,2016-04-15 07:00:00,1,0.016667,7
1503960366,2016-04-15 08:00:00,5,0.083333,8
1503960366,2016-04-15 09:00:00,2,0.033333,9
1503960366,2016-04-15 10:00:00,8,0.133333,10
1503960366,2016-04-15 11:00:00,23,0.383333,11
1503960366,2016-04-15 12:00:00,13,0.216667,12
1503960366,2016-04-15 13:00:00,9,0.15,13
1503960366,2016-04-15 14:00:00,0,0.0,14
1503960366,2016-04-15 15:00:00,0,0.0,15
1503960366,2016-04-15 16:00:00,0,0.0,16
1503960366,2016-04-15 17:00:00,47,0.783333,17
1503960366,2016-04-15 18:00:00,22,0.366667,18
1503960366,2016-04-15 19:00:00,32,0.533333,19
1503960366,2016-04-15 20:00:00,8,0.133333,20
1503960366,2016-04-15 21:00:00,14,0.233333,21
1503960366,2016-04-15 22:00:00,66,1.1,22
1503960366,2016-04-15 23:00:00,95,1.583333,23
1503960366,2016-04-16 00:00:00,15,0.25,0
1503960366,2016-04-16 01:00:00,0,0.0,1
1503960366,2016-04-16 02:00:00,3,0.05,2
1503960366,2016-04-16 03:00:00,1,0.016667,3
1503960366,2016-04-16 04:00:00,1,0.016667,4
1503960366,2016-04-16 05:00:00,1,0.016667,5
1503960366,2016-04-16 06:00:00,0,0.0,6
1503960366,2016-04-16 07:00:00,4,0.066667,7
1503960366,2016-04-16 08:00:00,9,0.15,8
1503960366,2016-04-16 09:00:00,38,0.633333,9
1503960366,2016-04-16 10:00:00,14,0.233333,10
1503960366,2016-04-16 11:00:00,30,0.5,11
1503960366,2016-04-16 12:00:00,42,0.7,12
1503960366,2016-04-16 13:00:00,90,1.5,13
1503960366,2016-04-16 14:00:00,20,0.333333,14
1503960366,2016-04-16 15:00:00,0,0.0,15
1503960366,2016-04-16 16:00:00,2,0.033333,16
1503960366,2016-04-16 17:00:00,17,0.283333,17
1503960366,2016-04-16 18:00:00,10,0.166667,18
1503960366,2016-04-16 19:00:00,12,0.2,19
1503960366,2016-04-16 20:00:00,19,0.316667,20
1503960366,2016-04-16 21:00:00,13,0.216667,21
1503960366,2016-04-16 22:00:00,3,0.05,22
1503960366,2016-04-16 23:00:00,5,0.083333,23
1503960366,2016-04-17 00:00:00,0,0.0,0
1503960366,2016-04-17 01:00:00,0,0.0,1
1503960366,2016-04-17 02:00:00,0,0.0,2
1503960366,2016-04-17 03:00:00,1,0.016667,3
1503960366,2016-04-17 04:00:00,0,0.0,4
1503960366,2016-04-17 05:00:00,0,0.0,5
1503960366,2016-04-17 06:00:00,0,0.0,6
1503960366,2016-04-17 07:00:00,0,0.0,7
1503960366,2016-04-17 08:00:00,0,0.0,8
1503960366,2016-04-17 09:00:00,0,0.0,9
1503960366,2016-04-17 10:00:00,0,0.0,10
1503960366,2016-04-17 11:00:00,9,0.15,11
1503960366,2016-04-17 12:00:00,18,0.3,12
1503960366,2016-04-17 13:00:00,23,0.383333,13
1503960366,2016-04-17 14:00:00,10,0.166667,14
1503960366,2016-04-17 15:00:00,13,0.216667,15
1503960366,2016-04-17 16:00:00,2,0.033333,16
1503960366,2016-04-17 17:00:00,71,1.183333,17
1503960366,2016-04-17 18:00:00,39,0.65,18
1503960366,2016-04-17 19:00:00,24,0.4,19
1503960366,2016-04-17 20:00:00,87,1.45,20
1503960366,2016-04-17 21:00:00,16,0.266667,21
1503960366,2016-04-17 22:00:00,5,0.083333,22
1503960366,2016-04-17 23:00:00,0,0.0,23
1503960366,2016-04-18 00:00:00,21,0.35,0
1503960366,2016-04-18 01:00:00,0,0.0,1
1503960366,2016-04-18 02:00:00,0,0.0,2
1503960366,2016-04-18 03:00:00,0,0.0,3
1503960366,2016-04-18 04:00:00,0,0.0,4
1503960366,2016-04-18 05:00:00,0,0.0,5
1503960366,2016-04-18 06:00:00,0,0.0,6
1503960366,2016-04-18 07:00:00,0,0.0,7
1503960366,2016-04-18 08:00:00,0,0.0,8
1503960366,2016-04-18 09:00:00,39,0.65,9
1503960366,2016-04-18 10:00:00,17,0.283333,10
1503960366,2016-04-18 11:00:00,15,0.25,11
1503960366,2016-04-18 12:00:00,40,0.666667,12
1503960366,2016-04-18 13:00:00,9,0.15,13
1503960366,2016-04-18 14:00:00,7,0.116667,14
1503960366,2016-04-18 15:00:00,14,0.233333,15
1503960366,2016-04-18 16:00:00,17,0.283333,16
1503960366,2016-04-18 17:00:00,18,0.3,17
1503960366,2016-04-18 18:00:00,114,1.9,18
1503960366,2016-04-18 19:00:00,30,0.5,19
1503960366,2016-04-18 20:00:00,2,0.033333,20
1503960366,2016-04-18 21:00:00,11,0.183333,21
1503960366,2016-04-18 22:00:00,19,0.316667,22
1503960366,2016-04-18 23:00:00,18,0.3,23
1503960366,2016-04-19 00:00:00,0,0.0,0
1503960366,2016-04-19 01:00:00,1,0.016667,1
1503960366,2016-04-19 02:00:00,0,0.0,2
1503960366,2016-04-19 03:00:00,2,0.033333,3
1503960366,2016-04-19 04:00:00,0,0.0,4
1503960366,2016-04-19 05:00:00,0,0.0,5
1503960366,2016-04-19 06:00:00,1,0.016667,6
1503960366,2016-04-19 07:00:00,19,0.316667,7
1503960366,2016-04-19 08:00:00,38,0.633333,8
1503960366,2016-04-19 09:00:00,16,0.266667,9
1503960366,2016-04-19 10:00:00,16,0.266667,10
1503960366,2016-04-19 11:00:00,13,0.216667,11
1503960366,2016-04-19 12:00:00,61,1.016667,12
1503960366,2016-04-19 13:00:00,65,1.083333,13
1503960366,2016-04-19 14:00:00,12,0.2,14
1503960366,2016-04-19 15:00:00,12,0.2,15
1503960366,2016-04-19 16:00:00,9,0.15,16
1503960366,2016-04-19 17:00:00,13,0.216667,17
1503960366,2016-04-19 18:00:00,30,0.5,18
1503960366,2016-04-19 19:00:00,31,0.516667,19
1503960366,2016-04-19 20:00:00,69,1.15,20
1503960366,2016-04-19 21:00:00,16,0.266667,21
1503960366,2016-04-19 22:00:00,4,0.066667,22
1503960366,2016-04-19 23:00:00,48,0.8,23
1503960366,2016-04-20 00:00:00,2,0.033333,0
1503960366,2016-04-20 01:00:00,2,0.033333,1
1503960366,2016-04-20 02:00:00,0,0.0,2
1503960366,2016-04-20 03:00:00,0,0.0,3
1503960366,2016-04-20 04:00:00,0,0.0,4
1503960366,2016-04-20 05:00:00,0,0.0,5
1503960366,2016-04-20 06:00:00,0,0.0,6
1503960366,2016-04-20 07:00:00,3,0.05,7
1503960366,2016-04-20 08:00:00,14,0.233333,8
1503960366,2016-04-20 09:00:00,50,0.833333,9
1503960366,2016-04-20 10:00:00,13,0.216667,10
1503960366,2016-04-20 11:00:00,1,0.016667,11
1503960366,2016-04-20 12:00:00,8,0.133333,12
1503960366,2016-04-20 13:00:00,5,0.083333,13
1503960366,2016-04-20 14:00:00,39,0.65,14
1503960366,2016-04-20 15:00:00,21,0.35,15
1503960366,2016-04-20 16:00:00,11,0.183333,16
1503960366,2016-04-20 17:00:00,2,0.033333,17
1503960366,2016-04-20 18:00:00,32,0.533333,18
1503960366,2016-04-20 19:00:00,36,0.6,19
1503960366,2016-04-20 20:00:00,12,0.2,20
1503960366,2016-04-20 21:00:00,22,0.366667,21
1503960366,2016-04-20 22:00:00,7,0.116667,22
1503960366,2016-04-20 23:00:00,33,0.55,23
1503960366,2016-04-21 00:00:00,2,0.033333,0
1503960366,2016-04-21 01:00:00,8,0.133333,1
1503960366,2016-04-21 02:00:00,5,0.083333,2
1503960366,2016-04-21 03:00:00,0,0.0,3
1503960366,2016-04-21 04:00:00,0,0.0,4
1503960366,2016-04-21 05:00:00,0,0.0,5
1503960366,2016-04-21 06:00:00,0,0.0,6
1503960366,2016-04-21 07:00:00,3,0.05,7
1503960366,2016-04-21 08:00:00,15,0.25,8
1503960366,2016-04-21 09:00:00,26,0.433333,9
1503960366,2016-04-21 10:00:00,16,0.266667,10
1503960366,2016-04-21 11:00:00,0,0.0,11
1503960366,2016-04-21 12:00:00,11,0.183333,12
1503960366,2016-04-21 13:00:00,25,0.416667,13
1503960366,2016-04-21 14:00:00,2,0.033333,14
1503960366,2016-04-21 15:00:00,8,0.133333,15
1503960366,2016-04-21 16:00:00,4,0.066667,16
1503960366,2016-04-21 17:00:00,5,0.083333,17
1503960366,2016-04-21 18:00:00,9,0.15,18
1503960366,2016-04-21 19:00:00,8,0.133333,19
1503960366,2016-04-21 20:00:00,92,1.533333,20
1503960366,2016-04-21 21:00:00,21,0.35,21
1503960366,2016-04-21 22:00:00,9,0.15,22
1503960366,2016-04-21 23:00:00,15,0.25,23
1503960366,2016-04-22 00:00:00,0,0.0,0
1503960366,2016-04-22 01:00:00,0,0.0,1
1503960366,2016-04-22 02:00:00,0,0.0,2
1503960366,2016-04-22 03:00:00,0,0.0,3
1503960366,2016-04-22 04:00:00,0,0.0,4
1503960366,2016-04-22 05:00:00,0,0.0,5
1503960366,2016-04-22 06:00:00,0,0.0,6
1503960366,2016-04-22 07:00:00,0,0.0,7
1503960366,2016-04-22 08:00:00,0,0.0,8
1503960366,2016-04-22 09:00:00,13,0.216667,9
1503960366,2016-04-22 10:00:00,2,0.033333,10
1503960366,2016-04-22 11:00:00,34,0.566667,11
1503960366,2016-04-22 12:00:00,2,0.033333,12
1503960366,2016-04-22 13:00:00,4,0.066667,13
1503960366,2016-04-22 14:00:00,0,0.0,14
1503960366,2016-04-22 15:00:00,10,0.166667,15
1503960366,2016-04-22 16:00:00,4,0.066667,16
1503960366,2016-04-22 17:00:00,18,0.3,17
1503960366,2016-04-22 18:00:00,23,0.383333,18
1503960366,2016-04-22 19:00:00,16,0.266667,19
1503960366,2016-04-22 20:00:00,13,0.216667,20
1503960366,2016-04-22 21:00:00,159,2.65,21
1503960366,2016-04-22 22:00:00,30,0.5,22
1503960366,2016-04-22 23:00:00,54,0.9,23
1503960366,2016-04-23 00:00:00,9,0.15,0
1503960366,2016-04-23 01:00:00,0,0.0,1
1503960366,2016-04-23 02:00:00,1,0.016667,2
1503960366,2016-04-23 03:00:00,0,0.0,3
1503960366,2016-04-23 04:00:00,0,0.0,4
1503960366,2016-04-23 05:00:00,0,0.0,5
1503960366,2016-04-23 06:00:00,2,0.033333,6
1503960366,2016-04-23 07:00:00,0,0.0,7
1503960366,2016-04-23 08:00:00,8,0.133333,8
1503960366,2016-04-23 09:00:00,17,0.283333,9
1503960366,2016-04-23 10:00:00,4,0.066667,10
1503960366,2016-04-23 11:00:00,11,0.183333,11
1503960366,2016-04-23 12:00:00,49,0.816667,12
1503960366,2016-04-23 13:00:00,51,0.85,13
1503960366,2016-04-23 14:00:00,20,0.333333,14
1503960366,2016-04-23 15:00:00,15,0.25,15
1503960366,2016-04-23 16:00:00,52,0.866667,16
1503960366,2016-04-23 17:00:00,26,0.433333,17
1503960366,2016-04-23 18:00:00,66,1.1,18
1503960366,2016-04-23 19:00:00,2,0.033333,19
1503960366,2016-04-23 20:00:00,9,0.15,20
1503960366,2016-04-23 21:00:00,54,0.9,21
1503960366,2016-04-23 22:00:00,25,0.416667,22
1503960366,2016-04-23 23:00:00,6,0.1,23
1503960366,2016-04-24 00:00:00,10,0.166667,0
1503960366,2016-04-24 01:00:00,2,0.033333,1
1503960366,2016-04-24 02:00:00,0,0.0,2
1503960366,2016-04-24 03:00:00,0,0.0,3
1503960366,2016-04-24 04:00:00,1,0.016667,4
1503960366,2016-04-24 05:00:00,0,0.0,5
1503960366,2016-04-24 06:00:00,1,0.016667,6
1503960366,2016-04-24 07:00:00,0,0.0,7
1503960366,2016-04-24 08:00:00,1,0.016667,8
1503960366,2016-04-24 09:00:00,8,0.133333,9
1503960366,2016-04-24 10:00:00,26,0.433333,10
1503960366,2016-04-24 11:00:00,12,0.2,11
1503960366,2016-04-24 12:00:00,12,0.2,12
1503960366,2016-04-24 13:00:00,12,0.2,13
1503960366,2016-04-24 14:00:00,1,0.016667,14
1503960366,2016-04-24 15:00:00,2,0.033333,15
1503960366,2016-04-24 16:00:00,29,0.483333,16
1503960366,2016-04-24 17:00:00,25,0.416667,17
1503960366,2016-04-24 18:00:00,40,0.666667,18
1503960366,2016-04-24 19:00:00,131,2.183333,19
1503960366,2016-04-24 20:00:00,18,0.3,20
1503960366,2016-04-24 21:00:00,17,0.283333,21
1503960366,2016-04-24 22:00:00,7,0.116667,22
1503960366,2016-04-24 23:00:00,10,0.166667,23
1503960366,2016-04-25 00:00:00,8,0.133333,0
1503960366,2016-04-25 01:00:00,3,0.05,1
1503960366,2016-04-25 02:00:00,6,0.1,2
1503960366,2016-04-25 03:00:00,0,0.0,3
1503960366,2016-04-25 04:00:00,2,0.033333,4
1503960366,2016-04-25 05:00:00,1,0.016667,5
1503960366,2016-04-25 06:00:00,0,0.0,6
1503960366,2016-04-25 07:00:00,3,0.05,7
1503960366,2016-04-25 08:00:00,22,0.366667,8
1503960366,2016-04-25 09:00:00,46,0.766667,9
1503960366,2016-04-25 10:00:00,12,0.2,10
1503960366,2016-04-25 11:00:00,24,0.4,11
1503960366,2016-04-25 12:00:00,19,0.316667,12
1503960366,2016-04-25 13:00:00,13,0.216667,13
1503960366,2016-04-25 14:00:00,5,0.083333,14
1503960366,2016-04-25 15:00:00,13,0.216667,15
1503960366,2016-04-25 16:00:00,10,0.166667,16
1503960366,2016-04-25 17:00:00,8,0.133333,17
1503960366,2016-04-25 18:00:00,6,0.1,18
1503960366,2016-04-25 19:00:00,86,1.433333,19
1503960366,2016-04-25 20:00:00,30,0.5,20
1503960366,2016-04-25 21:00:00,132,2.2,21
1503960366,2016-04-25 22:00:00,11,0.183333,22
1503960366,2016-04-25 23:00:00,3,0.05,23
1503960366,2016-04-26 00:00:00,4,0.066667,0
1503960366,2016-04-26 01:00:00,11,0.183333,1
1503960366,2016-04-26 02:00:00,0,0.0,2
1503960366,2016-04-26 03:00:00,11,0.183333,3
1503960366,2016-04-26 04:00:00,0,0.0,4
1503960366,2016-04-26 05:00:00,1,0.016667,5
1503960366,2016-04-26 06:00:00,0,0.0,6
1503960366,2016-04-26 07:00:00,3,0.05,7
1503960366,2016-04-26 08:00:00,13,0.216667,8
1503960366,2016-04-26 09:00:00,31,0.516667,9
1503960366,2016-04-26 10:00:00,22,0.366667,10
1503960366,2016-04-26 11:00:00,17,0.283333,11
1503960366,2016-04-26 12:00:00,10,0.166667,12
1503960366,2016-04-26 13:00:00,42,0.7,13
1503960366,2016-04-26 14:00:00,60,1.0,14
1503960366,2016-04-26 15:00:00,9,0.15,15
1503960366,2016-04-26 16:00:00,22,0.366667,16
1503960366,2016-04-26 17:00:00,5,0.083333,17
1503960366,2016-04-26 18:00:00,72,1.2,18
1503960366,2016-04-26 19:00:00,15,0.25,19
1503960366,2016-04-26 20:00:00,26,0.433333,20
1503960366,2016-04-26 21:00:00,14,0.233333,21
1503960366,2016-04-26 22:00:00,9,0.15,22
1503960366,2016-04-26 23:00:00,21,0.35,23
1503960366,2016-04-27 00:00:00,10,0.166667,0
1503960366,2016-04-27 01:00:00,5,0.083333,1
1503960366,2016-04-27 02:00:00,2,0.033333,2
1503960366,2016-04-27 03:00:00,0,0.0,3
1503960366,2016-04-27 04:00:00,0,0.0,4
1503960366,2016-04-27 05:00:00,0,0.0,5
1503960366,2016-04-27 06:00:00,0,0.0,6
1503960366,2016-04-27 07:00:00,0,0.0,7
1503960366,2016-04-27 08:00:00,0,0.0,8
1503960366,2016-04-27 09:00:00,33,0.55,9
1503960366,2016-04-27 10:00:00,27,0.45,10
1503960366,2016-04-27 11:00:00,23,0.383333,11
1503960366,2016-04-27 12:00:00,12,0.2,12
1503960366,2016-04-27 13:00:00,13,0.216667,13
1503960366,2016-04-27 14:00:00,35,0.583333,14
1503960366,2016-04-27 15:00:00,6,0.1,15
1503960366,2016-04-27 16:00:00,7,0.116667,16
1503960366,2016-04-27 17:00:00,13,0.216667,17
1503960366,2016-04-27 18:00:00,73,1.216667,18
1503960366,2016-04-27 19:00:00,150,2.5,19
1503960366,2016-04-27 20:00:00,70,1.166667,20
1503960366,2016-04-27 21:00:00,20,0.333333,21
1503960366,2016-04-27 22:00:00,0,0.0,22
1503960366,2016-04-27 23:00:00,0,0.0,23
1503960366,2016-04-28 00:00:00,0,0.0,0
1503960366,2016-04-28 01:00:00,10,0.166667,1
1503960366,2016-04-28 02:00:00,0,0.0,2
1503960366,2016-04-28 03:00:00,0,0.0,3
1503960366,2016-04-28 04:00:00,0,0.0,4
1503960366,2016-04-28 05:00:00,0,0.0,5
1503960366,2016-04-28 06:00:00,0,0.0,6
1503960366,2016-04-28 07:00:00,1,0.016667,7
1503960366,2016-04-28 08:00:00,11,0.183333,8
1503960366,2016-04-28 09:00:00,38,0.633333,9
1503960366,2016-04-28 10:00:00,19,0.316667,10
1503960366,2016-04-28 11:00:00,10,0.166667,11
1503960366,2016-04-28 12:00:00,16,0.266667,12
1503960366,2016-04-28 13:00:00,33,0.55,13
1503960366,2016-04-28 14:00:00,47,0.783333,14
1503960366,2016-04-28 15:00:00,5,0.083333,15
1503960366,2016-04-28 16:00:00,10,0.166667,16
1503960366,2016-04-28 17:00:00,11,0.183333,17
1503960366,2016-04-28 18:00:00,56,0.933333,18
1503960366,2016-04-28 19:00:00,1,0.016667,19
1503960366,2016-04-28 20:00:00,50,0.833333,20
1503960366,2016-04-28 21:00:00,21,0.35,21
1503960366,2016-04-28 22:00:00,2,0.033333,22
1503960366,2016-04-28 23:00:00,48,0.8,23
1503960366,2016-04-29 00:00:00,9,0.15,0
1503960366,2016-04-29 01:00:00,0,0.0,1
1503960366,2016-04-29 02:00:00,4,0.066667,2
1503960366,2016-04-29 03:00:00,0,0.0,3
1503960366,2016-04-29 04:00:00,0,0.0,4
1503960366,2016-04-29 05:00:00,0,0.0,5
1503960366,2016-04-29 06:00:00,0,0.0,6
1503960366,2016-04-29 07:00:00,3,0.05,7
1503960366,2016-04-29 08:00:00,13,0.216667,8
1503960366,2016-04-29 09:00:00,33,0.55,9
1503960366,2016-04-29 10:00:00,4,0.066667,10
1503960366,2016-04-29 11:00:00,4,0.066667,11
1503960366,2016-04-29 12:00:00,6,0.1,12
1503960366,2016-04-29 13:00:00,6,0.1,13
1503960366,2016-04-29 14:00:00,56,0.933333,14
1503960366,2016-04-29 15:00:00,23,0.383333,15
1503960366,2016-04-29 16:00:00,10,0.166667,16
1503960366,2016-04-29 17:00:00,9,0.15,17
1503960366,2016-04-29 18:00:00,5,0.083333,18
1503960366,2016-04-29 19:00:00,11,0.183333,19
1503960366,2016-04-29 20:00:00,16,0.266667,20
1503960366,2016-04-29 21:00:00,20,0.333333,21
1503960366,2016-04-29 22:00:00,27,0.45,22
1503960366,2016-04-29 23:00:00,56,0.933333,23
1503960366,2016-04-30 00:00:00,1,0.016667,0
1503960366,2016-04-30 01:00:00,7,0.116667,1
1503960366,2016-04-30 02:00:00,0,0.0,2
1503960366,2016-04-30 03:00:00,1,0.016667,3
1503960366,2016-04-30 04:00:00,0,0.0,4
1503960366,2016-04-30 05:00:00,0,0.0,5
1503960366,2016-04-30 06:00:00,0,0.0,6
1503960366,2016-04-30 07:00:00,0,0.0,7
1503960366,2016-04-30 08:00:00,3,0.05,8
1503960366,2016-04-30 09:00:00,11,0.183333,9
1503960366,2016-04-30 10:00:00,17,0.283333,10
1503960366,2016-04-30 11:00:00,7,0.116667,11
1503960366,2016-04-30 12:00:00,4,0.066667,12
1503960366,2016-04-30 13:00:00,11,0.183333,13
1503960366,2016-04-30 14:00:00,22,0.366667,14
1503960366,2016-04-30 15:00:00,26,0.433333,15
1503960366,2016-04-30 16:00:00,99,1.65,16
1503960366,2016-04-30 17:00:00,55,0.916667,17
1503960366,2016-04-30 18:00:00,71,1.183333,18
1503960366,2016-04-30 19:00:00,4,0.066667,19
1503960366,2016-04-30 20:00:00,5,0.083333,20
1503960366,2016-04-30 21:00:00,22,0.366667,21
1503960366,2016-04-30 22:00:00,47,0.783333,22
1503960366,2016-04-30 23:00:00,28,0.466667,23
1503960366,2016-05-01 00:00:00,9,0.15,0
1503960366,2016-05-01 01:00:00,8,0.133333,1
1503960366,2016-05-01 02:00:00,2,0.033333,2
1503960366,2016-05-01 03:00:00,1,0.016667,3
1503960366,2016-05-01 04:00:00,0,0.0,4
1503960366,2016-05-01 05:00:00,0,0.0,5
1503960366,2016-05-01 06:00:00,0,0.0,6
1503960366,2016-05-01 07:00:00,3,0.05,7
1503960366,2016-05-01 08:00:00,6,0.1,8
1503960366,2016-05-01 09:00:00,12,0.2,9
1503960366,2016-05-01 10:00:00,6,0.1,10
1503960366,2016-05-01 11:00:00,10,0.166667,11
1503960366,2016-05-01 12:00:00,10,0.166667,12
1503960366,2016-05-01 13:00:00,5,0.083333,13
1503960366,2016-05-01 14:00:00,25,0.416667,14
1503960366,2016-05-01 15:00:00,21,0.35,15
1503960366,2016-05-01 16:00:00,23,0.383333,16
1503960366,2016-05-01 17:00:00,33,0.55,17
1503960366,2016-05-01 18:00:00,70,1.166667,18
1503960366,2016-05-01 19:00:00,14,0.233333,19
1503960366,2016-05-01 20:00:00,6,0.1,20
1503960366,2016-05-01 21:00:00,25,0.416667,21
1503960366,2016-05-01 22:00:00,50,0.833333,22
1503960366,2016-05-01 23:00:00,76,1.266667,23
1503960366,2016-05-02 00:00:00,0,0.0,0
1503960366,2016-05-02 01:00:00,7,0.116667,1
1503960366,2016-05-02 02:00:00,0,0.0,2
1503960366,2016-05-02 03:00:00,1,0.016667,3
1503960366,2016-05-02 04:00:00,0,0.0,4
1503960366,2016-05-02 05:00:00,0,0.0,5
1503960366,2016-05-02 06:00:00,0,0.0,6
1503960366,2016-05-02 07:00:00,3,0.05,7
1503960366,2016-05-02 08:00:00,12,0.2,8
1503960366,2016-05-02 09:00:00,30,0.5,9
1503960366,2016-05-02 10:00:00,19,0.316667,10
1503960366,2016-05-02 11:00:00,16,0.266667,11
1503960366,2016-05-02 12:00:00,64,1.066667,12
1503960366,2016-05-02 13:00:00,21,0.35,13
1503960366,2016-05-02 14:00:00,13,0.216667,14
1503960366,2016-05-02 15:00:00,11,0.183333,15
1503960366,2016-05-02 16:00:00,24,0.4,16
1503960366,2016-05-02 17:00:00,12,0.2,17
1503960366,2016-05-02 18:00:00,9,0.15,18
1503960366,2016-05-02 19:00:00,13,0.216667,19
1503960366,2016-05-02 20:00:00,105,1.75,20
1503960366,2016-05-02 21:00:00,25,0.416667,21
1503960366,2016-05-02 22:00:00,28,0.466667,22
1503960366,2016-05-02 23:00:00,17,0.283333,23
1503960366,2016-05-03 00:00:00,3,0.05,0
1503960366,2016-05-03 01:00:00,6,0.1,1
1503960366,2016-05-03 02:00:00,1,0.016667,2
1503960366,2016-05-03 03:00:00,5,0.083333,3
1503960366,2016-05-03 04:00:00,0,0.0,4
1503960366,2016-05-03 05:00:00,0,0.0,5
1503960366,2016-05-03 06:00:00,2,0.033333,6
1503960366,2016-05-03 07:00:00,3,0.05,7
1503960366,2016-05-03 08:00:00,11,0.183333,8
1503960366,2016-05-03 09:00:00,24,0.4,9
1503960366,2016-05-03 10:00:00,25,0.416667,10
1503960366,2016-05-03 11:00:00,12,0.2,11
1503960366,2016-05-03 12:00:00,17,0.283333,12
1503960366,2016-05-03 13:00:00,23,0.383333,13
1503960366,2016-05-03 14:00:00,26,0.433333,14
1503960366,2016-05-03 15:00:00,46,0.766667,15
1503960366,2016-05-03 16:00:00,33,0.55,16
1503960366,2016-05-03 17:00:00,18,0.3,17
1503960366,2016-05-03 18:00:00,86,1.433333,18
1503960366,2016-05-03 19:00:00,5,0.083333,19
1503960366,2016-05-03 20:00:00,1,0.016667,20
1503960366,2016-05-03 21:00:00,37,0.616667,21
1503960366,2016-05-03 22:00:00,58,0.966667,22
1503960366,2016-05-03 23:00:00,10,0.166667,23
1503960366,2016-05-04 00:00:00,17,0.283333,0
1503960366,2016-05-04 01:00:00,2,0.033333,1
1503960366,2016-05-04 02:00:00,0,0.0,2
1503960366,2016-05-04 03:00:00,0,0.0,3
1503960366,2016-05-04 04:00:00,0,0.0,4
1503960366,2016-05-04 05:00:00,0,0.0,5
1503960366,2016-05-04 06:00:00,0,0.0,6
1503960366,2016-05-04 07:00:00,0,0.0,7
1503960366,2016-05-04 08:00:00,4,0.066667,8
1503960366,2016-05-04 09:00:00,22,0.366667,9
1503960366,2016-05-04 10:00:00,26,0.433333,10
1503960366,2016-05-04 11:00:00,7,0.116667,11
1503960366,2016-05-04 12:00:00,12,0.2,12
1503960366,2016-05-04 13:00:00,16,0.266667,13
1503960366,2016-05-04 14:00:00,67,1.116667,14
1503960366,2016-05-04 15:00:00,7,0.116667,15
1503960366,2016-05-04 16:00:00,6,0.1,16
1503960366,2016-05-04 17:00:00,11,0.183333,17
1503960366,2016-05-04 18:00:00,62,1.033333,18
1503960366,2016-05-04 19:00:00,19,0.316667,19
1503960366,2016-05-04 20:00:00,30,0.5,20
1503960366,2016-05-04 21:00:00,39,0.65,21
1503960366,2016-05-04 22:00:00,8,0.133333,22
1503960366,2016-05-04 23:00:00,0,0.0,23
1503960366,2016-05-05 00:00:00,6,0.1,0
1503960366,2016-05-05 01:00:00,6,0.1,1
1503960366,2016-05-05 02:00:00,2,0.033333,2
1503960366,2016-05-05 03:00:00,0,0.0,3
1503960366,2016-05-05 04:00:00,4,0.066667,4
1503960366,2016-05-05 05:00:00,0,0.0,5
1503960366,2016-05-05 06:00:00,1,0.016667,6
1503960366,2016-05-05 07:00:00,3,0.05,7
1503960366,2016-05-05 08:00:00,10,0.166667,8
1503960366,2016-05-05 09:00:00,26,0.433333,9
1503960366,2016-05-05 10:00:00,15,0.25,10
1503960366,2016-05-05 11:00:00,4,0.066667,11
1503960366,2016-05-05 12:00:00,13,0.216667,12
1503960366,2016-05-05 13:00:00,21,0.35,13
1503960366,2016-05-05 14:00:00,12,0.2,14
1503960366,2016-05-05 15:00:00,14,0.233333,15
1503960366,2016-05-05 16:00:00,21,0.35,16
1503960366,2016-05-05 17:00:00,70,1.166667,17
1503960366,2016-05-05 18:00:00,30,0.5,18
1503960366,2016-05-05 19:00:00,20,0.333333,19
1503960366,2016-05-05 20:00:00,19,0.316667,20
1503960366,2016-05-05 21:00:00,113,1.883333,21
1503960366,2016-05-05 22:00:00,17,0.283333,22
1503960366,2016-05-05 23:00:00,6,0.1,23
1503960366,2016-05-06 00:00:00,12,0.2,0
1503960366,2016-05-06 01:00:00,1,0.016667,1
1503960366,2016-05-06 02:00:00,7,0.116667,2
1503960366,2016-05-06 03:00:00,0,0.0,3
1503960366,2016-05-06 04:00:00,1,0.016667,4
1503960366,2016-05-06 05:00:00,0,0.0,5
1503960366,2016-05-06 06:00:00,0,0.0,6
1503960366,2016-05-06 07:00:00,3,0.05,7
1503960366,2016-05-06 08:00:00,9,0.15,8
1503960366,2016-05-06 09:00:00,29,0.483333,9
1503960366,2016-05-06 10:00:00,20,0.333333,10
1503960366,2016-05-06 11:00:00,6,0.1,11
1503960366,2016-05-06 12:00:00,13,0.216667,12
1503960366,2016-05-06 13:00:00,10,0.166667,13
1503960366,2016-05-06 14:00:00,15,0.25,14
1503960366,2016-05-06 15:00:00,27,0.45,15
1503960366,2016-05-06 16:00:00,17,0.283333,16
1503960366,2016-05-06 17:00:00,13,0.216667,17
1503960366,2016-05-06 18:00:00,28,0.466667,18
1503960366,2016-05-06 19:00:00,55,0.916667,19
1503960366,2016-05-06 20:00:00,16,0.266667,20
1503960366,2016-05-06 21:00:00,20,0.333333,21
1503960366,2016-05-06 22:00:00,19,0.316667,22
1503960366,2016-05-06 23:00:00,52,0.866667,23
1503960366,2016-05-07 00:00:00,9,0.15,0
1503960366,2016-05-07 01:00:00,0,0.0,1
1503960366,2016-05-07 02:00:00,2,0.033333,2
1503960366,2016-05-07 03:00:00,0,0.0,3
1503960366,2016-05-07 04:00:00,0,0.0,4
1503960366,2016-05-07 05:00:00,0,0.0,5
1503960366,2016-05-07 06:00:00,0,0.0,6
1503960366,2016-05-07 07:00:00,0,0.0,7
1503960366,2016-05-07 08:00:00,9,0.15,8
1503960366,2016-05-07 09:00:00,7,0.116667,9
1503960366,2016-05-07 10:00:00,46,0.766667,10
1503960366,2016-05-07 11:00:00,59,0.983333,11
1503960366,2016-05-07 12:00:00,6,0.1,12
1503960366,2016-05-07 13:00:00,2,0.033333,13
1503960366,2016-05-07 14:00:00,9,0.15,14
1503960366,2016-05-07 15:00:00,4,0.066667,15
1503960366,2016-05-07 16:00:00,10,0.166667,16
1503960366,2016-05-07 17:00:00,6,0.1,17
1503960366,2016-05-07 18:00:00,13,0.216667,18
1503960366,2016-05-07 19:00:00,21,0.35,19
1503960366,2016-05-07 20:00:00,3,0.05,20
1503960366,2016-05-07 21:00:00,61,1.016667,21
1503960366,2016-05-07 22:00:00,108,1.8,22
1503960366,2016-05-07 23:00:00,3,0.05,23
1503960366,2016-05-08 00:00:00,8,0.133333,0
1503960366,2016-05-08 01:00:00,0,0.0,1
1503960366,2016-05-08 02:00:00,0,0.0,2
1503960366,2016-05-08 03:00:00,0,0.0,3
1503960366,2016-05-08 04:00:00,1,0.016667,4
1503960366,2016-05-08 05:00:00,0,0.0,5
1503960366,2016-05-08 06:00:00,1,0.016667,6
1503960366,2016-05-08 07:00:00,0,0.0,7
1503960366,2016-05-08 08:00:00,0,0.0,8
1503960366,2016-05-08 09:00:00,0,0.0,9
1503960366,2016-05-08 10:00:00,0,0.0,10
1503960366,2016-05-08 11:00:00,0,0.0,11
1503960366,2016-05-08 12:00:00,22,0.366667,12
1503960366,2016-05-08 13:00:00,8,0.133333,13
1503960366,2016-05-08 14:00:00,30,0.5,14
1503960366,2016-05-08 15:00:00,10,0.166667,15
1503960366,2016-05-08 16:00:00,5,0.083333,16
1503960366,2016-05-08 17:00:00,14,0.233333,17
1503960366,2016-05-08 18:00:00,115,1.916667,18
1503960366,2016-05-08 19:00:00,36,0.6,19
1503960366,2016-05-08 20:00:00,28,0.466667,20
1503960366,2016-05-08 21:00:00,33,0.55,21
1503960366,2016-05-08 22:00:00,29,0.483333,22
1503960366,2016-05-08 23:00:00,11,0.183333,23
1503960366,2016-05-09 00:00:00,9,0.15,0
1503960366,2016-05-09 01:00:00,0,0.0,1
1503960366,2016-05-09 02:00:00,0,0.0,2
1503960366,2016-05-09 03:00:00,0,0.0,3
1503960366,2016-05-09 04:00:00,0,0.0,4
1503960366,2016-05-09 05:00:00,1,0.016667,5
1503960366,2016-05-09 06:00:00,22,0.366667,6
1503960366,2016-05-09 07:00:00,6,0.1,7
1503960366,2016-05-09 08:00:00,3,0.05,8
1503960366,2016-05-09 09:00:00,3,0.05,9
1503960366,2016-05-09 10:00:00,10,0.166667,10
1503960366,2016-05-09 11:00:00,6,0.1,11
1503960366,2016-05-09 12:00:00,12,0.2,12
1503960366,2016-05-09 13:00:00,1,0.016667,13
1503960366,2016-05-09 14:00:00,0,0.0,14
1503960366,2016-05-09 15:00:00,1,0.016667,15
1503960366,2016-05-09 16:00:00,75,1.25,16
1503960366,2016-05-09 17:00:00,37,0.616667,17
1503960366,2016-05-09 18:00:00,25,0.416667,18
1503960366,2016-05-09 19:00:00,39,0.65,19
1503960366,2016-05-09 20:00:00,43,0.716667,20
1503960366,2016-05-09 21:00:00,73,1.216667,21
1503960366,2016-05-09 22:00:00,0,0.0,22
1503960366,2016-05-09 23:00:00,0,0.0,23
1503960366,2016-05-10 00:00:00,0,0.0,0
1503960366,2016-05-10 01:00:00,6,0.1,1
1503960366,2016-05-10 02:00:00,0,0.0,2
1503960366,2016-05-10 03:00:00,0,0.0,3
1503960366,2016-05-10 04:00:00,0,0.0,4
1503960366,2016-05-10 05:00:00,0,0.0,5
1503960366,2016-05-10 06:00:00,0,0.0,6
1503960366,2016-05-10 07:00:00,4,0.066667,7
1503960366,2016-05-10 08:00:00,11,0.183333,8
1503960366,2016-05-10 09:00:00,24,0.4,9
1503960366,2016-05-10 10:00:00,16,0.266667,10
1503960366,2016-05-10 11:00:00,35,0.583333,11
1503960366,2016-05-10 12:00:00,6,0.1,12
1503960366,2016-05-10 13:00:00,14,0.233333,13
1503960366,2016-05-10 14:00:00,8,0.133333,14
1503960366,2016-05-10 15:00:00,36,0.6,15
1503960366,2016-05-10 16:00:00,22,0.366667,16
1503960366,2016-05-10 17:00:00,17,0.283333,17
1503960366,2016-05-10 18:00:00,69,1.15,18
1503960366,2016-05-10 19:00:00,51,0.85,19
1503960366,2016-05-10 20:00:00,73,1.216667,20
1503960366,2016-05-10 21:00:00,19,0.316667,21
1503960366,2016-05-10 22:00:00,0,0.0,22
1503960366,2016-05-10 23:00:00,3,0.05,23
1503960366,2016-05-11 00:00:00,14,0.233333,0
1503960366,2016-05-11 01:00:00,4,0.066667,1
1503960366,2016-05-11 02:00:00,4,0.066667,2
1503960366,2016-05-11 03:00:00,1,0.016667,3
1503960366,2016-05-11 04:00:00,0,0.0,4
1503960366,2016-05-11 05:00:00,0,0.0,5
1503960366,2016-05-11 06:00:00,0,0.0,6
1503960366,2016-05-11 07:00:00,5,0.083333,7
1503960366,2016-05-11 08:00:00,21,0.35,8
1503960366,2016-05-11 09:00:00,32,0.533333,9
1503960366,2016-05-11 10:00:00,19,0.316667,10
1503960366,2016-05-11 11:00:00,15,0.25,11
1503960366,2016-05-11 12:00:00,6,0.1,12
1503960366,2016-05-11 13:00:00,23,0.383333,13
1503960366,2016-05-11 14:00:00,52,0.866667,14
1503960366,2016-05-11 15:00:00,9,0.15,15
1503960366,2016-05-11 16:00:00,7,0.116667,16
1503960366,2016-05-11 17:00:00,7,0.116667,17
1503960366,2016-05-11 18:00:00,102,1.7,18
1503960366,2016-05-11 19:00:00,30,0.5,19
1503960366,2016-05-11 20:00:00,42,0.7,20
1624580081,2016-04-12 00:00:00,4,0.066667,0
1624580081,2016-04-12 01:00:00,1,0.016667,1
1624580081,2016-04-12 02:00:00,0,0.0,2
1624580081,2016-04-12 03:00:00,1,0.016667,3
1624580081,2016-04-12 04:00:00,0,0.0,4
1624580081,2016-04-12 05:00:00,0,0.0,5
1624580081,2016-04-12 06:00:00,0,0.0,6
1624580081,2016-04-12 07:00:00,0,0.0,7
1624580081,2016-04-12 08:00:00,1,0.016667,8
1624580081,2016-04-12 09:00:00,18,0.3,9
1624580081,2016-04-12 10:00:00,60,1.0,10
1624580081,2016-04-12 11:00:00,4,0.066667,11
1624580081,2016-04-12 12:00:00,5,0.083333,12
1624580081,2016-04-12 13:00:00,2,0.033333,13
1624580081,2016-04-12 14:00:00,3,0.05,14
1624580081,2016-04-12 15:00:00,2,0.033333,15
1624580081,2016-04-12 16:00:00,2,0.033333,16
1624580081,2016-04-12 17:00:00,6,0.1,17
1624580081,2016-04-12 18:00:00,7,0.116667,18
1624580081,2016-04-12 19:00:00,12,0.2,19
1624580081,2016-04-12 20:00:00,6,0.1,20
1624580081,2016-04-12 21:00:00,0,0.0,21
1624580081,2016-04-12 22:00:00,0,0.0,22
1624580081,2016-04-12 23:00:00,12,0.2,23
1624580081,2016-04-13 00:00:00,6,0.1,0
1624580081,2016-04-13 01:00:00,1,0.016667,1
1624580081,2016-04-13 02:00:00,0,0.0,2
1624580081,2016-04-13 03:00:00,0,0.0,3
1624580081,2016-04-13 04:00:00,0,0.0,4
1624580081,2016-04-13 05:00:00,0,0.0,5
1624580081,2016-04-13 06:00:00,0,0.0,6
1624580081,2016-04-13 07:00:00,0,0.0,7
1624580081,2016-04-13 08:00:00,1,0.016667,8
1624580081,2016-04-13 09:00:00,29,0.483333,9
1624580081,2016-04-13 10:00:00,45,0.75,10
1624580081,2016-04-13 11:00:00,12,0.2,11
1624580081,2016-04-13 12:00:00,6,0.1,12
1624580081,2016-04-13 13:00:00,0,0.0,13
1624580081,2016-04-13 14:00:00,4,0.066667,14
1624580081,2016-04-13 15:00:00,0,0.0,15
1624580081,2016-04-13 16:00:00,5,0.083333,16
1624580081,2016-04-13 17:00:00,5,0.083333,17
1624580081,2016-04-13 18:00:00,17,0.283333,18
1624580081,2016-04-13 19:00:00,1,0.016667,19
1624580081,2016-04-13 20:00:00,3,0.05,20
1624580081,2016-04-13 21:00:00,11,0.183333,21
1624580081,2016-04-13 22:00:00,0,0.0,22
1624580081,2016-04-13 23:00:00,2,0.033333,23
1624580081,2016-04-14 00:00:00,1,0.016667,0
1624580081,2016-04-14 01:00:00,0,0.0,1
1624580081,2016-04-14 02:00:00,1,0.016667,2
1624580081,2016-04-14 03:00:00,0,0.0,3
1624580081,2016-04-14 04:00:00,0,0.0,4
1624580081,2016-04-14 05:00:00,0,0.0,5
1624580081,2016-04-14 06:00:00,0,0.0,6
1624580081,2016-04-14 07:00:00,1,0.016667,7
1624580081,2016-04-14 08:00:00,31,0.516667,8
1624580081,2016-04-14 09:00:00,45,0.75,9
1624580081,2016-04-14 10:00:00,7,0.116667,10
1624580081,2016-04-14 11:00:00,18,0.3,11
1624580081,2016-04-14 12:00:00,2,0.033333,12
1624580081,2016-04-14 13:00:00,0,0.0,13
1624580081,2016-04-14 14:00:00,3,0.05,14
1624580081,2016-04-14 15:00:00,3,0.05,15
1624580081,2016-04-14 16:00:00,14,0.233333,16
1624580081,2016-04-14 17:00:00,34,0.566667,17
1624580081,2016-04-14 18:00:00,19,0.316667,18
1624580081,2016-04-14 19:00:00,24,0.4,19
1624580081,2016-04-14 20:00:00,6,0.1,20
1624580081,2016-04-14 21:00:00,15,0.25,21
1624580081,2016-04-14 22:00:00,0,0.0,22
1624580081,2016-04-14 23:00:00,12,0.2,23
1624580081,2016-04-15 00:00:00,12,0.2,0
1624580081,2016-04-15 01:00:00,2,0.033333,1
1624580081,2016-04-15 02:00:00,0,0.0,2
1624580081,2016-04-15 03:00:00,0,0.0,3
1624580081,2016-04-15 04:00:00,0,0.0,4
1624580081,2016-04-15 05:00:00,0,0.0,5
1624580081,2016-04-15 06:00:00,1,0.016667,6
1624580081,2016-04-15 07:00:00,1,0.016667,7
1624580081,2016-04-15 08:00:00,0,0.0,8
1624580081,2016-04-15 09:00:00,0,0.0,9
1624580081,2016-04-15 10:00:00,0,0.0,10
1624580081,2016-04-15 11:00:00,25,0.416667,11
1624580081,2016-04-15 12:00:00,0,0.0,12
1624580081,2016-04-15 13:00:00,0,0.0,13
1624580081,2016-04-15 14:00:00,0,0.0,14
1624580081,2016-04-15 15:00:00,0,0.0,15
1624580081,2016-04-15 16:00:00,0,0.0,16
1624580081,2016-04-15 17:00:00,1,0.016667,17
1624580081,2016-04-15 18:00:00,3,0.05,18
1624580081,2016-04-15 19:00:00,25,0.416667,19
1624580081,2016-04-15 20:00:00,0,0.0,20
1624580081,2016-04-15 21:00:00,3,0.05,21
1624580081,2016-04-15 22:00:00,15,0.25,22
1624580081,2016-04-15 23:00:00,8,0.133333,23
1624580081,2016-04-16 00:00:00,18,0.3,0
1624580081,2016-04-16 01:00:00,0,0.0,1
1624580081,2016-04-16 02:00:00,5,0.083333,2
1624580081,2016-04-16 03:00:00,0,0.0,3
1624580081,2016-04-16 04:00:00,0,0.0,4
1624580081,2016-04-16 05:00:00,0,0.0,5
1624580081,2016-04-16 06:00:00,0,0.0,6
1624580081,2016-04-16 07:00:00,0,0.0,7
1624580081,2016-04-16 08:00:00,0,0.0,8
1624580081,2016-04-16 09:00:00,0,0.0,9
1624580081,2016-04-16 10:00:00,11,0.183333,10
1624580081,2016-04-16 11:00:00,6,0.1,11
1624580081,2016-04-16 12:00:00,5,0.083333,12
1624580081,2016-04-16 13:00:00,0,0.0,13
1624580081,2016-04-16 14:00:00,10,0.166667,14
1624580081,2016-04-16 15:00:00,5,0.083333,15
1624580081,2016-04-16 16:00:00,0,0.0,16
1624580081,2016-04-16 17:00:00,4,0.066667,17
1624580081,2016-04-16 18:00:00,2,0.033333,18
1624580081,2016-04-16 19:00:00,27,0.45,19
1624580081,2016-04-16 20:00:00,4,0.066667,20
1624580081,2016-04-16 21:00:00,31,0.516667,21
1624580081,2016-04-16 22:00:00,44,0.733333,22
1624580081,2016-04-16 23:00:00,4,0.066667,23
1624580081,2016-04-17 00:00:00,5,0.083333,0
1624580081,2016-04-17 01:00:00,1,0.016667,1
1624580081,2016-04-17 02:00:00,2,0.033333,2
1624580081,2016-04-17 03:00:00,0,0.0,3
1624580081,2016-04-17 04:00:00,0,0.0,4
1624580081,2016-04-17 05:00:00,1,0.016667,5
1624580081,2016-04-17 06:00:00,0,0.0,6
1624580081,2016-04-17 07:00:00,0,0.0,7
1624580081,2016-04-17 08:00:00,0,0.0,8
1624580081,2016-04-17 09:00:00,2,0.033333,9
1624580081,2016-04-17 10:00:00,4,0.066667,10
1624580081,2016-04-17 11:00:00,2,0.033333,11
1624580081,2016-04-17 12:00:00,19,0.316667,12
1624580081,2016-04-17 13:00:00,44,0.733333,13
1624580081,2016-04-17 14:00:00,18,0.3,14
1624580081,2016-04-17 15:00:00,4,0.066667,15
1624580081,2016-04-17 16:00:00,0,0.0,16
1624580081,2016-04-17 17:00:00,50,0.833333,17
1624580081,2016-04-17 18:00:00,10,0.166667,18
1624580081,2016-04-17 19:00:00,18,0.3,19
1624580081,2016-04-17 20:00:00,19,0.316667,20
1624580081,2016-04-17 21:00:00,7,0.116667,21
1624580081,2016-04-17 22:00:00,6,0.1,22
1624580081,2016-04-17 23:00:00,4,0.066667,23
1624580081,2016-04-18 00:00:00,3,0.05,0
1624580081,2016-04-18 01:00:00,4,0.066667,1
1624580081,2016-04-18 02:00:00,1,0.016667,2
1624580081,2016-04-18 03:00:00,0,0.0,3
1624580081,2016-04-18 04:00:00,0,0.0,4
1624580081,2016-04-18 05:00:00,0,0.0,5
1624580081,2016-04-18 06:00:00,0,0.0,6
1624580081,2016-04-18 07:00:00,9,0.15,7
1624580081,2016-04-18 08:00:00,49,0.816667,8
1624580081,2016-04-18 09:00:00,5,0.083333,9
1624580081,2016-04-18 10:00:00,18,0.3,10
1624580081,2016-04-18 11:00:00,13,0.216667,11
1624580081,2016-04-18 12:00:00,1,0.016667,12
1624580081,2016-04-18 13:00:00,0,0.0,13
1624580081,2016-04-18 14:00:00,0,0.0,14
1624580081,2016-04-18 15:00:00,28,0.466667,15
1624580081,2016-04-18 16:00:00,70,1.166667,16
1624580081,2016-04-18 17:00:00,7,0.116667,17
1624580081,2016-04-18 18:00:00,11,0.183333,18
1624580081,2016-04-18 19:00:00,9,0.15,19
1624580081,2016-04-18 20:00:00,10,0.166667,20
1624580081,2016-04-18 21:00:00,12,0.2,21
1624580081,2016-04-18 22:00:00,9,0.15,22
1624580081,2016-04-18 23:00:00,8,0.133333,23
1624580081,2016-04-19 00:00:00,2,0.033333,0
1624580081,2016-04-19 01:00:00,0,0.0,1
1624580081,2016-04-19 02:00:00,0,0.0,2
1624580081,2016-04-19 03:00:00,0,0.0,3
1624580081,2016-04-19 04:00:00,0,0.0,4
1624580081,2016-04-19 05:00:00,7,0.116667,5
1624580081,2016-04-19 06:00:00,16,0.266667,6
1624580081,2016-04-19 07:00:00,3,0.05,7
1624580081,2016-04-19 08:00:00,12,0.2,8
1624580081,2016-04-19 09:00:00,1,0.016667,9
1624580081,2016-04-19 10:00:00,0,0.0,10
1624580081,2016-04-19 11:00:00,10,0.166667,11
1624580081,2016-04-19 12:00:00,30,0.5,12
1624580081,2016-04-19 13:00:00,9,0.15,13
1624580081,2016-04-19 14:00:00,15,0.25,14
1624580081,2016-04-19 15:00:00,0,0.0,15
1624580081,2016-04-19 16:00:00,2,0.033333,16
1624580081,2016-04-19 17:00:00,1,0.016667,17
1624580081,2016-04-19 18:00:00,14,0.233333,18
1624580081,2016-04-19 19:00:00,3,0.05,19
1624580081,2016-04-19 20:00:00,4,0.066667,20
1624580081,2016-04-19 21:00:00,4,0.066667,21
1624580081,2016-04-19 22:00:00,7,0.116667,22
1624580081,2016-04-19 23:00:00,1,0.016667,23
1624580081,2016-04-20 00:00:00,7,0.116667,0
1624580081,2016-04-20 01:00:00,0,0.0,1
1624580081,2016-04-20 02:00:00,0,0.0,2
1624580081,2016-04-20 03:00:00,0,0.0,3
1624580081,2016-04-20 04:00:00,0,0.0,4
1624580081,2016-04-20 05:00:00,0,0.0,5
1624580081,2016-04-20 06:00:00,0,0.0,6
1624580081,2016-04-20 07:00:00,0,0.0,7
1624580081,2016-04-20 08:00:00,1,0.016667,8
1624580081,2016-04-20 09:00:00,44,0.733333,9
1624580081,2016-04-20 10:00:00,7,0.116667,10
1624580081,2016-04-20 11:00:00,6,0.1,11
1624580081,2016-04-20 12:00:00,14,0.233333,12
1624580081,2016-04-20 13:00:00,3,0.05,13
1624580081,2016-04-20 14:00:00,3,0.05,14
1624580081,2016-04-20 15:00:00,6,0.1,15
1624580081,2016-04-20 16:00:00,12,0.2,16
1624580081,2016-04-20 17:00:00,9,0.15,17
1624580081,2016-04-20 18:00:00,17,0.283333,18
1624580081,2016-04-20 19:00:00,3,0.05,19
1624580081,2016-04-20 20:00:00,1,0.016667,20
1624580081,2016-04-20 21:00:00,3,0.05,21
1624580081,2016-04-20 22:00:00,10,0.166667,22
1624580081,2016-04-20 23:00:00,5,0.083333,23
1624580081,2016-04-21 00:00:00,1,0.016667,0
1624580081,2016-04-21 01:00:00,0,0.0,1
1624580081,2016-04-21 02:00:00,2,0.033333,2
1624580081,2016-04-21 03:00:00,2,0.033333,3
1624580081,2016-04-21 04:00:00,0,0.0,4
1624580081,2016-04-21 05:00:00,0,0.0,5
1624580081,2016-04-21 06:00:00,1,0.016667,6
1624580081,2016-04-21 07:00:00,0,0.0,7
1624580081,2016-04-21 08:00:00,1,0.016667,8
1624580081,2016-04-21 09:00:00,6,0.1,9
1624580081,2016-04-21 10:00:00,8,0.133333,10
1624580081,2016-04-21 11:00:00,15,0.25,11
1624580081,2016-04-21 12:00:00,1,0.016667,12
1624580081,2016-04-21 13:00:00,0,0.0,13
1624580081,2016-04-21 14:00:00,11,0.183333,14
1624580081,2016-04-21 15:00:00,3,0.05,15
1624580081,2016-04-21 16:00:00,3,0.05,16
1624580081,2016-04-21 17:00:00,8,0.133333,17
1624580081,2016-04-21 18:00:00,35,0.583333,18
1624580081,2016-04-21 19:00:00,56,0.933333,19
1624580081,2016-04-21 20:00:00,7,0.116667,20
1624580081,2016-04-21 21:00:00,12,0.2,21
1624580081,2016-04-21 22:00:00,12,0.2,22
1624580081,2016-04-21 23:00:00,2,0.033333,23
1624580081,2016-04-22 00:00:00,1,0.016667,0
1624580081,2016-04-22 01:00:00,0,0.0,1
1624580081,2016-04-22 02:00:00,0,0.0,2
1624580081,2016-04-22 03:00:00,2,0.033333,3
1624580081,2016-04-22 04:00:00,0,0.0,4
1624580081,2016-04-22 05:00:00,0,0.0,5
1624580081,2016-04-22 06:00:00,0,0.0,6
1624580081,2016-04-22 07:00:00,16,0.266667,7
1624580081,2016-04-22 08:00:00,2,0.033333,8
1624580081,2016-04-22 09:00:00,2,0.033333,9
1624580081,2016-04-22 10:00:00,10,0.166667,10
1624580081,2016-04-22 11:00:00,12,0.2,11
1624580081,2016-04-22 12:00:00,4,0.066667,12
1624580081,2016-04-22 13:00:00,6,0.1,13
1624580081,2016-04-22 14:00:00,1,0.016667,14
1624580081,2016-04-22 15:00:00,3,0.05,15
1624580081,2016-04-22 16:00:00,4,0.066667,16
1624580081,2016-04-22 17:00:00,5,0.083333,17
1624580081,2016-04-22 18:00:00,1,0.016667,18
1624580081,2016-04-22 19:00:00,32,0.533333,19
1624580081,2016-04-22 20:00:00,31,0.516667,20
1624580081,2016-04-22 21:00:00,20,0.333333,21
1624580081,2016-04-22 22:00:00,28,0.466667,22
1624580081,2016-04-22 23:00:00,19,0.316667,23
1624580081,2016-04-23 00:00:00,9,0.15,0
1624580081,2016-04-23 01:00:00,4,0.066667,1
1624580081,2016-04-23 02:00:00,0,0.0,2
1624580081,2016-04-23 03:00:00,0,0.0,3
1624580081,2016-04-23 04:00:00,0,0.0,4
1624580081,2016-04-23 05:00:00,0,0.0,5
1624580081,2016-04-23 06:00:00,0,0.0,6
1624580081,2016-04-23 07:00:00,0,0.0,7
1624580081,2016-04-23 08:00:00,1,0.016667,8
1624580081,2016-04-23 09:00:00,9,0.15,9
1624580081,2016-04-23 10:00:00,17,0.283333,10
1624580081,2016-04-23 11:00:00,0,0.0,11
1624580081,2016-04-23 12:00:00,4,0.066667,12
1624580081,2016-04-23 13:00:00,1,0.016667,13
1624580081,2016-04-23 14:00:00,8,0.133333,14
1624580081,2016-04-23 15:00:00,2,0.033333,15
1624580081,2016-04-23 16:00:00,17,0.283333,16
1624580081,2016-04-23 17:00:00,2,0.033333,17
1624580081,2016-04-23 18:00:00,7,0.116667,18
1624580081,2016-04-23 19:00:00,29,0.483333,19
1624580081,2016-04-23 20:00:00,51,0.85,20
1624580081,2016-04-23 21:00:00,41,0.683333,21
1624580081,2016-04-23 22:00:00,23,0.383333,22
1624580081,2016-04-23 23:00:00,2,0.033333,23
1624580081,2016-04-24 00:00:00,9,0.15,0
1624580081,2016-04-24 01:00:00,7,0.116667,1
1624580081,2016-04-24 02:00:00,0,0.0,2
1624580081,2016-04-24 03:00:00,0,0.0,3
1624580081,2016-04-24 04:00:00,0,0.0,4
1624580081,2016-04-24 05:00:00,1,0.016667,5
1624580081,2016-04-24 06:00:00,2,0.033333,6
1624580081,2016-04-24 07:00:00,0,0.0,7
1624580081,2016-04-24 08:00:00,3,0.05,8
1624580081,2016-04-24 09:00:00,7,0.116667,9
1624580081,2016-04-24 10:00:00,27,0.45,10
1624580081,2016-04-24 11:00:00,15,0.25,11
1624580081,2016-04-24 12:00:00,38,0.633333,12
1624580081,2016-04-24 13:00:00,38,0.633333,13
1624580081,2016-04-24 14:00:00,12,0.2,14
1624580081,2016-04-24 15:00:00,0,0.0,15
1624580081,2016-04-24 16:00:00,3,0.05,16
1624580081,2016-04-24 17:00:00,8,0.133333,17
1624580081,2016-04-24 18:00:00,56,0.933333,18
1624580081,2016-04-24 19:00:00,23,0.383333,19
1624580081,2016-04-24 20:00:00,14,0.233333,20
1624580081,2016-04-24 21:00:00,2,0.033333,21
1624580081,2016-04-24 22:00:00,4,0.066667,22
1624580081,2016-04-24 23:00:00,0,0.0,23
1624580081,2016-04-25 00:00:00,0,0.0,0
1624580081,2016-04-25 01:00:00,3,0.05,1
1624580081,2016-04-25 02:00:00,0,0.0,2
1624580081,2016-04-25 03:00:00,0,0.0,3
1624580081,2016-04-25 04:00:00,0,0.0,4
1624580081,2016-04-25 05:00:00,0,0.0,5
1624580081,2016-04-25 06:00:00,0,0.0,6
1624580081,2016-04-25 07:00:00,0,0.0,7
1624580081,2016-04-25 08:00:00,10,0.166667,8
1624580081,2016-04-25 09:00:00,9,0.15,9
1624580081,2016-04-25 10:00:00,36,0.6,10
1624580081,2016-04-25 11:00:00,32,0.533333,11
1624580081,2016-04-25 12:00:00,17,0.283333,12
1624580081,2016-04-25 13:00:00,9,0.15,13
1624580081,2016-04-25 14:00:00,3,0.05,14
1624580081,2016-04-25 15:00:00,3,0.05,15
1624580081,2016-04-25 16:00:00,7,0.116667,16
1624580081,2016-04-25 17:00:00,25,0.416667,17
1624580081,2016-04-25 18:00:00,15,0.25,18
1624580081,2016-04-25 19:00:00,13,0.216667,19
1624580081,2016-04-25 20:00:00,1,0.016667,20
1624580081,2016-04-25 21:00:00,2,0.033333,21
1624580081,2016-04-25 22:00:00,8,0.133333,22
1624580081,2016-04-25 23:00:00,9,0.15,23
1624580081,2016-04-26 00:00:00,4,0.066667,0
1624580081,2016-04-26 01:00:00,1,0.016667,1
1624580081,2016-04-26 02:00:00,0,0.0,2
1624580081,2016-04-26 03:00:00,0,0.0,3
1624580081,2016-04-26 04:00:00,0,0.0,4
1624580081,2016-04-26 05:00:00,0,0.0,5
1624580081,2016-04-26 06:00:00,1,0.016667,6
1624580081,2016-04-26 07:00:00,0,0.0,7
1624580081,2016-04-26 08:00:00,1,0.016667,8
1624580081,2016-04-26 09:00:00,19,0.316667,9
1624580081,2016-04-26 10:00:00,15,0.25,10
1624580081,2016-04-26 11:00:00,8,0.133333,11
1624580081,2016-04-26 12:00:00,8,0.133333,12
1624580081,2016-04-26 13:00:00,9,0.15,13
1624580081,2016-04-26 14:00:00,18,0.3,14
1624580081,2016-04-26 15:00:00,1,0.016667,15
1624580081,2016-04-26 16:00:00,4,0.066667,16
1624580081,2016-04-26 17:00:00,13,0.216667,17
1624580081,2016-04-26 18:00:00,11,0.183333,18
1624580081,2016-04-26 19:00:00,14,0.233333,19
1624580081,2016-04-26 20:00:00,4,0.066667,20
1624580081,2016-04-26 21:00:00,6,0.1,21
1624580081,2016-04-26 22:00:00,3,0.05,22
1624580081,2016-04-26 23:00:00,0,0.0,23
1624580081,2016-04-27 00:00:00,2,0.033333,0
1624580081,2016-04-27 01:00:00,0,0.0,1
1624580081,2016-04-27 02:00:00,0,0.0,2
1624580081,2016-04-27 03:00:00,0,0.0,3
1624580081,2016-04-27 04:00:00,0,0.0,4
1624580081,2016-04-27 05:00:00,0,0.0,5
1624580081,2016-04-27 06:00:00,1,0.016667,6
1624580081,2016-04-27 07:00:00,0,0.0,7
1624580081,2016-04-27 08:00:00,0,0.0,8
1624580081,2016-04-27 09:00:00,6,0.1,9
1624580081,2016-04-27 10:00:00,2,0.033333,10
1624580081,2016-04-27 11:00:00,25,0.416667,11
1624580081,2016-04-27 12:00:00,13,0.216667,12
1624580081,2016-04-27 13:00:00,32,0.533333,13
1624580081,2016-04-27 14:00:00,112,1.866667,14
1624580081,2016-04-27 15:00:00,5,0.083333,15
1624580081,2016-04-27 16:00:00,10,0.166667,16
1624580081,2016-04-27 17:00:00,7,0.116667,17
1624580081,2016-04-27 18:00:00,6,0.1,18
1624580081,2016-04-27 19:00:00,12,0.2,19
1624580081,2016-04-27 20:00:00,4,0.066667,20
1624580081,2016-04-27 21:00:00,16,0.266667,21
1624580081,2016-04-27 22:00:00,11,0.183333,22
1624580081,2016-04-27 23:00:00,13,0.216667,23
1624580081,2016-04-28 00:00:00,4,0.066667,0
1624580081,2016-04-28 01:00:00,0,0.0,1
1624580081,2016-04-28 02:00:00,0,0.0,2
1624580081,2016-04-28 03:00:00,0,0.0,3
1624580081,2016-04-28 04:00:00,0,0.0,4
1624580081,2016-04-28 05:00:00,0,0.0,5
1624580081,2016-04-28 06:00:00,0,0.0,6
1624580081,2016-04-28 07:00:00,0,0.0,7
1624580081,2016-04-28 08:00:00,9,0.15,8
1624580081,2016-04-28 09:00:00,4,0.066667,9
1624580081,2016-04-28 10:00:00,12,0.2,10
1624580081,2016-04-28 11:00:00,9,0.15,11
1624580081,2016-04-28 12:00:00,0,0.0,12
1624580081,2016-04-28 13:00:00,0,0.0,13
1624580081,2016-04-28 14:00:00,8,0.133333,14
1624580081,2016-04-28 15:00:00,0,0.0,15
1624580081,2016-04-28 16:00:00,25,0.416667,16
1624580081,2016-04-28 17:00:00,23,0.383333,17
1624580081,2016-04-28 18:00:00,0,0.0,18
1624580081,2016-04-28 19:00:00,0,0.0,19
1624580081,2016-04-28 20:00:00,14,0.233333,20
1624580081,2016-04-28 21:00:00,6,0.1,21
1624580081,2016-04-28 22:00:00,10,0.166667,22
1624580081,2016-04-28 23:00:00,1,0.016667,23
1624580081,2016-04-29 00:00:00,4,0.066667,0
1624580081,2016-04-29 01:00:00,1,0.016667,1
1624580081,2016-04-29 02:00:00,0,0.0,2
1624580081,2016-04-29 03:00:00,0,0.0,3
1624580081,2016-04-29 04:00:00,0,0.0,4
1624580081,2016-04-29 05:00:00,0,0.0,5
1624580081,2016-04-29 06:00:00,0,0.0,6
1624580081,2016-04-29 07:00:00,5,0.083333,7
1624580081,2016-04-29 08:00:00,1,0.016667,8
1624580081,2016-04-29 09:00:00,0,0.0,9
1624580081,2016-04-29 10:00:00,1,0.016667,10
1624580081,2016-04-29 11:00:00,0,0.0,11
1624580081,2016-04-29 12:00:00,17,0.283333,12
1624580081,2016-04-29 13:00:00,7,0.116667,13
1624580081,2016-04-29 14:00:00,4,0.066667,14
1624580081,2016-04-29 15:00:00,2,0.033333,15
1624580081,2016-04-29 16:00:00,24,0.4,16
1624580081,2016-04-29 17:00:00,24,0.4,17
1624580081,2016-04-29 18:00:00,18,0.3,18
1624580081,2016-04-29 19:00:00,24,0.4,19
1624580081,2016-04-29 20:00:00,10,0.166667,20
1624580081,2016-04-29 21:00:00,2,0.033333,21
1624580081,2016-04-29 22:00:00,6,0.1,22
1624580081,2016-04-29 23:00:00,0,0.0,23
1624580081,2016-04-30 00:00:00,14,0.233333,0
1624580081,2016-04-30 01:00:00,0,0.0,1
1624580081,2016-04-30 02:00:00,1,0.016667,2
1624580081,2016-04-30 03:00:00,0,0.0,3
1624580081,2016-04-30 04:00:00,0,0.0,4
1624580081,2016-04-30 05:00:00,0,0.0,5
1624580081,2016-04-30 06:00:00,2,0.033333,6
1624580081,2016-04-30 07:00:00,0,0.0,7
1624580081,2016-04-30 08:00:00,2,0.033333,8
1624580081,2016-04-30 09:00:00,1,0.016667,9
1624580081,2016-04-30 10:00:00,8,0.133333,10
1624580081,2016-04-30 11:00:00,22,0.366667,11
1624580081,2016-04-30 12:00:00,10,0.166667,12
1624580081,2016-04-30 13:00:00,87,1.45,13
1624580081,2016-04-30 14:00:00,19,0.316667,14
1624580081,2016-04-30 15:00:00,22,0.366667,15
1624580081,2016-04-30 16:00:00,3,0.05,16
1624580081,2016-04-30 17:00:00,2,0.033333,17
1624580081,2016-04-30 18:00:00,19,0.316667,18
1624580081,2016-04-30 19:00:00,37,0.616667,19
1624580081,2016-04-30 20:00:00,5,0.083333,20
1624580081,2016-04-30 21:00:00,22,0.366667,21
1624580081,2016-04-30 22:00:00,14,0.233333,22
1624580081,2016-04-30 23:00:00,13,0.216667,23
1624580081,2016-05-01 00:00:00,1,0.016667,0
1624580081,2016-05-01 01:00:00,0,0.0,1
1624580081,2016-05-01 02:00:00,1,0.016667,2
1624580081,2016-05-01 03:00:00,2,0.033333,3
1624580081,2016-05-01 04:00:00,27,0.45,4
1624580081,2016-05-01 05:00:00,49,0.816667,5
1624580081,2016-05-01 06:00:00,77,1.283333,6
1624580081,2016-05-01 07:00:00,147,2.45,7
1624580081,2016-05-01 08:00:00,167,2.783333,8
1624580081,2016-05-01 09:00:00,169,2.816667,9
1624580081,2016-05-01 10:00:00,100,1.666667,10
1624580081,2016-05-01 11:00:00,12,0.2,11
1624580081,2016-05-01 12:00:00,15,0.25,12
1624580081,2016-05-01 13:00:00,1,0.016667,13
1624580081,2016-05-01 14:00:00,0,0.0,14
1624580081,2016-05-01 15:00:00,1,0.016667,15
1624580081,2016-05-01 16:00:00,12,0.2,16
1624580081,2016-05-01 17:00:00,3,0.05,17
1624580081,2016-05-01 18:00:00,3,0.05,18
1624580081,2016-05-01 19:00:00,3,0.05,19
1624580081,2016-05-01 20:00:00,14,0.233333,20
1624580081,2016-05-01 21:00:00,33,0.55,21
1624580081,2016-05-01 22:00:00,15,0.25,22
1624580081,2016-05-01 23:00:00,3,0.05,23
1624580081,2016-05-02 00:00:00,3,0.05,0
1624580081,2016-05-02 01:00:00,0,0.0,1
1624580081,2016-05-02 02:00:00,0,0.0,2
1624580081,2016-05-02 03:00:00,0,0.0,3
1624580081,2016-05-02 04:00:00,0,0.0,4
1624580081,2016-05-02 05:00:00,0,0.0,5
1624580081,2016-05-02 06:00:00,5,0.083333,6
1624580081,2016-05-02 07:00:00,0,0.0,7
1624580081,2016-05-02 08:00:00,0,0.0,8
1624580081,2016-05-02 09:00:00,1,0.016667,9
1624580081,2016-05-02 10:00:00,19,0.316667,10
1624580081,2016-05-02 11:00:00,48,0.8,11
1624580081,2016-05-02 12:00:00,8,0.133333,12
1624580081,2016-05-02 13:00:00,7,0.116667,13
1624580081,2016-05-02 14:00:00,2,0.033333,14
1624580081,2016-05-02 15:00:00,8,0.133333,15
1624580081,2016-05-02 16:00:00,1,0.016667,16
1624580081,2016-05-02 17:00:00,4,0.066667,17
1624580081,2016-05-02 18:00:00,18,0.3,18
1624580081,2016-05-02 19:00:00,58,0.966667,19
1624580081,2016-05-02 20:00:00,5,0.083333,20
1624580081,2016-05-02 21:00:00,2,0.033333,21
1624580081,2016-05-02 22:00:00,8,0.133333,22
1624580081,2016-05-02 23:00:00,2,0.033333,23
1624580081,2016-05-03 00:00:00,1,0.016667,0
1624580081,2016-05-03 01:00:00,0,0.0,1
1624580081,2016-05-03 02:00:00,0,0.0,2
1624580081,2016-05-03 03:00:00,0,0.0,3
1624580081,2016-05-03 04:00:00,0,0.0,4
1624580081,2016-05-03 05:00:00,0,0.0,5
1624580081,2016-05-03 06:00:00,4,0.066667,6
1624580081,2016-05-03 07:00:00,16,0.266667,7
1624580081,2016-05-03 08:00:00,0,0.0,8
1624580081,2016-05-03 09:00:00,0,0.0,9
1624580081,2016-05-03 10:00:00,0,0.0,10
1624580081,2016-05-03 11:00:00,0,0.0,11
1624580081,2016-05-03 12:00:00,13,0.216667,12
1624580081,2016-05-03 13:00:00,4,0.066667,13
1624580081,2016-05-03 14:00:00,6,0.1,14
1624580081,2016-05-03 15:00:00,2,0.033333,15
1624580081,2016-05-03 16:00:00,1,0.016667,16
1624580081,2016-05-03 17:00:00,0,0.0,17
1624580081,2016-05-03 18:00:00,23,0.383333,18
1624580081,2016-05-03 19:00:00,8,0.133333,19
1624580081,2016-05-03 20:00:00,1,0.016667,20
1624580081,2016-05-03 21:00:00,3,0.05,21
1624580081,2016-05-03 22:00:00,7,0.116667,22
1624580081,2016-05-03 23:00:00,7,0.116667,23
1624580081,2016-05-04 00:00:00,1,0.016667,0
1624580081,2016-05-04 01:00:00,2,0.033333,1
1624580081,2016-05-04 02:00:00,4,0.066667,2
1624580081,2016-05-04 03:00:00,0,0.0,3
1624580081,2016-05-04 04:00:00,0,0.0,4
1624580081,2016-05-04 05:00:00,0,0.0,5
1624580081,2016-05-04 06:00:00,3,0.05,6
1624580081,2016-05-04 07:00:00,0,0.0,7
1624580081,2016-05-04 08:00:00,0,0.0,8
1624580081,2016-05-04 09:00:00,0,0.0,9
1624580081,2016-05-04 10:00:00,10,0.166667,10
1624580081,2016-05-04 11:00:00,27,0.45,11
1624580081,2016-05-04 12:00:00,2,0.033333,12
1624580081,2016-05-04 13:00:00,0,0.0,13
1624580081,2016-05-04 14:00:00,0,0.0,14
1624580081,2016-05-04 15:00:00,13,0.216667,15
1624580081,2016-05-04 16:00:00,4,0.066667,16
1624580081,2016-05-04 17:00:00,3,0.05,17
1624580081,2016-05-04 18:00:00,11,0.183333,18
1624580081,2016-05-04 19:00:00,6,0.1,19
1624580081,2016-05-04 20:00:00,9,0.15,20
1624580081,2016-05-04 21:00:00,16,0.266667,21
1624580081,2016-05-04 22:00:00,1,0.016667,22
1624580081,2016-05-04 23:00:00,6,0.1,23
1624580081,2016-05-05 00:00:00,0,0.0,0
1624580081,2016-05-05 01:00:00,0,0.0,1
1624580081,2016-05-05 02:00:00,1,0.016667,2
1624580081,2016-05-05 03:00:00,0,0.0,3
1624580081,2016-05-05 04:00:00,0,0.0,4
1624580081,2016-05-05 05:00:00,0,0.0,5
1624580081,2016-05-05 06:00:00,3,0.05,6
1624580081,2016-05-05 07:00:00,1,0.016667,7
1624580081,2016-05-05 08:00:00,0,0.0,8
1624580081,2016-05-05 09:00:00,1,0.016667,9
1624580081,2016-05-05 10:00:00,0,0.0,10
1624580081,2016-05-05 11:00:00,25,0.416667,11
1624580081,2016-05-05 12:00:00,14,0.233333,12
1624580081,2016-05-05 13:00:00,26,0.433333,13
1624580081,2016-05-05 14:00:00,6,0.1,14
1624580081,2016-05-05 15:00:00,4,0.066667,15
1624580081,2016-05-05 16:00:00,3,0.05,16
1624580081,2016-05-05 17:00:00,4,0.066667,17
1624580081,2016-05-05 18:00:00,1,0.016667,18
1624580081,2016-05-05 19:00:00,12,0.2,19
1624580081,2016-05-05 20:00:00,1,0.016667,20
1624580081,2016-05-05 21:00:00,4,0.066667,21
1624580081,2016-05-05 22:00:00,8,0.133333,22
1624580081,2016-05-05 23:00:00,3,0.05,23
1624580081,2016-05-06 00:00:00,6,0.1,0
1624580081,2016-05-06 01:00:00,0,0.0,1
1624580081,2016-05-06 02:00:00,5,0.083333,2
1624580081,2016-05-06 03:00:00,1,0.016667,3
1624580081,2016-05-06 04:00:00,0,0.0,4
1624580081,2016-05-06 05:00:00,0,0.0,5
1624580081,2016-05-06 06:00:00,0,0.0,6
1624580081,2016-05-06 07:00:00,0,0.0,7
1624580081,2016-05-06 08:00:00,0,0.0,8
1624580081,2016-05-06 09:00:00,2,0.033333,9
1624580081,2016-05-06 10:00:00,0,0.0,10
1624580081,2016-05-06 11:00:00,6,0.1,11
1624580081,2016-05-06 12:00:00,2,0.033333,12
1624580081,2016-05-06 13:00:00,5,0.083333,13
1624580081,2016-05-06 14:00:00,3,0.05,14
1624580081,2016-05-06 15:00:00,0,0.0,15
1624580081,2016-05-06 16:00:00,0,0.0,16
1624580081,2016-05-06 17:00:00,1,0.016667,17
1624580081,2016-05-06 18:00:00,10,0.166667,18
1624580081,2016-05-06 19:00:00,17,0.283333,19
1624580081,2016-05-06 20:00:00,10,0.166667,20
1624580081,2016-05-06 21:00:00,10,0.166667,21
1624580081,2016-05-06 22:00:00,11,0.183333,22
1624580081,2016-05-06 23:00:00,13,0.216667,23
1624580081,2016-05-07 00:00:00,6,0.1,0
1624580081,2016-05-07 01:00:00,26,0.433333,1
1624580081,2016-05-07 02:00:00,19,0.316667,2
1624580081,2016-05-07 03:00:00,0,0.0,3
1624580081,2016-05-07 04:00:00,3,0.05,4
1624580081,2016-05-07 05:00:00,0,0.0,5
1624580081,2016-05-07 06:00:00,0,0.0,6
1624580081,2016-05-07 07:00:00,1,0.016667,7
1624580081,2016-05-07 08:00:00,0,0.0,8
1624580081,2016-05-07 09:00:00,0,0.0,9
1624580081,2016-05-07 10:00:00,0,0.0,10
1624580081,2016-05-07 11:00:00,0,0.0,11
1624580081,2016-05-07 12:00:00,24,0.4,12
1624580081,2016-05-07 13:00:00,31,0.516667,13
1624580081,2016-05-07 14:00:00,15,0.25,14
1624580081,2016-05-07 15:00:00,0,0.0,15
1624580081,2016-05-07 16:00:00,0,0.0,16
1624580081,2016-05-07 17:00:00,10,0.166667,17
1624580081,2016-05-07 18:00:00,22,0.366667,18
1624580081,2016-05-07 19:00:00,14,0.233333,19
1624580081,2016-05-07 20:00:00,7,0.116667,20
1624580081,2016-05-07 21:00:00,1,0.016667,21
1624580081,2016-05-07 22:00:00,1,0.016667,22
1624580081,2016-05-07 23:00:00,2,0.033333,23
1624580081,2016-05-08 00:00:00,1,0.016667,0
1624580081,2016-05-08 01:00:00,0,0.0,1
1624580081,2016-05-08 02:00:00,18,0.3,2
1624580081,2016-05-08 03:00:00,4,0.066667,3
1624580081,2016-05-08 04:00:00,0,0.0,4
1624580081,2016-05-08 05:00:00,1,0.016667,5
1624580081,2016-05-08 06:00:00,0,0.0,6
1624580081,2016-05-08 07:00:00,2,0.033333,7
1624580081,2016-05-08 08:00:00,1,0.016667,8
1624580081,2016-05-08 09:00:00,5,0.083333,9
1624580081,2016-05-08 10:00:00,8,0.133333,10
1624580081,2016-05-08 11:00:00,10,0.166667,11
1624580081,2016-05-08 12:00:00,5,0.083333,12
1624580081,2016-05-08 13:00:00,2,0.033333,13
1624580081,2016-05-08 14:00:00,10,0.166667,14
1624580081,2016-05-08 15:00:00,16,0.266667,15
1624580081,2016-05-08 16:00:00,5,0.083333,16
1624580081,2016-05-08 17:00:00,18,0.3,17
1624580081,2016-05-08 18:00:00,10,0.166667,18
1624580081,2016-05-08 19:00:00,9,0.15,19
1624580081,2016-05-08 20:00:00,13,0.216667,20
1624580081,2016-05-08 21:00:00,7,0.116667,21
1624580081,2016-05-08 22:00:00,0,0.0,22
1624580081,2016-05-08 23:00:00,7,0.116667,23
1624580081,2016-05-09 00:00:00,0,0.0,0
1624580081,2016-05-09 01:00:00,0,0.0,1
1624580081,2016-05-09 02:00:00,5,0.083333,2
1624580081,2016-05-09 03:00:00,0,0.0,3
1624580081,2016-05-09 04:00:00,0,0.0,4
1624580081,2016-05-09 05:00:00,0,0.0,5
1624580081,2016-05-09 06:00:00,1,0.016667,6
1624580081,2016-05-09 07:00:00,1,0.016667,7
1624580081,2016-05-09 08:00:00,0,0.0,8
1624580081,2016-05-09 09:00:00,0,0.0,9
1624580081,2016-05-09 10:00:00,1,0.016667,10
1624580081,2016-05-09 11:00:00,0,0.0,11
1624580081,2016-05-09 12:00:00,19,0.316667,12
1624580081,2016-05-09 13:00:00,9,0.15,13
1624580081,2016-05-09 14:00:00,16,0.266667,14
1624580081,2016-05-09 15:00:00,3,0.05,15
1624580081,2016-05-09 16:00:00,9,0.15,16
1624580081,2016-05-09 17:00:00,3,0.05,17
1624580081,2016-05-09 18:00:00,6,0.1,18
1624580081,2016-05-09 19:00:00,10,0.166667,19
1624580081,2016-05-09 20:00:00,0,0.0,20
1624580081,2016-05-09 21:00:00,2,0.033333,21
1624580081,2016-05-09 22:00:00,3,0.05,22
1624580081,2016-05-09 23:00:00,3,0.05,23
1624580081,2016-05-10 00:00:00,6,0.1,0
1624580081,2016-05-10 01:00:00,1,0.016667,1
1624580081,2016-05-10 02:00:00,1,0.016667,2
1624580081,2016-05-10 03:00:00,0,0.0,3
1624580081,2016-05-10 04:00:00,0,0.0,4
1624580081,2016-05-10 05:00:00,0,0.0,5
1624580081,2016-05-10 06:00:00,0,0.0,6
1624580081,2016-05-10 07:00:00,0,0.0,7
1624580081,2016-05-10 08:00:00,0,0.0,8
1624580081,2016-05-10 09:00:00,2,0.033333,9
1624580081,2016-05-10 10:00:00,0,0.0,10
1624580081,2016-05-10 11:00:00,1,0.016667,11
1624580081,2016-05-10 12:00:00,7,0.116667,12
1624580081,2016-05-10 13:00:00,32,0.533333,13
1624580081,2016-05-10 14:00:00,8,0.133333,14
1624580081,2016-05-10 15:00:00,3,0.05,15
1624580081,2016-05-10 16:00:00,7,0.116667,16
1624580081,2016-05-10 17:00:00,22,0.366667,17
1624580081,2016-05-10 18:00:00,28,0.466667,18
1624580081,2016-05-10 19:00:00,4,0.066667,19
1624580081,2016-05-10 20:00:00,6,0.1,20
1624580081,2016-05-10 21:00:00,1,0.016667,21
1624580081,2016-05-10 22:00:00,3,0.05,22
1624580081,2016-05-10 23:00:00,7,0.116667,23
1624580081,2016-05-11 00:00:00,3,0.05,0
1624580081,2016-05-11 01:00:00,1,0.016667,1
1624580081,2016-05-11 02:00:00,6,0.1,2
1624580081,2016-05-11 03:00:00,1,0.016667,3
1624580081,2016-05-11 04:00:00,0,0.0,4
1624580081,2016-05-11 05:00:00,0,0.0,5
1624580081,2016-05-11 06:00:00,0,0.0,6
1624580081,2016-05-11 07:00:00,0,0.0,7
1624580081,2016-05-11 08:00:00,0,0.0,8
1624580081,2016-05-11 09:00:00,0,0.0,9
1624580081,2016-05-11 10:00:00,1,0.016667,10
1624580081,2016-05-11 11:00:00,0,0.0,11
1624580081,2016-05-11 12:00:00,0,0.0,12
1624580081,2016-05-11 13:00:00,10,0.166667,13
1624580081,2016-05-11 14:00:00,10,0.166667,14
1624580081,2016-05-11 15:00:00,12,0.2,15
1624580081,2016-05-11 16:00:00,9,0.15,16
1624580081,2016-05-11 17:00:00,13,0.216667,17
1624580081,2016-05-11 18:00:00,22,0.366667,18
1624580081,2016-05-11 19:00:00,2,0.033333,19
1624580081,2016-05-11 20:00:00,6,0.1,20
1624580081,2016-05-11 21:00:00,1,0.016667,21
1624580081,2016-05-11 22:00:00,8,0.133333,22
1624580081,2016-05-11 23:00:00,7,0.116667,23
1624580081,2016-05-12 00:00:00,3,0.05,0
1624580081,2016-05-12 01:00:00,4,0.066667,1
1624580081,2016-05-12 02:00:00,5,0.083333,2
1624580081,2016-05-12 03:00:00,2,0.033333,3
1624580081,2016-05-12 04:00:00,3,0.05,4
1624580081,2016-05-12 05:00:00,0,0.0,5
1624580081,2016-05-12 06:00:00,0,0.0,6
1624580081,2016-05-12 07:00:00,0,0.0,7
1624580081,2016-05-12 08:00:00,0,0.0,8
1624580081,2016-05-12 09:00:00,0,0.0,9
1624580081,2016-05-12 10:00:00,6,0.1,10
1624580081,2016-05-12 11:00:00,0,0.0,11
1624580081,2016-05-12 12:00:00,10,0.166667,12
1624580081,2016-05-12 13:00:00,22,0.366667,13
1624580081,2016-05-12 14:00:00,35,0.583333,14
1624580081,2016-05-12 15:00:00,9,0.15,15
1644430081,2016-04-12 00:00:00,2,0.033333,0
1644430081,2016-04-12 01:00:00,1,0.016667,1
1644430081,2016-04-12 02:00:00,0,0.0,2
1644430081,2016-04-12 03:00:00,0,0.0,3
1644430081,2016-04-12 04:00:00,0,0.0,4
1644430081,2016-04-12 05:00:00,0,0.0,5
1644430081,2016-04-12 06:00:00,0,0.0,6
1644430081,2016-04-12 07:00:00,0,0.0,7
1644430081,2016-04-12 08:00:00,10,0.166667,8
1644430081,2016-04-12 09:00:00,13,0.216667,9
1644430081,2016-04-12 10:00:00,14,0.233333,10
1644430081,2016-04-12 11:00:00,12,0.2,11
1644430081,2016-04-12 12:00:00,4,0.066667,12
1644430081,2016-04-12 13:00:00,1,0.016667,13
1644430081,2016-04-12 14:00:00,20,0.333333,14
1644430081,2016-04-12 15:00:00,7,0.116667,15
1644430081,2016-04-12 16:00:00,8,0.133333,16
1644430081,2016-04-12 17:00:00,5,0.083333,17
1644430081,2016-04-12 18:00:00,53,0.883333,18
1644430081,2016-04-12 19:00:00,65,1.083333,19
1644430081,2016-04-12 20:00:00,50,0.833333,20
1644430081,2016-04-12 21:00:00,59,0.983333,21
1644430081,2016-04-12 22:00:00,39,0.65,22
1644430081,2016-04-12 23:00:00,1,0.016667,23
1644430081,2016-04-13 00:00:00,0,0.0,0
1644430081,2016-04-13 01:00:00,0,0.0,1
1644430081,2016-04-13 02:00:00,0,0.0,2
1644430081,2016-04-13 03:00:00,0,0.0,3
1644430081,2016-04-13 04:00:00,0,0.0,4
1644430081,2016-04-13 05:00:00,0,0.0,5
1644430081,2016-04-13 06:00:00,0,0.0,6
1644430081,2016-04-13 07:00:00,0,0.0,7
1644430081,2016-04-13 08:00:00,13,0.216667,8
1644430081,2016-04-13 09:00:00,9,0.15,9
1644430081,2016-04-13 10:00:00,2,0.033333,10
1644430081,2016-04-13 11:00:00,10,0.166667,11
1644430081,2016-04-13 12:00:00,19,0.316667,12
1644430081,2016-04-13 13:00:00,9,0.15,13
1644430081,2016-04-13 14:00:00,8,0.133333,14
1644430081,2016-04-13 15:00:00,3,0.05,15
1644430081,2016-04-13 16:00:00,8,0.133333,16
1644430081,2016-04-13 17:00:00,13,0.216667,17
1644430081,2016-04-13 18:00:00,16,0.266667,18
1644430081,2016-04-13 19:00:00,130,2.166667,19
1644430081,2016-04-13 20:00:00,17,0.283333,20
1644430081,2016-04-13 21:00:00,0,0.0,21
1644430081,2016-04-13 22:00:00,0,0.0,22
1644430081,2016-04-13 23:00:00,0,0.0,23
1644430081,2016-04-14 00:00:00,0,0.0,0
1644430081,2016-04-14 01:00:00,0,0.0,1
1644430081,2016-04-14 02:00:00,0,0.0,2
1644430081,2016-04-14 03:00:00,0,0.0,3
1644430081,2016-04-14 04:00:00,0,0.0,4
1644430081,2016-04-14 05:00:00,0,0.0,5
1644430081,2016-04-14 06:00:00,0,0.0,6
1644430081,2016-04-14 07:00:00,0,0.0,7
1644430081,2016-04-14 08:00:00,11,0.183333,8
1644430081,2016-04-14 09:00:00,3,0.05,9
1644430081,2016-04-14 10:00:00,4,0.066667,10
1644430081,2016-04-14 11:00:00,13,0.216667,11
1644430081,2016-04-14 12:00:00,6,0.1,12
1644430081,2016-04-14 13:00:00,16,0.266667,13
1644430081,2016-04-14 14:00:00,5,0.083333,14
1644430081,2016-04-14 15:00:00,12,0.2,15
1644430081,2016-04-14 16:00:00,13,0.216667,16
1644430081,2016-04-14 17:00:00,11,0.183333,17
1644430081,2016-04-14 18:00:00,38,0.633333,18
1644430081,2016-04-14 19:00:00,69,1.15,19
1644430081,2016-04-14 20:00:00,59,0.983333,20
1644430081,2016-04-14 21:00:00,61,1.016667,21
1644430081,2016-04-14 22:00:00,61,1.016667,22
1644430081,2016-04-14 23:00:00,1,0.016667,23
1644430081,2016-04-15 00:00:00,0,0.0,0
1644430081,2016-04-15 01:00:00,0,0.0,1
1644430081,2016-04-15 02:00:00,0,0.0,2
1644430081,2016-04-15 03:00:00,0,0.0,3
1644430081,2016-04-15 04:00:00,0,0.0,4
1644430081,2016-04-15 05:00:00,0,0.0,5
1644430081,2016-04-15 06:00:00,0,0.0,6
1644430081,2016-04-15 07:00:00,15,0.25,7
1644430081,2016-04-15 08:00:00,10,0.166667,8
1644430081,2016-04-15 09:00:00,1,0.016667,9
1644430081,2016-04-15 10:00:00,1,0.016667,10
1644430081,2016-04-15 11:00:00,13,0.216667,11
1644430081,2016-04-15 12:00:00,7,0.116667,12
1644430081,2016-04-15 13:00:00,9,0.15,13
1644430081,2016-04-15 14:00:00,23,0.383333,14
1644430081,2016-04-15 15:00:00,3,0.05,15
1644430081,2016-04-15 16:00:00,20,0.333333,16
1644430081,2016-04-15 17:00:00,9,0.15,17
1644430081,2016-04-15 18:00:00,27,0.45,18
1644430081,2016-04-15 19:00:00,8,0.133333,19
1644430081,2016-04-15 20:00:00,24,0.4,20
1644430081,2016-04-15 21:00:00,2,0.033333,21
1644430081,2016-04-15 22:00:00,5,0.083333,22
1644430081,2016-04-15 23:00:00,10,0.166667,23
1644430081,2016-04-16 00:00:00,0,0.0,0
1644430081,2016-04-16 01:00:00,0,0.0,1
1644430081,2016-04-16 02:00:00,0,0.0,2
1644430081,2016-04-16 03:00:00,0,0.0,3
1644430081,2016-04-16 04:00:00,0,0.0,4
1644430081,2016-04-16 05:00:00,0,0.0,5
1644430081,2016-04-16 06:00:00,0,0.0,6
1644430081,2016-04-16 07:00:00,0,0.0,7
1644430081,2016-04-16 08:00:00,0,0.0,8
1644430081,2016-04-16 09:00:00,0,0.0,9
1644430081,2016-04-16 10:00:00,0,0.0,10
1644430081,2016-04-16 11:00:00,26,0.433333,11
1644430081,2016-04-16 12:00:00,63,1.05,12
1644430081,2016-04-16 13:00:00,48,0.8,13
1644430081,2016-04-16 14:00:00,33,0.55,14
1644430081,2016-04-16 15:00:00,23,0.383333,15
1644430081,2016-04-16 16:00:00,98,1.633333,16
1644430081,2016-04-16 17:00:00,31,0.516667,17
1644430081,2016-04-16 18:00:00,15,0.25,18
1644430081,2016-04-16 19:00:00,9,0.15,19
1644430081,2016-04-16 20:00:00,21,0.35,20
1644430081,2016-04-16 21:00:00,32,0.533333,21
1644430081,2016-04-16 22:00:00,42,0.7,22
1644430081,2016-04-16 23:00:00,8,0.133333,23
1644430081,2016-04-17 00:00:00,33,0.55,0
1644430081,2016-04-17 01:00:00,14,0.233333,1
1644430081,2016-04-17 02:00:00,0,0.0,2
1644430081,2016-04-17 03:00:00,0,0.0,3
1644430081,2016-04-17 04:00:00,0,0.0,4
1644430081,2016-04-17 05:00:00,0,0.0,5
1644430081,2016-04-17 06:00:00,0,0.0,6
1644430081,2016-04-17 07:00:00,0,0.0,7
1644430081,2016-04-17 08:00:00,0,0.0,8
1644430081,2016-04-17 09:00:00,0,0.0,9
1644430081,2016-04-17 10:00:00,0,0.0,10
1644430081,2016-04-17 11:00:00,0,0.0,11
1644430081,2016-04-17 12:00:00,15,0.25,12
1644430081,2016-04-17 13:00:00,17,0.283333,13
1644430081,2016-04-17 14:00:00,93,1.55,14
1644430081,2016-04-17 15:00:00,13,0.216667,15
1644430081,2016-04-17 16:00:00,3,0.05,16
1644430081,2016-04-17 17:00:00,8,0.133333,17
1644430081,2016-04-17 18:00:00,12,0.2,18
1644430081,2016-04-17 19:00:00,13,0.216667,19
1644430081,2016-04-17 20:00:00,23,0.383333,20
1644430081,2016-04-17 21:00:00,26,0.433333,21
1644430081,2016-04-17 22:00:00,16,0.266667,22
1644430081,2016-04-17 23:00:00,13,0.216667,23
1644430081,2016-04-18 00:00:00,9,0.15,0
1644430081,2016-04-18 01:00:00,0,0.0,1
1644430081,2016-04-18 02:00:00,0,0.0,2
1644430081,2016-04-18 03:00:00,0,0.0,3
1644430081,2016-04-18 04:00:00,0,0.0,4
1644430081,2016-04-18 05:00:00,0,0.0,5
1644430081,2016-04-18 06:00:00,0,0.0,6
1644430081,2016-04-18 07:00:00,2,0.033333,7
1644430081,2016-04-18 08:00:00,13,0.216667,8
1644430081,2016-04-18 09:00:00,8,0.133333,9
1644430081,2016-04-18 10:00:00,3,0.05,10
1644430081,2016-04-18 11:00:00,2,0.033333,11
1644430081,2016-04-18 12:00:00,11,0.183333,12
1644430081,2016-04-18 13:00:00,18,0.3,13
1644430081,2016-04-18 14:00:00,5,0.083333,14
1644430081,2016-04-18 15:00:00,4,0.066667,15
1644430081,2016-04-18 16:00:00,5,0.083333,16
1644430081,2016-04-18 17:00:00,9,0.15,17
1644430081,2016-04-18 18:00:00,19,0.316667,18
1644430081,2016-04-18 19:00:00,115,1.916667,19
1644430081,2016-04-18 20:00:00,9,0.15,20
1644430081,2016-04-18 21:00:00,0,0.0,21
1644430081,2016-04-18 22:00:00,0,0.0,22
1644430081,2016-04-18 23:00:00,0,0.0,23
1644430081,2016-04-19 00:00:00,0,0.0,0
1644430081,2016-04-19 01:00:00,0,0.0,1
1644430081,2016-04-19 02:00:00,0,0.0,2
1644430081,2016-04-19 03:00:00,0,0.0,3
1644430081,2016-04-19 04:00:00,0,0.0,4
1644430081,2016-04-19 05:00:00,0,0.0,5
1644430081,2016-04-19 06:00:00,0,0.0,6
1644430081,2016-04-19 07:00:00,0,0.0,7
1644430081,2016-04-19 08:00:00,13,0.216667,8
1644430081,2016-04-19 09:00:00,9,0.15,9
1644430081,2016-04-19 10:00:00,9,0.15,10
1644430081,2016-04-19 11:00:00,7,0.116667,11
1644430081,2016-04-19 12:00:00,12,0.2,12
1644430081,2016-04-19 13:00:00,6,0.1,13
1644430081,2016-04-19 14:00:00,24,0.4,14
1644430081,2016-04-19 15:00:00,8,0.133333,15
1644430081,2016-04-19 16:00:00,6,0.1,16
1644430081,2016-04-19 17:00:00,13,0.216667,17
1644430081,2016-04-19 18:00:00,29,0.483333,18
1644430081,2016-04-19 19:00:00,76,1.266667,19
1644430081,2016-04-19 20:00:00,48,0.8,20
1644430081,2016-04-19 21:00:00,72,1.2,21
1644430081,2016-04-19 22:00:00,48,0.8,22
1644430081,2016-04-19 23:00:00,5,0.083333,23
1644430081,2016-04-20 00:00:00,5,0.083333,0
1644430081,2016-04-20 01:00:00,4,0.066667,1
1644430081,2016-04-20 02:00:00,3,0.05,2
1644430081,2016-04-20 03:00:00,2,0.033333,3
1644430081,2016-04-20 04:00:00,3,0.05,4
1644430081,2016-04-20 05:00:00,3,0.05,5
1644430081,2016-04-20 06:00:00,2,0.033333,6
1644430081,2016-04-20 07:00:00,3,0.05,7
1644430081,2016-04-20 08:00:00,8,0.133333,8
1644430081,2016-04-20 09:00:00,3,0.05,9
1644430081,2016-04-20 10:00:00,8,0.133333,10
1644430081,2016-04-20 11:00:00,5,0.083333,11
1644430081,2016-04-20 12:00:00,1,0.016667,12
1644430081,2016-04-20 13:00:00,8,0.133333,13
1644430081,2016-04-20 14:00:00,9,0.15,14
1644430081,2016-04-20 15:00:00,11,0.183333,15
1644430081,2016-04-20 16:00:00,5,0.083333,16
1644430081,2016-04-20 17:00:00,10,0.166667,17
1644430081,2016-04-20 18:00:00,8,0.133333,18
1644430081,2016-04-20 19:00:00,6,0.1,19
1644430081,2016-04-20 20:00:00,1,0.016667,20
1644430081,2016-04-20 21:00:00,13,0.216667,21
1644430081,2016-04-20 22:00:00,3,0.05,22
1644430081,2016-04-20 23:00:00,1,0.016667,23
1644430081,2016-04-21 00:00:00,0,0.0,0
1644430081,2016-04-21 01:00:00,0,0.0,1
1644430081,2016-04-21 02:00:00,0,0.0,2
1644430081,2016-04-21 03:00:00,0,0.0,3
1644430081,2016-04-21 04:00:00,0,0.0,4
1644430081,2016-04-21 05:00:00,0,0.0,5
1644430081,2016-04-21 06:00:00,0,0.0,6
1644430081,2016-04-21 07:00:00,0,0.0,7
1644430081,2016-04-21 08:00:00,0,0.0,8
1644430081,2016-04-21 09:00:00,0,0.0,9
1644430081,2016-04-21 10:00:00,1,0.016667,10
1644430081,2016-04-21 11:00:00,3,0.05,11
1644430081,2016-04-21 12:00:00,0,0.0,12
1644430081,2016-04-21 13:00:00,0,0.0,13
1644430081,2016-04-21 14:00:00,1,0.016667,14
1644430081,2016-04-21 15:00:00,0,0.0,15
1644430081,2016-04-21 16:00:00,14,0.233333,16
1644430081,2016-04-21 17:00:00,0,0.0,17
1644430081,2016-04-21 18:00:00,0,0.0,18
1644430081,2016-04-21 19:00:00,3,0.05,19
1644430081,2016-04-21 20:00:00,9,0.15,20
1644430081,2016-04-21 21:00:00,6,0.1,21
1644430081,2016-04-21 22:00:00,0,0.0,22
1644430081,2016-04-21 23:00:00,1,0.016667,23
1644430081,2016-04-22 00:00:00,0,0.0,0
1644430081,2016-04-22 01:00:00,0,0.0,1
1644430081,2016-04-22 02:00:00,7,0.116667,2
1644430081,2016-04-22 03:00:00,0,0.0,3
1644430081,2016-04-22 04:00:00,3,0.05,4
1644430081,2016-04-22 05:00:00,0,0.0,5
1644430081,2016-04-22 06:00:00,0,0.0,6
1644430081,2016-04-22 07:00:00,0,0.0,7
1644430081,2016-04-22 08:00:00,0,0.0,8
1644430081,2016-04-22 09:00:00,0,0.0,9
1644430081,2016-04-22 10:00:00,0,0.0,10
1644430081,2016-04-22 11:00:00,0,0.0,11
1644430081,2016-04-22 12:00:00,9,0.15,12
1644430081,2016-04-22 13:00:00,17,0.283333,13
1644430081,2016-04-22 14:00:00,19,0.316667,14
1644430081,2016-04-22 15:00:00,1,0.016667,15
1644430081,2016-04-22 16:00:00,10,0.166667,16
1644430081,2016-04-22 17:00:00,0,0.0,17
1644430081,2016-04-22 18:00:00,0,0.0,18
1644430081,2016-04-22 19:00:00,2,0.033333,19
1644430081,2016-04-22 20:00:00,16,0.266667,20
1644430081,2016-04-22 21:00:00,2,0.033333,21
1644430081,2016-04-22 22:00:00,0,0.0,22
1644430081,2016-04-22 23:00:00,0,0.0,23
1644430081,2016-04-23 00:00:00,0,0.0,0
1644430081,2016-04-23 01:00:00,1,0.016667,1
1644430081,2016-04-23 02:00:00,1,0.016667,2
1644430081,2016-04-23 03:00:00,0,0.0,3
1644430081,2016-04-23 04:00:00,0,0.0,4
1644430081,2016-04-23 05:00:00,0,0.0,5
1644430081,2016-04-23 06:00:00,0,0.0,6
1644430081,2016-04-23 07:00:00,0,0.0,7
1644430081,2016-04-23 08:00:00,2,0.033333,8
1644430081,2016-04-23 09:00:00,0,0.0,9
1644430081,2016-04-23 10:00:00,0,0.0,10
1644430081,2016-04-23 11:00:00,0,0.0,11
1644430081,2016-04-23 12:00:00,0,0.0,12
1644430081,2016-04-23 13:00:00,0,0.0,13
1644430081,2016-04-23 14:00:00,0,0.0,14
1644430081,2016-04-23 15:00:00,0,0.0,15
1644430081,2016-04-23 16:00:00,3,0.05,16
1644430081,2016-04-23 17:00:00,20,0.333333,17
1644430081,2016-04-23 18:00:00,42,0.7,18
1644430081,2016-04-23 19:00:00,52,0.866667,19
1644430081,2016-04-23 20:00:00,64,1.066667,20
1644430081,2016-04-23 21:00:00,4,0.066667,21
1644430081,2016-04-23 22:00:00,0,0.0,22
1644430081,2016-04-23 23:00:00,1,0.016667,23
1644430081,2016-04-24 00:00:00,1,0.016667,0
1644430081,2016-04-24 01:00:00,1,0.016667,1
1644430081,2016-04-24 02:00:00,1,0.016667,2
1644430081,2016-04-24 03:00:00,0,0.0,3
1644430081,2016-04-24 04:00:00,0,0.0,4
1644430081,2016-04-24 05:00:00,0,0.0,5
1644430081,2016-04-24 06:00:00,0,0.0,6
1644430081,2016-04-24 07:00:00,0,0.0,7
1644430081,2016-04-24 08:00:00,0,0.0,8
1644430081,2016-04-24 09:00:00,0,0.0,9
1644430081,2016-04-24 10:00:00,0,0.0,10
1644430081,2016-04-24 11:00:00,0,0.0,11
1644430081,2016-04-24 12:00:00,7,0.116667,12
1644430081,2016-04-24 13:00:00,14,0.233333,13
1644430081,2016-04-24 14:00:00,12,0.2,14
1644430081,2016-04-24 15:00:00,11,0.183333,15
1644430081,2016-04-24 16:00:00,1,0.016667,16
1644430081,2016-04-24 17:00:00,8,0.133333,17
1644430081,2016-04-24 18:00:00,2,0.033333,18
1644430081,2016-04-24 19:00:00,16,0.266667,19
1644430081,2016-04-24 20:00:00,13,0.216667,20
1644430081,2016-04-24 21:00:00,0,0.0,21
1644430081,2016-04-24 22:00:00,1,0.016667,22
1644430081,2016-04-24 23:00:00,1,0.016667,23
1644430081,2016-04-25 00:00:00,0,0.0,0
1644430081,2016-04-25 01:00:00,0,0.0,1
1644430081,2016-04-25 02:00:00,0,0.0,2
1644430081,2016-04-25 03:00:00,0,0.0,3
1644430081,2016-04-25 04:00:00,0,0.0,4
1644430081,2016-04-25 05:00:00,0,0.0,5
1644430081,2016-04-25 06:00:00,0,0.0,6
1644430081,2016-04-25 07:00:00,0,0.0,7
1644430081,2016-04-25 08:00:00,13,0.216667,8
1644430081,2016-04-25 09:00:00,1,0.016667,9
1644430081,2016-04-25 10:00:00,33,0.55,10
1644430081,2016-04-25 11:00:00,7,0.116667,11
1644430081,2016-04-25 12:00:00,2,0.033333,12
1644430081,2016-04-25 13:00:00,14,0.233333,13
1644430081,2016-04-25 14:00:00,0,0.0,14
1644430081,2016-04-25 15:00:00,2,0.033333,15
1644430081,2016-04-25 16:00:00,6,0.1,16
1644430081,2016-04-25 17:00:00,12,0.2,17
1644430081,2016-04-25 18:00:00,10,0.166667,18
1644430081,2016-04-25 19:00:00,15,0.25,19
1644430081,2016-04-25 20:00:00,0,0.0,20
1644430081,2016-04-25 21:00:00,0,0.0,21
1644430081,2016-04-25 22:00:00,0,0.0,22
1644430081,2016-04-25 23:00:00,5,0.083333,23
1644430081,2016-04-26 00:00:00,1,0.016667,0
1644430081,2016-04-26 01:00:00,0,0.0,1
1644430081,2016-04-26 02:00:00,0,0.0,2
1644430081,2016-04-26 03:00:00,0,0.0,3
1644430081,2016-04-26 04:00:00,0,0.0,4
1644430081,2016-04-26 05:00:00,0,0.0,5
1644430081,2016-04-26 06:00:00,0,0.0,6
1644430081,2016-04-26 07:00:00,0,0.0,7
1644430081,2016-04-26 08:00:00,9,0.15,8
1644430081,2016-04-26 09:00:00,12,0.2,9
1644430081,2016-04-26 10:00:00,3,0.05,10
1644430081,2016-04-26 11:00:00,5,0.083333,11
1644430081,2016-04-26 12:00:00,4,0.066667,12
1644430081,2016-04-26 13:00:00,13,0.216667,13
1644430081,2016-04-26 14:00:00,8,0.133333,14
1644430081,2016-04-26 15:00:00,12,0.2,15
1644430081,2016-04-26 16:00:00,8,0.133333,16
1644430081,2016-04-26 17:00:00,8,0.133333,17
1644430081,2016-04-26 18:00:00,41,0.683333,18
1644430081,2016-04-26 19:00:00,40,0.666667,19
1644430081,2016-04-26 20:00:00,34,0.566667,20
1644430081,2016-04-26 21:00:00,83,1.383333,21
1644430081,2016-04-26 22:00:00,53,0.883333,22
1644430081,2016-04-26 23:00:00,4,0.066667,23
1644430081,2016-04-27 00:00:00,0,0.0,0
1644430081,2016-04-27 01:00:00,0,0.0,1
1644430081,2016-04-27 02:00:00,0,0.0,2
1644430081,2016-04-27 03:00:00,0,0.0,3
1644430081,2016-04-27 04:00:00,0,0.0,4
1644430081,2016-04-27 05:00:00,0,0.0,5
1644430081,2016-04-27 06:00:00,0,0.0,6
1644430081,2016-04-27 07:00:00,0,0.0,7
1644430081,2016-04-27 08:00:00,9,0.15,8
1644430081,2016-04-27 09:00:00,7,0.116667,9
1644430081,2016-04-27 10:00:00,9,0.15,10
1644430081,2016-04-27 11:00:00,10,0.166667,11
1644430081,2016-04-27 12:00:00,2,0.033333,12
1644430081,2016-04-27 13:00:00,15,0.25,13
1644430081,2016-04-27 14:00:00,4,0.066667,14
1644430081,2016-04-27 15:00:00,20,0.333333,15
1644430081,2016-04-27 16:00:00,7,0.116667,16
1644430081,2016-04-27 17:00:00,12,0.2,17
1644430081,2016-04-27 18:00:00,13,0.216667,18
1644430081,2016-04-27 19:00:00,6,0.1,19
1644430081,2016-04-27 20:00:00,4,0.066667,20
1644430081,2016-04-27 21:00:00,0,0.0,21
1644430081,2016-04-27 22:00:00,0,0.0,22
1644430081,2016-04-27 23:00:00,0,0.0,23
1644430081,2016-04-28 00:00:00,0,0.0,0
1644430081,2016-04-28 01:00:00,0,0.0,1
1644430081,2016-04-28 02:00:00,0,0.0,2
1644430081,2016-04-28 03:00:00,0,0.0,3
1644430081,2016-04-28 04:00:00,0,0.0,4
1644430081,2016-04-28 05:00:00,0,0.0,5
1644430081,2016-04-28 06:00:00,0,0.0,6
1644430081,2016-04-28 07:00:00,0,0.0,7
1644430081,2016-04-28 08:00:00,7,0.116667,8
1644430081,2016-04-28 09:00:00,7,0.116667,9
1644430081,2016-04-28 10:00:00,13,0.216667,10
1644430081,2016-04-28 11:00:00,5,0.083333,11
1644430081,2016-04-28 12:00:00,4,0.066667,12
1644430081,2016-04-28 13:00:00,10,0.166667,13
1644430081,2016-04-28 14:00:00,5,0.083333,14
1644430081,2016-04-28 15:00:00,13,0.216667,15
1644430081,2016-04-28 16:00:00,11,0.183333,16
1644430081,2016-04-28 17:00:00,11,0.183333,17
1644430081,2016-04-28 18:00:00,45,0.75,18
1644430081,2016-04-28 19:00:00,60,1.0,19
1644430081,2016-04-28 20:00:00,47,0.783333,20
1644430081,2016-04-28 21:00:00,63,1.05,21
1644430081,2016-04-28 22:00:00,41,0.683333,22
1644430081,2016-04-28 23:00:00,0,0.0,23
1644430081,2016-04-29 00:00:00,0,0.0,0
1644430081,2016-04-29 01:00:00,0,0.0,1
1644430081,2016-04-29 02:00:00,0,0.0,2
1644430081,2016-04-29 03:00:00,0,0.0,3
1644430081,2016-04-29 04:00:00,0,0.0,4
1644430081,2016-04-29 05:00:00,0,0.0,5
1644430081,2016-04-29 06:00:00,0,0.0,6
1644430081,2016-04-29 07:00:00,7,0.116667,7
1644430081,2016-04-29 08:00:00,4,0.066667,8
1644430081,2016-04-29 09:00:00,4,0.066667,9
1644430081,2016-04-29 10:00:00,11,0.183333,10
1644430081,2016-04-29 11:00:00,14,0.233333,11
1644430081,2016-04-29 12:00:00,2,0.033333,12
1644430081,2016-04-29 13:00:00,13,0.216667,13
1644430081,2016-04-29 14:00:00,16,0.266667,14
1644430081,2016-04-29 15:00:00,16,0.266667,15
1644430081,2016-04-29 16:00:00,8,0.133333,16
1644430081,2016-04-29 17:00:00,17,0.283333,17
1644430081,2016-04-29 18:00:00,4,0.066667,18
1644430081,2016-04-29 19:00:00,0,0.0,19
1644430081,2016-04-29 20:00:00,0,0.0,20
1644430081,2016-04-29 21:00:00,4,0.066667,21
1644430081,2016-04-29 22:00:00,0,0.0,22
1644430081,2016-04-29 23:00:00,0,0.0,23
1644430081,2016-04-30 00:00:00,0,0.0,0
1644430081,2016-04-30 01:00:00,0,0.0,1
1644430081,2016-04-30 02:00:00,0,0.0,2
1644430081,2016-04-30 03:00:00,0,0.0,3
1644430081,2016-04-30 04:00:00,0,0.0,4
1644430081,2016-04-30 05:00:00,0,0.0,5
1644430081,2016-04-30 06:00:00,0,0.0,6
1644430081,2016-04-30 07:00:00,32,0.533333,7
1644430081,2016-04-30 08:00:00,36,0.6,8
1644430081,2016-04-30 09:00:00,33,0.55,9
1644430081,2016-04-30 10:00:00,30,0.5,10
1644430081,2016-04-30 11:00:00,42,0.7,11
1644430081,2016-04-30 12:00:00,31,0.516667,12
1644430081,2016-04-30 13:00:00,24,0.4,13
1644430081,2016-04-30 14:00:00,13,0.216667,14
1644430081,2016-04-30 15:00:00,3,0.05,15
1644430081,2016-04-30 16:00:00,0,0.0,16
1644430081,2016-04-30 17:00:00,19,0.316667,17
1644430081,2016-04-30 18:00:00,94,1.566667,18
1644430081,2016-04-30 19:00:00,60,1.0,19
1644430081,2016-04-30 20:00:00,37,0.616667,20
1644430081,2016-04-30 21:00:00,81,1.35,21
1644430081,2016-04-30 22:00:00,36,0.6,22
1644430081,2016-04-30 23:00:00,0,0.0,23
1644430081,2016-05-01 00:00:00,0,0.0,0
1644430081,2016-05-01 01:00:00,0,0.0,1
1644430081,2016-05-01 02:00:00,0,0.0,2
1644430081,2016-05-01 03:00:00,0,0.0,3
1644430081,2016-05-01 04:00:00,0,0.0,4
1644430081,2016-05-01 05:00:00,0,0.0,5
1644430081,2016-05-01 06:00:00,0,0.0,6
1644430081,2016-05-01 07:00:00,0,0.0,7
1644430081,2016-05-01 08:00:00,0,0.0,8
1644430081,2016-05-01 09:00:00,0,0.0,9
1644430081,2016-05-01 10:00:00,0,0.0,10
1644430081,2016-05-01 11:00:00,0,0.0,11
1644430081,2016-05-01 12:00:00,9,0.15,12
1644430081,2016-05-01 13:00:00,5,0.083333,13
1644430081,2016-05-01 14:00:00,38,0.633333,14
1644430081,2016-05-01 15:00:00,8,0.133333,15
1644430081,2016-05-01 16:00:00,44,0.733333,16
1644430081,2016-05-01 17:00:00,20,0.333333,17
1644430081,2016-05-01 18:00:00,34,0.566667,18
1644430081,2016-05-01 19:00:00,27,0.45,19
1644430081,2016-05-01 20:00:00,18,0.3,20
1644430081,2016-05-01 21:00:00,0,0.0,21
1644430081,2016-05-01 22:00:00,0,0.0,22
1644430081,2016-05-01 23:00:00,0,0.0,23
1644430081,2016-05-02 00:00:00,0,0.0,0
1644430081,2016-05-02 01:00:00,0,0.0,1
1644430081,2016-05-02 02:00:00,0,0.0,2
1644430081,2016-05-02 03:00:00,0,0.0,3
1644430081,2016-05-02 04:00:00,0,0.0,4
1644430081,2016-05-02 05:00:00,0,0.0,5
1644430081,2016-05-02 06:00:00,0,0.0,6
1644430081,2016-05-02 07:00:00,0,0.0,7
1644430081,2016-05-02 08:00:00,0,0.0,8
1644430081,2016-05-02 09:00:00,0,0.0,9
1644430081,2016-05-02 10:00:00,0,0.0,10
1644430081,2016-05-02 11:00:00,12,0.2,11
1644430081,2016-05-02 12:00:00,7,0.116667,12
1644430081,2016-05-02 13:00:00,3,0.05,13
1644430081,2016-05-02 14:00:00,16,0.266667,14
1644430081,2016-05-02 15:00:00,7,0.116667,15
1644430081,2016-05-02 16:00:00,16,0.266667,16
1644430081,2016-05-02 17:00:00,18,0.3,17
1644430081,2016-05-02 18:00:00,23,0.383333,18
1644430081,2016-05-02 19:00:00,30,0.5,19
1644430081,2016-05-02 20:00:00,10,0.166667,20
1644430081,2016-05-02 21:00:00,0,0.0,21
1644430081,2016-05-02 22:00:00,0,0.0,22
1644430081,2016-05-02 23:00:00,0,0.0,23
1644430081,2016-05-03 00:00:00,1,0.016667,0
1644430081,2016-05-03 01:00:00,0,0.0,1
1644430081,2016-05-03 02:00:00,0,0.0,2
1644430081,2016-05-03 03:00:00,0,0.0,3
1644430081,2016-05-03 04:00:00,0,0.0,4
1644430081,2016-05-03 05:00:00,0,0.0,5
1644430081,2016-05-03 06:00:00,0,0.0,6
1644430081,2016-05-03 07:00:00,0,0.0,7
1644430081,2016-05-03 08:00:00,6,0.1,8
1644430081,2016-05-03 09:00:00,5,0.083333,9
1644430081,2016-05-03 10:00:00,20,0.333333,10
1644430081,2016-05-03 11:00:00,9,0.15,11
1644430081,2016-05-03 12:00:00,3,0.05,12
1644430081,2016-05-03 13:00:00,18,0.3,13
1644430081,2016-05-03 14:00:00,4,0.066667,14
1644430081,2016-05-03 15:00:00,2,0.033333,15
1644430081,2016-05-03 16:00:00,9,0.15,16
1644430081,2016-05-03 17:00:00,12,0.2,17
1644430081,2016-05-03 18:00:00,37,0.616667,18
1644430081,2016-05-03 19:00:00,64,1.066667,19
1644430081,2016-05-03 20:00:00,90,1.5,20
1644430081,2016-05-03 21:00:00,88,1.466667,21
1644430081,2016-05-03 22:00:00,67,1.116667,22
1644430081,2016-05-03 23:00:00,1,0.016667,23
1644430081,2016-05-04 00:00:00,1,0.016667,0
1644430081,2016-05-04 01:00:00,0,0.0,1
1644430081,2016-05-04 02:00:00,0,0.0,2
1644430081,2016-05-04 03:00:00,0,0.0,3
1644430081,2016-05-04 04:00:00,0,0.0,4
1644430081,2016-05-04 05:00:00,0,0.0,5
1644430081,2016-05-04 06:00:00,0,0.0,6
1644430081,2016-05-04 07:00:00,0,0.0,7
1644430081,2016-05-04 08:00:00,10,0.166667,8
1644430081,2016-05-04 09:00:00,0,0.0,9
1644430081,2016-05-04 10:00:00,0,0.0,10
1644430081,2016-05-04 11:00:00,0,0.0,11
1644430081,2016-05-04 12:00:00,3,0.05,12
1644430081,2016-05-04 13:00:00,5,0.083333,13
1644430081,2016-05-04 14:00:00,0,0.0,14
1644430081,2016-05-04 15:00:00,17,0.283333,15
1644430081,2016-05-04 16:00:00,0,0.0,16
1644430081,2016-05-04 17:00:00,0,0.0,17
1644430081,2016-05-04 18:00:00,12,0.2,18
1644430081,2016-05-04 19:00:00,0,0.0,19
1644430081,2016-05-04 20:00:00,2,0.033333,20
1644430081,2016-05-04 21:00:00,1,0.016667,21
1644430081,2016-05-04 22:00:00,1,0.016667,22
1644430081,2016-05-04 23:00:00,0,0.0,23
1644430081,2016-05-05 00:00:00,0,0.0,0
1644430081,2016-05-05 01:00:00,0,0.0,1
1644430081,2016-05-05 02:00:00,0,0.0,2
1644430081,2016-05-05 03:00:00,0,0.0,3
1644430081,2016-05-05 04:00:00,0,0.0,4
1644430081,2016-05-05 05:00:00,0,0.0,5
1644430081,2016-05-05 06:00:00,0,0.0,6
1644430081,2016-05-05 07:00:00,0,0.0,7
1644430081,2016-05-05 08:00:00,8,0.133333,8
1644430081,2016-05-05 09:00:00,0,0.0,9
1644430081,2016-05-05 10:00:00,0,0.0,10
1644430081,2016-05-05 11:00:00,0,0.0,11
1644430081,2016-05-05 12:00:00,7,0.116667,12
1644430081,2016-05-05 13:00:00,1,0.016667,13
1644430081,2016-05-05 14:00:00,0,0.0,14
1644430081,2016-05-05 15:00:00,0,0.0,15
1644430081,2016-05-05 16:00:00,0,0.0,16
1644430081,2016-05-05 17:00:00,9,0.15,17
1644430081,2016-05-05 18:00:00,7,0.116667,18
1644430081,2016-05-05 19:00:00,29,0.483333,19
1644430081,2016-05-05 20:00:00,7,0.116667,20
1644430081,2016-05-05 21:00:00,11,0.183333,21
1644430081,2016-05-05 22:00:00,6,0.1,22
1644430081,2016-05-05 23:00:00,38,0.633333,23
1644430081,2016-05-06 00:00:00,41,0.683333,0
1644430081,2016-05-06 01:00:00,26,0.433333,1
1644430081,2016-05-06 02:00:00,36,0.6,2
1644430081,2016-05-06 03:00:00,35,0.583333,3
1644430081,2016-05-06 04:00:00,4,0.066667,4
1644430081,2016-05-06 05:00:00,4,0.066667,5
1644430081,2016-05-06 06:00:00,4,0.066667,6
1644430081,2016-05-06 07:00:00,4,0.066667,7
1644430081,2016-05-06 08:00:00,13,0.216667,8
1644430081,2016-05-06 09:00:00,35,0.583333,9
1644430081,2016-05-06 10:00:00,7,0.116667,10
1644430081,2016-05-06 11:00:00,4,0.066667,11
1644430081,2016-05-06 12:00:00,35,0.583333,12
1644430081,2016-05-06 13:00:00,39,0.65,13
1644430081,2016-05-06 14:00:00,13,0.216667,14
1644430081,2016-05-06 15:00:00,39,0.65,15
1644430081,2016-05-06 16:00:00,6,0.1,16
1644430081,2016-05-06 17:00:00,13,0.216667,17
1644430081,2016-05-06 18:00:00,11,0.183333,18
1644430081,2016-05-06 19:00:00,10,0.166667,19
1644430081,2016-05-06 20:00:00,9,0.15,20
1644430081,2016-05-06 21:00:00,29,0.483333,21
1644430081,2016-05-06 22:00:00,5,0.083333,22
1644430081,2016-05-06 23:00:00,2,0.033333,23
1644430081,2016-05-07 00:00:00,6,0.1,0
1644430081,2016-05-07 01:00:00,0,0.0,1
1644430081,2016-05-07 02:00:00,0,0.0,2
1644430081,2016-05-07 03:00:00,0,0.0,3
1644430081,2016-05-07 04:00:00,0,0.0,4
1644430081,2016-05-07 05:00:00,0,0.0,5
1644430081,2016-05-07 06:00:00,0,0.0,6
1644430081,2016-05-07 07:00:00,0,0.0,7
1644430081,2016-05-07 08:00:00,14,0.233333,8
1644430081,2016-05-07 09:00:00,4,0.066667,9
1644430081,2016-05-07 10:00:00,6,0.1,10
1644430081,2016-05-07 11:00:00,47,0.783333,11
1644430081,2016-05-07 12:00:00,54,0.9,12
1644430081,2016-05-07 13:00:00,61,1.016667,13
1644430081,2016-05-07 14:00:00,46,0.766667,14
1644430081,2016-05-07 15:00:00,24,0.4,15
1644430081,2016-05-07 16:00:00,29,0.483333,16
1644430081,2016-05-07 17:00:00,43,0.716667,17
1644430081,2016-05-07 18:00:00,1,0.016667,18
1644430081,2016-05-07 19:00:00,10,0.166667,19
1644430081,2016-05-07 20:00:00,20,0.333333,20
1644430081,2016-05-07 21:00:00,12,0.2,21
1644430081,2016-05-07 22:00:00,13,0.216667,22
1644430081,2016-05-07 23:00:00,10,0.166667,23
1644430081,2016-05-08 00:00:00,9,0.15,0
1644430081,2016-05-08 01:00:00,16,0.266667,1
1644430081,2016-05-08 02:00:00,21,0.35,2
1644430081,2016-05-08 03:00:00,7,0.116667,3
1644430081,2016-05-08 04:00:00,7,0.116667,4
1644430081,2016-05-08 05:00:00,7,0.116667,5
1644430081,2016-05-08 06:00:00,7,0.116667,6
1644430081,2016-05-08 07:00:00,7,0.116667,7
1644430081,2016-05-08 08:00:00,7,0.116667,8
1644430081,2016-05-08 09:00:00,21,0.35,9
1644430081,2016-05-08 10:00:00,23,0.383333,10
1644430081,2016-05-08 11:00:00,16,0.266667,11
1644430081,2016-05-08 12:00:00,10,0.166667,12
1644430081,2016-05-08 13:00:00,14,0.233333,13
1644430081,2016-05-08 14:00:00,14,0.233333,14
1644430081,2016-05-08 15:00:00,11,0.183333,15
1644430081,2016-05-08 16:00:00,15,0.25,16
1644430081,2016-05-08 17:00:00,24,0.4,17
1644430081,2016-05-08 18:00:00,2,0.033333,18
1644430081,2016-05-08 19:00:00,2,0.033333,19
1644430081,2016-05-08 20:00:00,2,0.033333,20
1644430081,2016-05-08 21:00:00,16,0.266667,21
1644430081,2016-05-08 22:00:00,23,0.383333,22
1644430081,2016-05-08 23:00:00,14,0.233333,23
1644430081,2016-05-09 00:00:00,2,0.033333,0
1644430081,2016-05-09 01:00:00,1,0.016667,1
1644430081,2016-05-09 02:00:00,1,0.016667,2
1644430081,2016-05-09 03:00:00,1,0.016667,3
1644430081,2016-05-09 04:00:00,1,0.016667,4
1644430081,2016-05-09 05:00:00,1,0.016667,5
1644430081,2016-05-09 06:00:00,1,0.016667,6
1644430081,2016-05-09 07:00:00,1,0.016667,7
1644430081,2016-05-09 08:00:00,28,0.466667,8
1644430081,2016-05-09 09:00:00,15,0.25,9
1644430081,2016-05-09 10:00:00,14,0.233333,10
1644430081,2016-05-09 11:00:00,16,0.266667,11
1644430081,2016-05-09 12:00:00,60,1.0,12
1644430081,2016-05-09 13:00:00,48,0.8,13
1644430081,2016-05-09 14:00:00,17,0.283333,14
1644430081,2016-05-09 15:00:00,18,0.3,15
1644430081,2016-05-09 16:00:00,17,0.283333,16
1644430081,2016-05-09 17:00:00,17,0.283333,17
1644430081,2016-05-09 18:00:00,16,0.266667,18
1644430081,2016-05-09 19:00:00,115,1.916667,19
1644430081,2016-05-09 20:00:00,17,0.283333,20
1644430081,2016-05-09 21:00:00,3,0.05,21
1644430081,2016-05-09 22:00:00,0,0.0,22
1644430081,2016-05-09 23:00:00,1,0.016667,23
1644430081,2016-05-10 00:00:00,1,0.016667,0
1644430081,2016-05-10 01:00:00,0,0.0,1
1644430081,2016-05-10 02:00:00,0,0.0,2
1644430081,2016-05-10 03:00:00,0,0.0,3
1644430081,2016-05-10 04:00:00,0,0.0,4
1644430081,2016-05-10 05:00:00,0,0.0,5
1644430081,2016-05-10 06:00:00,0,0.0,6
1644430081,2016-05-10 07:00:00,0,0.0,7
1644430081,2016-05-10 08:00:00,4,0.066667,8
1644430081,2016-05-10 09:00:00,9,0.15,9
1644430081,2016-05-10 10:00:00,5,0.083333,10
1644430081,2016-05-10 11:00:00,0,0.0,11
1644430081,2016-05-10 12:00:00,0,0.0,12
1644430081,2016-05-10 13:00:00,10,0.166667,13
1644430081,2016-05-10 14:00:00,0,0.0,14
1644430081,2016-05-10 15:00:00,0,0.0,15
1644430081,2016-05-10 16:00:00,0,0.0,16
1644430081,2016-05-10 17:00:00,0,0.0,17
1644430081,2016-05-10 18:00:00,36,0.6,18
1644430081,2016-05-10 19:00:00,41,0.683333,19
1644430081,2016-05-10 20:00:00,28,0.466667,20
1644430081,2016-05-10 21:00:00,71,1.183333,21
1644430081,2016-05-10 22:00:00,23,0.383333,22
1644430081,2016-05-10 23:00:00,1,0.016667,23
1644430081,2016-05-11 00:00:00,0,0.0,0
1644430081,2016-05-11 01:00:00,0,0.0,1
1644430081,2016-05-11 02:00:00,0,0.0,2
1644430081,2016-05-11 03:00:00,0,0.0,3
1644430081,2016-05-11 04:00:00,0,0.0,4
1644430081,2016-05-11 05:00:00,0,0.0,5
1644430081,2016-05-11 06:00:00,0,0.0,6
1644430081,2016-05-11 07:00:00,8,0.133333,7
1644430081,2016-05-11 08:00:00,8,0.133333,8
1644430081,2016-05-11 09:00:00,11,0.183333,9
1644430081,2016-05-11 10:00:00,8,0.133333,10
1644430081,2016-05-11 11:00:00,5,0.083333,11
1844505072,2016-04-12 00:00:00,0,0.0,0
1844505072,2016-04-12 01:00:00,0,0.0,1
1844505072,2016-04-12 02:00:00,0,0.0,2
1844505072,2016-04-12 03:00:00,0,0.0,3
1844505072,2016-04-12 04:00:00,0,0.0,4
1844505072,2016-04-12 05:00:00,0,0.0,5
1844505072,2016-04-12 06:00:00,0,0.0,6
1844505072,2016-04-12 07:00:00,0,0.0,7
1844505072,2016-04-12 08:00:00,5,0.083333,8
1844505072,2016-04-12 09:00:00,36,0.6,9
1844505072,2016-04-12 10:00:00,24,0.4,10
1844505072,2016-04-12 11:00:00,25,0.416667,11
1844505072,2016-04-12 12:00:00,37,0.616667,12
1844505072,2016-04-12 13:00:00,20,0.333333,13
1844505072,2016-04-12 14:00:00,21,0.35,14
1844505072,2016-04-12 15:00:00,24,0.4,15
1844505072,2016-04-12 16:00:00,26,0.433333,16
1844505072,2016-04-12 17:00:00,22,0.366667,17
1844505072,2016-04-12 18:00:00,20,0.333333,18
1844505072,2016-04-12 19:00:00,20,0.333333,19
1844505072,2016-04-12 20:00:00,24,0.4,20
1844505072,2016-04-12 21:00:00,11,0.183333,21
1844505072,2016-04-12 22:00:00,20,0.333333,22
1844505072,2016-04-12 23:00:00,4,0.066667,23
1844505072,2016-04-13 00:00:00,0,0.0,0
1844505072,2016-04-13 01:00:00,0,0.0,1
1844505072,2016-04-13 02:00:00,0,0.0,2
1844505072,2016-04-13 03:00:00,0,0.0,3
1844505072,2016-04-13 04:00:00,0,0.0,4
1844505072,2016-04-13 05:00:00,0,0.0,5
1844505072,2016-04-13 06:00:00,0,0.0,6
1844505072,2016-04-13 07:00:00,0,0.0,7
1844505072,2016-04-13 08:00:00,0,0.0,8
1844505072,2016-04-13 09:00:00,0,0.0,9
1844505072,2016-04-13 10:00:00,28,0.466667,10
1844505072,2016-04-13 11:00:00,16,0.266667,11
1844505072,2016-04-13 12:00:00,18,0.3,12
1844505072,2016-04-13 13:00:00,4,0.066667,13
1844505072,2016-04-13 14:00:00,8,0.133333,14
1844505072,2016-04-13 15:00:00,13,0.216667,15
1844505072,2016-04-13 16:00:00,21,0.35,16
1844505072,2016-04-13 17:00:00,15,0.25,17
1844505072,2016-04-13 18:00:00,27,0.45,18
1844505072,2016-04-13 19:00:00,19,0.316667,19
1844505072,2016-04-13 20:00:00,21,0.35,20
1844505072,2016-04-13 21:00:00,26,0.433333,21
1844505072,2016-04-13 22:00:00,10,0.166667,22
1844505072,2016-04-13 23:00:00,22,0.366667,23
1844505072,2016-04-14 00:00:00,12,0.2,0
1844505072,2016-04-14 01:00:00,4,0.066667,1
1844505072,2016-04-14 02:00:00,0,0.0,2
1844505072,2016-04-14 03:00:00,0,0.0,3
1844505072,2016-04-14 04:00:00,0,0.0,4
1844505072,2016-04-14 05:00:00,0,0.0,5
1844505072,2016-04-14 06:00:00,0,0.0,6
1844505072,2016-04-14 07:00:00,3,0.05,7
1844505072,2016-04-14 08:00:00,29,0.483333,8
1844505072,2016-04-14 09:00:00,28,0.466667,9
1844505072,2016-04-14 10:00:00,37,0.616667,10
1844505072,2016-04-14 11:00:00,30,0.5,11
1844505072,2016-04-14 12:00:00,12,0.2,12
1844505072,2016-04-14 13:00:00,30,0.5,13
1844505072,2016-04-14 14:00:00,10,0.166667,14
1844505072,2016-04-14 15:00:00,17,0.283333,15
1844505072,2016-04-14 16:00:00,15,0.25,16
1844505072,2016-04-14 17:00:00,29,0.483333,17
1844505072,2016-04-14 18:00:00,12,0.2,18
1844505072,2016-04-14 19:00:00,43,0.716667,19
1844505072,2016-04-14 20:00:00,25,0.416667,20
1844505072,2016-04-14 21:00:00,19,0.316667,21
1844505072,2016-04-14 22:00:00,10,0.166667,22
1844505072,2016-04-14 23:00:00,8,0.133333,23
1844505072,2016-04-15 00:00:00,3,0.05,0
1844505072,2016-04-15 01:00:00,0,0.0,1
1844505072,2016-04-15 02:00:00,0,0.0,2
1844505072,2016-04-15 03:00:00,0,0.0,3
1844505072,2016-04-15 04:00:00,0,0.0,4
1844505072,2016-04-15 05:00:00,0,0.0,5
1844505072,2016-04-15 06:00:00,0,0.0,6
1844505072,2016-04-15 07:00:00,0,0.0,7
1844505072,2016-04-15 08:00:00,0,0.0,8
1844505072,2016-04-15 09:00:00,0,0.0,9
1844505072,2016-04-15 10:00:00,11,0.183333,10
1844505072,2016-04-15 11:00:00,16,0.266667,11
1844505072,2016-04-15 12:00:00,17,0.283333,12
1844505072,2016-04-15 13:00:00,20,0.333333,13
1844505072,2016-04-15 14:00:00,20,0.333333,14
1844505072,2016-04-15 15:00:00,21,0.35,15
1844505072,2016-04-15 16:00:00,20,0.333333,16
1844505072,2016-04-15 17:00:00,7,0.116667,17
1844505072,2016-04-15 18:00:00,0,0.0,18
1844505072,2016-04-15 19:00:00,0,0.0,19
1844505072,2016-04-15 20:00:00,0,0.0,20
1844505072,2016-04-15 21:00:00,10,0.166667,21
1844505072,2016-04-15 22:00:00,13,0.216667,22
1844505072,2016-04-15 23:00:00,18,0.3,23
1844505072,2016-04-16 00:00:00,0,0.0,0
1844505072,2016-04-16 01:00:00,0,0.0,1
1844505072,2016-04-16 02:00:00,0,0.0,2
1844505072,2016-04-16 03:00:00,0,0.0,3
1844505072,2016-04-16 04:00:00,0,0.0,4
1844505072,2016-04-16 05:00:00,0,0.0,5
1844505072,2016-04-16 06:00:00,0,0.0,6
1844505072,2016-04-16 07:00:00,0,0.0,7
1844505072,2016-04-16 08:00:00,0,0.0,8
1844505072,2016-04-16 09:00:00,3,0.05,9
1844505072,2016-04-16 10:00:00,20,0.333333,10
1844505072,2016-04-16 11:00:00,30,0.5,11
1844505072,2016-04-16 12:00:00,22,0.366667,12
1844505072,2016-04-16 13:00:00,41,0.683333,13
1844505072,2016-04-16 14:00:00,25,0.416667,14
1844505072,2016-04-16 15:00:00,5,0.083333,15
1844505072,2016-04-16 16:00:00,1,0.016667,16
1844505072,2016-04-16 17:00:00,0,0.0,17
1844505072,2016-04-16 18:00:00,0,0.0,18
1844505072,2016-04-16 19:00:00,0,0.0,19
1844505072,2016-04-16 20:00:00,0,0.0,20
1844505072,2016-04-16 21:00:00,0,0.0,21
1844505072,2016-04-16 22:00:00,0,0.0,22
1844505072,2016-04-16 23:00:00,0,0.0,23
1844505072,2016-04-17 00:00:00,0,0.0,0
1844505072,2016-04-17 01:00:00,0,0.0,1
1844505072,2016-04-17 02:00:00,0,0.0,2
1844505072,2016-04-17 03:00:00,0,0.0,3
1844505072,2016-04-17 04:00:00,0,0.0,4
1844505072,2016-04-17 05:00:00,0,0.0,5
1844505072,2016-04-17 06:00:00,0,0.0,6
1844505072,2016-04-17 07:00:00,0,0.0,7
1844505072,2016-04-17 08:00:00,0,0.0,8
1844505072,2016-04-17 09:00:00,0,0.0,9
1844505072,2016-04-17 10:00:00,0,0.0,10
1844505072,2016-04-17 11:00:00,0,0.0,11
1844505072,2016-04-17 12:00:00,0,0.0,12
1844505072,2016-04-17 13:00:00,0,0.0,13
1844505072,2016-04-17 14:00:00,24,0.4,14
1844505072,2016-04-17 15:00:00,31,0.516667,15
1844505072,2016-04-17 16:00:00,50,0.833333,16
1844505072,2016-04-17 17:00:00,20,0.333333,17
1844505072,2016-04-17 18:00:00,14,0.233333,18
1844505072,2016-04-17 19:00:00,22,0.366667,19
1844505072,2016-04-17 20:00:00,23,0.383333,20
1844505072,2016-04-17 21:00:00,16,0.266667,21
1844505072,2016-04-17 22:00:00,12,0.2,22
1844505072,2016-04-17 23:00:00,9,0.15,23
1844505072,2016-04-18 00:00:00,21,0.35,0
1844505072,2016-04-18 01:00:00,0,0.0,1
1844505072,2016-04-18 02:00:00,0,0.0,2
1844505072,2016-04-18 03:00:00,0,0.0,3
1844505072,2016-04-18 04:00:00,0,0.0,4
1844505072,2016-04-18 05:00:00,0,0.0,5
1844505072,2016-04-18 06:00:00,7,0.116667,6
1844505072,2016-04-18 07:00:00,5,0.083333,7
1844505072,2016-04-18 08:00:00,17,0.283333,8
1844505072,2016-04-18 09:00:00,12,0.2,9
1844505072,2016-04-18 10:00:00,16,0.266667,10
1844505072,2016-04-18 11:00:00,0,0.0,11
1844505072,2016-04-18 12:00:00,0,0.0,12
1844505072,2016-04-18 13:00:00,0,0.0,13
1844505072,2016-04-18 14:00:00,0,0.0,14
1844505072,2016-04-18 15:00:00,3,0.05,15
1844505072,2016-04-18 16:00:00,1,0.016667,16
1844505072,2016-04-18 17:00:00,13,0.216667,17
1844505072,2016-04-18 18:00:00,24,0.4,18
1844505072,2016-04-18 19:00:00,36,0.6,19
1844505072,2016-04-18 20:00:00,17,0.283333,20
1844505072,2016-04-18 21:00:00,18,0.3,21
1844505072,2016-04-18 22:00:00,44,0.733333,22
1844505072,2016-04-18 23:00:00,7,0.116667,23
1844505072,2016-04-19 00:00:00,7,0.116667,0
1844505072,2016-04-19 01:00:00,0,0.0,1
1844505072,2016-04-19 02:00:00,0,0.0,2
1844505072,2016-04-19 03:00:00,0,0.0,3
1844505072,2016-04-19 04:00:00,0,0.0,4
1844505072,2016-04-19 05:00:00,0,0.0,5
1844505072,2016-04-19 06:00:00,0,0.0,6
1844505072,2016-04-19 07:00:00,0,0.0,7
1844505072,2016-04-19 08:00:00,0,0.0,8
1844505072,2016-04-19 09:00:00,0,0.0,9
1844505072,2016-04-19 10:00:00,3,0.05,10
1844505072,2016-04-19 11:00:00,0,0.0,11
1844505072,2016-04-19 12:00:00,0,0.0,12
1844505072,2016-04-19 13:00:00,0,0.0,13
1844505072,2016-04-19 14:00:00,0,0.0,14
1844505072,2016-04-19 15:00:00,0,0.0,15
1844505072,2016-04-19 16:00:00,0,0.0,16
1844505072,2016-04-19 17:00:00,0,0.0,17
1844505072,2016-04-19 18:00:00,0,0.0,18
1844505072,2016-04-19 19:00:00,0,0.0,19
1844505072,2016-04-19 20:00:00,0,0.0,20
1844505072,2016-04-19 21:00:00,0,0.0,21
1844505072,2016-04-19 22:00:00,0,0.0,22
1844505072,2016-04-19 23:00:00,0,0.0,23
1844505072,2016-04-20 00:00:00,0,0.0,0
1844505072,2016-04-20 01:00:00,0,0.0,1
1844505072,2016-04-20 02:00:00,0,0.0,2
1844505072,2016-04-20 03:00:00,0,0.0,3
1844505072,2016-04-20 04:00:00,0,0.0,4
1844505072,2016-04-20 05:00:00,0,0.0,5
1844505072,2016-04-20 06:00:00,0,0.0,6
1844505072,2016-04-20 07:00:00,0,0.0,7
1844505072,2016-04-20 08:00:00,0,0.0,8
1844505072,2016-04-20 09:00:00,0,0.0,9
1844505072,2016-04-20 10:00:00,0,0.0,10
1844505072,2016-04-20 11:00:00,0,0.0,11
1844505072,2016-04-20 12:00:00,0,0.0,12
1844505072,2016-04-20 13:00:00,0,0.0,13
1844505072,2016-04-20 14:00:00,0,0.0,14
1844505072,2016-04-20 15:00:00,0,0.0,15
1844505072,2016-04-20 16:00:00,0,0.0,16
1844505072,2016-04-20 17:00:00,0,0.0,17
1844505072,2016-04-20 18:00:00,0,0.0,18
1844505072,2016-04-20 19:00:00,0,0.0,19
1844505072,2016-04-20 20:00:00,0,0.0,20
1844505072,2016-04-20 21:00:00,0,0.0,21
1844505072,2016-04-20 22:00:00,1,0.016667,22
1844505072,2016-04-20 23:00:00,0,0.0,23
1844505072,2016-04-21 00:00:00,0,0.0,0
1844505072,2016-04-21 01:00:00,0,0.0,1
1844505072,2016-04-21 02:00:00,0,0.0,2
1844505072,2016-04-21 03:00:00,0,0.0,3
1844505072,2016-04-21 04:00:00,0,0.0,4
1844505072,2016-04-21 05:00:00,0,0.0,5
1844505072,2016-04-21 06:00:00,0,0.0,6
1844505072,2016-04-21 07:00:00,0,0.0,7
1844505072,2016-04-21 08:00:00,13,0.216667,8
1844505072,2016-04-21 09:00:00,35,0.583333,9
1844505072,2016-04-21 10:00:00,30,0.5,10
1844505072,2016-04-21 11:00:00,21,0.35,11
1844505072,2016-04-21 12:00:00,9,0.15,12
1844505072,2016-04-21 13:00:00,19,0.316667,13
1844505072,2016-04-21 14:00:00,17,0.283333,14
1844505072,2016-04-21 15:00:00,15,0.25,15
1844505072,2016-04-21 16:00:00,22,0.366667,16
1844505072,2016-04-21 17:00:00,35,0.583333,17
1844505072,2016-04-21 18:00:00,16,0.266667,18
1844505072,2016-04-21 19:00:00,16,0.266667,19
1844505072,2016-04-21 20:00:00,67,1.116667,20
1844505072,2016-04-21 21:00:00,6,0.1,21
1844505072,2016-04-21 22:00:00,19,0.316667,22
1844505072,2016-04-21 23:00:00,0,0.0,23
1844505072,2016-04-22 00:00:00,0,0.0,0
1844505072,2016-04-22 01:00:00,0,0.0,1
1844505072,2016-04-22 02:00:00,0,0.0,2
1844505072,2016-04-22 03:00:00,0,0.0,3
1844505072,2016-04-22 04:00:00,0,0.0,4
1844505072,2016-04-22 05:00:00,0,0.0,5
1844505072,2016-04-22 06:00:00,0,0.0,6
1844505072,2016-04-22 07:00:00,0,0.0,7
1844505072,2016-04-22 08:00:00,0,0.0,8
1844505072,2016-04-22 09:00:00,0,0.0,9
1844505072,2016-04-22 10:00:00,18,0.3,10
1844505072,2016-04-22 11:00:00,26,0.433333,11
1844505072,2016-04-22 12:00:00,21,0.35,12
1844505072,2016-04-22 13:00:00,21,0.35,13
1844505072,2016-04-22 14:00:00,27,0.45,14
1844505072,2016-04-22 15:00:00,6,0.1,15
1844505072,2016-04-22 16:00:00,0,0.0,16
1844505072,2016-04-22 17:00:00,0,0.0,17
1844505072,2016-04-22 18:00:00,6,0.1,18
1844505072,2016-04-22 19:00:00,34,0.566667,19
1844505072,2016-04-22 20:00:00,15,0.25,20
1844505072,2016-04-22 21:00:00,20,0.333333,21
1844505072,2016-04-22 22:00:00,9,0.15,22
1844505072,2016-04-22 23:00:00,17,0.283333,23
1844505072,2016-04-23 00:00:00,7,0.116667,0
1844505072,2016-04-23 01:00:00,0,0.0,1
1844505072,2016-04-23 02:00:00,0,0.0,2
1844505072,2016-04-23 03:00:00,0,0.0,3
1844505072,2016-04-23 04:00:00,0,0.0,4
1844505072,2016-04-23 05:00:00,0,0.0,5
1844505072,2016-04-23 06:00:00,0,0.0,6
1844505072,2016-04-23 07:00:00,0,0.0,7
1844505072,2016-04-23 08:00:00,0,0.0,8
1844505072,2016-04-23 09:00:00,0,0.0,9
1844505072,2016-04-23 10:00:00,10,0.166667,10
1844505072,2016-04-23 11:00:00,31,0.516667,11
1844505072,2016-04-23 12:00:00,19,0.316667,12
1844505072,2016-04-23 13:00:00,5,0.083333,13
1844505072,2016-04-23 14:00:00,0,0.0,14
1844505072,2016-04-23 15:00:00,28,0.466667,15
1844505072,2016-04-23 16:00:00,35,0.583333,16
1844505072,2016-04-23 17:00:00,4,0.066667,17
1844505072,2016-04-23 18:00:00,0,0.0,18
1844505072,2016-04-23 19:00:00,0,0.0,19
1844505072,2016-04-23 20:00:00,0,0.0,20
1844505072,2016-04-23 21:00:00,0,0.0,21
1844505072,2016-04-23 22:00:00,0,0.0,22
1844505072,2016-04-23 23:00:00,0,0.0,23
1844505072,2016-04-24 00:00:00,0,0.0,0
1844505072,2016-04-24 01:00:00,0,0.0,1
1844505072,2016-04-24 02:00:00,0,0.0,2
1844505072,2016-04-24 03:00:00,0,0.0,3
1844505072,2016-04-24 04:00:00,0,0.0,4
1844505072,2016-04-24 05:00:00,0,0.0,5
1844505072,2016-04-24 06:00:00,0,0.0,6
1844505072,2016-04-24 07:00:00,0,0.0,7
1844505072,2016-04-24 08:00:00,0,0.0,8
1844505072,2016-04-24 09:00:00,0,0.0,9
1844505072,2016-04-24 10:00:00,0,0.0,10
1844505072,2016-04-24 11:00:00,0,0.0,11
1844505072,2016-04-24 12:00:00,0,0.0,12
1844505072,2016-04-24 13:00:00,0,0.0,13
1844505072,2016-04-24 14:00:00,0,0.0,14
1844505072,2016-04-24 15:00:00,0,0.0,15
1844505072,2016-04-24 16:00:00,0,0.0,16
1844505072,2016-04-24 17:00:00,0,0.0,17
1844505072,2016-04-24 18:00:00,0,0.0,18
1844505072,2016-04-24 19:00:00,0,0.0,19
1844505072,2016-04-24 20:00:00,0,0.0,20
1844505072,2016-04-24 21:00:00,0,0.0,21
1844505072,2016-04-24 22:00:00,0,0.0,22
1844505072,2016-04-24 23:00:00,0,0.0,23
1844505072,2016-04-25 00:00:00,0,0.0,0
1844505072,2016-04-25 01:00:00,0,0.0,1
1844505072,2016-04-25 02:00:00,0,0.0,2
1844505072,2016-04-25 03:00:00,0,0.0,3
1844505072,2016-04-25 04:00:00,0,0.0,4
1844505072,2016-04-25 05:00:00,0,0.0,5
1844505072,2016-04-25 06:00:00,0,0.0,6
1844505072,2016-04-25 07:00:00,0,0.0,7
1844505072,2016-04-25 08:00:00,0,0.0,8
1844505072,2016-04-25 09:00:00,0,0.0,9
1844505072,2016-04-25 10:00:00,0,0.0,10
1844505072,2016-04-25 11:00:00,0,0.0,11
1844505072,2016-04-25 12:00:00,0,0.0,12
1844505072,2016-04-25 13:00:00,0,0.0,13
1844505072,2016-04-25 14:00:00,0,0.0,14
1844505072,2016-04-25 15:00:00,0,0.0,15
1844505072,2016-04-25 16:00:00,0,0.0,16
1844505072,2016-04-25 17:00:00,0,0.0,17
1844505072,2016-04-25 18:00:00,0,0.0,18
1844505072,2016-04-25 19:00:00,0,0.0,19
1844505072,2016-04-25 20:00:00,0,0.0,20
1844505072,2016-04-25 21:00:00,0,0.0,21
1844505072,2016-04-25 22:00:00,0,0.0,22
1844505072,2016-04-25 23:00:00,0,0.0,23
1844505072,2016-04-26 00:00:00,0,0.0,0
1844505072,2016-04-26 01:00:00,0,0.0,1
1844505072,2016-04-26 02:00:00,0,0.0,2
1844505072,2016-04-26 03:00:00,0,0.0,3
1844505072,2016-04-26 04:00:00,0,0.0,4
1844505072,2016-04-26 05:00:00,0,0.0,5
1844505072,2016-04-26 06:00:00,0,0.0,6
1844505072,2016-04-26 07:00:00,0,0.0,7
1844505072,2016-04-26 08:00:00,0,0.0,8
1844505072,2016-04-26 09:00:00,0,0.0,9
1844505072,2016-04-26 10:00:00,0,0.0,10
1844505072,2016-04-26 11:00:00,0,0.0,11
1844505072,2016-04-26 12:00:00,0,0.0,12
1844505072,2016-04-26 13:00:00,0,0.0,13
1844505072,2016-04-26 14:00:00,0,0.0,14
1844505072,2016-04-26 15:00:00,0,0.0,15
1844505072,2016-04-26 16:00:00,0,0.0,16
1844505072,2016-04-26 17:00:00,0,0.0,17
1844505072,2016-04-26 18:00:00,0,0.0,18
1844505072,2016-04-26 19:00:00,0,0.0,19
1844505072,2016-04-26 20:00:00,0,0.0,20
1844505072,2016-04-26 21:00:00,0,0.0,21
1844505072,2016-04-26 22:00:00,0,0.0,22
1844505072,2016-04-26 23:00:00,0,0.0,23
1844505072,2016-04-27 00:00:00,0,0.0,0
1844505072,2016-04-27 01:00:00,0,0.0,1
1844505072,2016-04-27 02:00:00,0,0.0,2
1844505072,2016-04-27 03:00:00,0,0.0,3
1844505072,2016-04-27 04:00:00,0,0.0,4
1844505072,2016-04-27 05:00:00,0,0.0,5
1844505072,2016-04-27 06:00:00,0,0.0,6
1844505072,2016-04-27 07:00:00,0,0.0,7
1844505072,2016-04-27 08:00:00,0,0.0,8
1844505072,2016-04-27 09:00:00,0,0.0,9
1844505072,2016-04-27 10:00:00,0,0.0,10
1844505072,2016-04-27 11:00:00,0,0.0,11
1844505072,2016-04-27 12:00:00,0,0.0,12
1844505072,2016-04-27 13:00:00,0,0.0,13
1844505072,2016-04-27 14:00:00,1,0.016667,14
1844505072,2016-04-27 15:00:00,0,0.0,15
1844505072,2016-04-27 16:00:00,0,0.0,16
1844505072,2016-04-27 17:00:00,0,0.0,17
1844505072,2016-04-27 18:00:00,0,0.0,18
1844505072,2016-04-27 19:00:00,0,0.0,19
1844505072,2016-04-27 20:00:00,0,0.0,20
1844505072,2016-04-27 21:00:00,0,0.0,21
1844505072,2016-04-27 22:00:00,0,0.0,22
1844505072,2016-04-27 23:00:00,0,0.0,23
1844505072,2016-04-28 00:00:00,0,0.0,0
1844505072,2016-04-28 01:00:00,0,0.0,1
1844505072,2016-04-28 02:00:00,0,0.0,2
1844505072,2016-04-28 03:00:00,0,0.0,3
1844505072,2016-04-28 04:00:00,0,0.0,4
1844505072,2016-04-28 05:00:00,0,0.0,5
1844505072,2016-04-28 06:00:00,0,0.0,6
1844505072,2016-04-28 07:00:00,0,0.0,7
1844505072,2016-04-28 08:00:00,0,0.0,8
1844505072,2016-04-28 09:00:00,0,0.0,9
1844505072,2016-04-28 10:00:00,6,0.1,10
1844505072,2016-04-28 11:00:00,26,0.433333,11
1844505072,2016-04-28 12:00:00,34,0.566667,12
1844505072,2016-04-28 13:00:00,16,0.266667,13
1844505072,2016-04-28 14:00:00,21,0.35,14
1844505072,2016-04-28 15:00:00,31,0.516667,15
1844505072,2016-04-28 16:00:00,17,0.283333,16
1844505072,2016-04-28 17:00:00,25,0.416667,17
1844505072,2016-04-28 18:00:00,10,0.166667,18
1844505072,2016-04-28 19:00:00,11,0.183333,19
1844505072,2016-04-28 20:00:00,12,0.2,20
1844505072,2016-04-28 21:00:00,50,0.833333,21
1844505072,2016-04-28 22:00:00,27,0.45,22
1844505072,2016-04-28 23:00:00,16,0.266667,23
1844505072,2016-04-29 00:00:00,5,0.083333,0
1844505072,2016-04-29 01:00:00,10,0.166667,1
1844505072,2016-04-29 02:00:00,0,0.0,2
1844505072,2016-04-29 03:00:00,0,0.0,3
1844505072,2016-04-29 04:00:00,0,0.0,4
1844505072,2016-04-29 05:00:00,0,0.0,5
1844505072,2016-04-29 06:00:00,0,0.0,6
1844505072,2016-04-29 07:00:00,0,0.0,7
1844505072,2016-04-29 08:00:00,0,0.0,8
1844505072,2016-04-29 09:00:00,11,0.183333,9
1844505072,2016-04-29 10:00:00,25,0.416667,10
1844505072,2016-04-29 11:00:00,36,0.6,11
1844505072,2016-04-29 12:00:00,2,0.033333,12
1844505072,2016-04-29 13:00:00,0,0.0,13
1844505072,2016-04-29 14:00:00,18,0.3,14
1844505072,2016-04-29 15:00:00,2,0.033333,15
1844505072,2016-04-29 16:00:00,7,0.116667,16
1844505072,2016-04-29 17:00:00,13,0.216667,17
1844505072,2016-04-29 18:00:00,24,0.4,18
1844505072,2016-04-29 19:00:00,18,0.3,19
1844505072,2016-04-29 20:00:00,29,0.483333,20
1844505072,2016-04-29 21:00:00,10,0.166667,21
1844505072,2016-04-29 22:00:00,28,0.466667,22
1844505072,2016-04-29 23:00:00,9,0.15,23
1844505072,2016-04-30 00:00:00,0,0.0,0
1844505072,2016-04-30 01:00:00,0,0.0,1
1844505072,2016-04-30 02:00:00,0,0.0,2
1844505072,2016-04-30 03:00:00,0,0.0,3
1844505072,2016-04-30 04:00:00,0,0.0,4
1844505072,2016-04-30 05:00:00,0,0.0,5
1844505072,2016-04-30 06:00:00,0,0.0,6
1844505072,2016-04-30 07:00:00,0,0.0,7
1844505072,2016-04-30 08:00:00,0,0.0,8
1844505072,2016-04-30 09:00:00,0,0.0,9
1844505072,2016-04-30 10:00:00,22,0.366667,10
1844505072,2016-04-30 11:00:00,27,0.45,11
1844505072,2016-04-30 12:00:00,28,0.466667,12
1844505072,2016-04-30 13:00:00,0,0.0,13
1844505072,2016-04-30 14:00:00,6,0.1,14
1844505072,2016-04-30 15:00:00,16,0.266667,15
1844505072,2016-04-30 16:00:00,4,0.066667,16
1844505072,2016-04-30 17:00:00,11,0.183333,17
1844505072,2016-04-30 18:00:00,12,0.2,18
1844505072,2016-04-30 19:00:00,6,0.1,19
1844505072,2016-04-30 20:00:00,10,0.166667,20
1844505072,2016-04-30 21:00:00,13,0.216667,21
1844505072,2016-04-30 22:00:00,16,0.266667,22
1844505072,2016-04-30 23:00:00,13,0.216667,23
1844505072,2016-05-01 00:00:00,39,0.65,0
1844505072,2016-05-01 01:00:00,22,0.366667,1
1844505072,2016-05-01 02:00:00,25,0.416667,2
1844505072,2016-05-01 03:00:00,3,0.05,3
1844505072,2016-05-01 04:00:00,0,0.0,4
1844505072,2016-05-01 05:00:00,0,0.0,5
1844505072,2016-05-01 06:00:00,0,0.0,6
1844505072,2016-05-01 07:00:00,0,0.0,7
1844505072,2016-05-01 08:00:00,0,0.0,8
1844505072,2016-05-01 09:00:00,0,0.0,9
1844505072,2016-05-01 10:00:00,0,0.0,10
1844505072,2016-05-01 11:00:00,0,0.0,11
1844505072,2016-05-01 12:00:00,0,0.0,12
1844505072,2016-05-01 13:00:00,0,0.0,13
1844505072,2016-05-01 14:00:00,0,0.0,14
1844505072,2016-05-01 15:00:00,0,0.0,15
1844505072,2016-05-01 16:00:00,0,0.0,16
1844505072,2016-05-01 17:00:00,0,0.0,17
1844505072,2016-05-01 18:00:00,0,0.0,18
1844505072,2016-05-01 19:00:00,0,0.0,19
1844505072,2016-05-01 20:00:00,0,0.0,20
1844505072,2016-05-01 21:00:00,0,0.0,21
1844505072,2016-05-01 22:00:00,0,0.0,22
1844505072,2016-05-01 23:00:00,0,0.0,23
1844505072,2016-05-02 00:00:00,0,0.0,0
1844505072,2016-05-02 01:00:00,0,0.0,1
1844505072,2016-05-02 02:00:00,0,0.0,2
1844505072,2016-05-02 03:00:00,0,0.0,3
1844505072,2016-05-02 04:00:00,0,0.0,4
1844505072,2016-05-02 05:00:00,0,0.0,5
1844505072,2016-05-02 06:00:00,0,0.0,6
1844505072,2016-05-02 07:00:00,0,0.0,7
1844505072,2016-05-02 08:00:00,0,0.0,8
1844505072,2016-05-02 09:00:00,0,0.0,9
1844505072,2016-05-02 10:00:00,0,0.0,10
1844505072,2016-05-02 11:00:00,0,0.0,11
1844505072,2016-05-02 12:00:00,0,0.0,12
1844505072,2016-05-02 13:00:00,0,0.0,13
1844505072,2016-05-02 14:00:00,0,0.0,14
1844505072,2016-05-02 15:00:00,0,0.0,15
1844505072,2016-05-02 16:00:00,0,0.0,16
1844505072,2016-05-02 17:00:00,0,0.0,17
1844505072,2016-05-02 18:00:00,0,0.0,18
1844505072,2016-05-02 19:00:00,0,0.0,19
1844505072,2016-05-02 20:00:00,0,0.0,20
1844505072,2016-05-02 21:00:00,0,0.0,21
1844505072,2016-05-02 22:00:00,0,0.0,22
1844505072,2016-05-02 23:00:00,0,0.0,23
1844505072,2016-05-03 00:00:00,0,0.0,0
1844505072,2016-05-03 01:00:00,0,0.0,1
1844505072,2016-05-03 02:00:00,0,0.0,2
1844505072,2016-05-03 03:00:00,0,0.0,3
1844505072,2016-05-03 04:00:00,0,0.0,4
1844505072,2016-05-03 05:00:00,0,0.0,5
1844505072,2016-05-03 06:00:00,0,0.0,6
1844505072,2016-05-03 07:00:00,0,0.0,7
1844505072,2016-05-03 08:00:00,0,0.0,8
1844505072,2016-05-03 09:00:00,0,0.0,9
1844505072,2016-05-03 10:00:00,18,0.3,10
1844505072,2016-05-03 11:00:00,26,0.433333,11
1844505072,2016-05-03 12:00:00,20,0.333333,12
1844505072,2016-05-03 13:00:00,4,0.066667,13
1844505072,2016-05-03 14:00:00,32,0.533333,14
1844505072,2016-05-03 15:00:00,3,0.05,15
1844505072,2016-05-03 16:00:00,1,0.016667,16
1844505072,2016-05-03 17:00:00,25,0.416667,17
1844505072,2016-05-03 18:00:00,3,0.05,18
1844505072,2016-05-03 19:00:00,15,0.25,19
1844505072,2016-05-03 20:00:00,19,0.316667,20
1844505072,2016-05-03 21:00:00,11,0.183333,21
1844505072,2016-05-03 22:00:00,3,0.05,22
1844505072,2016-05-03 23:00:00,4,0.066667,23
1844505072,2016-05-04 00:00:00,0,0.0,0
1844505072,2016-05-04 01:00:00,0,0.0,1
1844505072,2016-05-04 02:00:00,0,0.0,2
1844505072,2016-05-04 03:00:00,0,0.0,3
1844505072,2016-05-04 04:00:00,0,0.0,4
1844505072,2016-05-04 05:00:00,0,0.0,5
1844505072,2016-05-04 06:00:00,0,0.0,6
1844505072,2016-05-04 07:00:00,0,0.0,7
1844505072,2016-05-04 08:00:00,0,0.0,8
1844505072,2016-05-04 09:00:00,0,0.0,9
1844505072,2016-05-04 10:00:00,4,0.066667,10
1844505072,2016-05-04 11:00:00,29,0.483333,11
1844505072,2016-05-04 12:00:00,14,0.233333,12
1844505072,2016-05-04 13:00:00,12,0.2,13
1844505072,2016-05-04 14:00:00,1,0.016667,14
1844505072,2016-05-04 15:00:00,16,0.266667,15
1844505072,2016-05-04 16:00:00,11,0.183333,16
1844505072,2016-05-04 17:00:00,0,0.0,17
1844505072,2016-05-04 18:00:00,0,0.0,18
1844505072,2016-05-04 19:00:00,0,0.0,19
1844505072,2016-05-04 20:00:00,0,0.0,20
1844505072,2016-05-04 21:00:00,0,0.0,21
1844505072,2016-05-04 22:00:00,0,0.0,22
1844505072,2016-05-04 23:00:00,0,0.0,23
1844505072,2016-05-05 00:00:00,0,0.0,0
1844505072,2016-05-05 01:00:00,0,0.0,1
1844505072,2016-05-05 02:00:00,0,0.0,2
1844505072,2016-05-05 03:00:00,0,0.0,3
1844505072,2016-05-05 04:00:00,0,0.0,4
1844505072,2016-05-05 05:00:00,0,0.0,5
1844505072,2016-05-05 06:00:00,0,0.0,6
1844505072,2016-05-05 07:00:00,0,0.0,7
1844505072,2016-05-05 08:00:00,0,0.0,8
1844505072,2016-05-05 09:00:00,0,0.0,9
1844505072,2016-05-05 10:00:00,8,0.133333,10
1844505072,2016-05-05 11:00:00,26,0.433333,11
1844505072,2016-05-05 12:00:00,10,0.166667,12
1844505072,2016-05-05 13:00:00,22,0.366667,13
1844505072,2016-05-05 14:00:00,27,0.45,14
1844505072,2016-05-05 15:00:00,27,0.45,15
1844505072,2016-05-05 16:00:00,0,0.0,16
1844505072,2016-05-05 17:00:00,0,0.0,17
1844505072,2016-05-05 18:00:00,0,0.0,18
1844505072,2016-05-05 19:00:00,0,0.0,19
1844505072,2016-05-05 20:00:00,0,0.0,20
1844505072,2016-05-05 21:00:00,0,0.0,21
1844505072,2016-05-05 22:00:00,0,0.0,22
1844505072,2016-05-05 23:00:00,0,0.0,23
1844505072,2016-05-06 00:00:00,0,0.0,0
1844505072,2016-05-06 01:00:00,0,0.0,1
1844505072,2016-05-06 02:00:00,0,0.0,2
1844505072,2016-05-06 03:00:00,0,0.0,3
1844505072,2016-05-06 04:00:00,0,0.0,4
1844505072,2016-05-06 05:00:00,0,0.0,5
1844505072,2016-05-06 06:00:00,0,0.0,6
1844505072,2016-05-06 07:00:00,0,0.0,7
1844505072,2016-05-06 08:00:00,0,0.0,8
1844505072,2016-05-06 09:00:00,0,0.0,9
1844505072,2016-05-06 10:00:00,0,0.0,10
1844505072,2016-05-06 11:00:00,0,0.0,11
1844505072,2016-05-06 12:00:00,0,0.0,12
1844505072,2016-05-06 13:00:00,0,0.0,13
1844505072,2016-05-06 14:00:00,0,0.0,14
1844505072,2016-05-06 15:00:00,0,0.0,15
1844505072,2016-05-06 16:00:00,0,0.0,16
1844505072,2016-05-06 17:00:00,0,0.0,17
1844505072,2016-05-06 18:00:00,0,0.0,18
1844505072,2016-05-06 19:00:00,2,0.033333,19
1844505072,2016-05-06 20:00:00,0,0.0,20
1844505072,2016-05-06 21:00:00,0,0.0,21
1844505072,2016-05-06 22:00:00,0,0.0,22
1844505072,2016-05-06 23:00:00,0,0.0,23
1844505072,2016-05-07 00:00:00,0,0.0,0
1844505072,2016-05-07 01:00:00,0,0.0,1
1844505072,2016-05-07 02:00:00,0,0.0,2
1844505072,2016-05-07 03:00:00,0,0.0,3
1844505072,2016-05-07 04:00:00,0,0.0,4
1844505072,2016-05-07 05:00:00,0,0.0,5
1844505072,2016-05-07 06:00:00,0,0.0,6
1844505072,2016-05-07 07:00:00,0,0.0,7
1844505072,2016-05-07 08:00:00,0,0.0,8
1844505072,2016-05-07 09:00:00,0,0.0,9
1844505072,2016-05-07 10:00:00,0,0.0,10
1844505072,2016-05-07 11:00:00,0,0.0,11
1844505072,2016-05-07 12:00:00,0,0.0,12
1844505072,2016-05-07 13:00:00,0,0.0,13
1844505072,2016-05-07 14:00:00,0,0.0,14
1844505072,2016-05-07 15:00:00,0,0.0,15
1844505072,2016-05-07 16:00:00,0,0.0,16
1844505072,2016-05-07 17:00:00,0,0.0,17
1844505072,2016-05-07 18:00:00,0,0.0,18
1844505072,2016-05-07 19:00:00,0,0.0,19
1844505072,2016-05-07 20:00:00,0,0.0,20
1844505072,2016-05-07 21:00:00,0,0.0,21
1844505072,2016-05-07 22:00:00,0,0.0,22
1844505072,2016-05-07 23:00:00,0,0.0,23
1844505072,2016-05-08 00:00:00,0,0.0,0
1844505072,2016-05-08 01:00:00,0,0.0,1
1844505072,2016-05-08 02:00:00,0,0.0,2
1844505072,2016-05-08 03:00:00,0,0.0,3
1844505072,2016-05-08 04:00:00,0,0.0,4
1844505072,2016-05-08 05:00:00,0,0.0,5
1844505072,2016-05-08 06:00:00,0,0.0,6
1844505072,2016-05-08 07:00:00,0,0.0,7
1844505072,2016-05-08 08:00:00,0,0.0,8
1844505072,2016-05-08 09:00:00,0,0.0,9
1844505072,2016-05-08 10:00:00,0,0.0,10
1844505072,2016-05-08 11:00:00,0,0.0,11
1844505072,2016-05-08 12:00:00,0,0.0,12
1844505072,2016-05-08 13:00:00,0,0.0,13
1844505072,2016-05-08 14:00:00,0,0.0,14
1844505072,2016-05-08 15:00:00,0,0.0,15
1844505072,2016-05-08 16:00:00,0,0.0,16
1844505072,2016-05-08 17:00:00,0,0.0,17
1844505072,2016-05-08 18:00:00,0,0.0,18
1844505072,2016-05-08 19:00:00,0,0.0,19
1844505072,2016-05-08 20:00:00,0,0.0,20
1844505072,2016-05-08 21:00:00,0,0.0,21
1844505072,2016-05-08 22:00:00,0,0.0,22
1844505072,2016-05-08 23:00:00,0,0.0,23
1844505072,2016-05-09 00:00:00,0,0.0,0
1844505072,2016-05-09 01:00:00,0,0.0,1
1844505072,2016-05-09 02:00:00,0,0.0,2
1844505072,2016-05-09 03:00:00,0,0.0,3
1844505072,2016-05-09 04:00:00,0,0.0,4
1844505072,2016-05-09 05:00:00,0,0.0,5
1844505072,2016-05-09 06:00:00,0,0.0,6
1844505072,2016-05-09 07:00:00,0,0.0,7
1844505072,2016-05-09 08:00:00,0,0.0,8
1844505072,2016-05-09 09:00:00,0,0.0,9
1844505072,2016-05-09 10:00:00,0,0.0,10
1844505072,2016-05-09 11:00:00,0,0.0,11
1844505072,2016-05-09 12:00:00,0,0.0,12
1844505072,2016-05-09 13:00:00,0,0.0,13
1844505072,2016-05-09 14:00:00,0,0.0,14
1844505072,2016-05-09 15:00:00,0,0.0,15
1844505072,2016-05-09 16:00:00,0,0.0,16
1844505072,2016-05-09 17:00:00,0,0.0,17
1844505072,2016-05-09 18:00:00,0,0.0,18
1844505072,2016-05-09 19:00:00,0,0.0,19
1844505072,2016-05-09 20:00:00,0,0.0,20
1844505072,2016-05-09 21:00:00,0,0.0,21
1844505072,2016-05-09 22:00:00,0,0.0,22
1844505072,2016-05-09 23:00:00,0,0.0,23
1844505072,2016-05-10 00:00:00,0,0.0,0
1844505072,2016-05-10 01:00:00,0,0.0,1
1844505072,2016-05-10 02:00:00,0,0.0,2
1844505072,2016-05-10 03:00:00,0,0.0,3
1844505072,2016-05-10 04:00:00,0,0.0,4
1844505072,2016-05-10 05:00:00,0,0.0,5
1844505072,2016-05-10 06:00:00,0,0.0,6
1844505072,2016-05-10 07:00:00,0,0.0,7
1844505072,2016-05-10 08:00:00,0,0.0,8
1844505072,2016-05-10 09:00:00,0,0.0,9
1844505072,2016-05-10 10:00:00,0,0.0,10
1844505072,2016-05-10 11:00:00,0,0.0,11
1844505072,2016-05-10 12:00:00,0,0.0,12
1844505072,2016-05-10 13:00:00,0,0.0,13
1844505072,2016-05-10 14:00:00,0,0.0,14
1844505072,2016-05-10 15:00:00,0,0.0,15
1844505072,2016-05-10 16:00:00,0,0.0,16
1844505072,2016-05-10 17:00:00,0,0.0,17
1844505072,2016-05-10 18:00:00,0,0.0,18
1844505072,2016-05-10 19:00:00,0,0.0,19
1844505072,2016-05-10 20:00:00,0,0.0,20
1844505072,2016-05-10 21:00:00,0,0.0,21
1844505072,2016-05-10 22:00:00,0,0.0,22
1844505072,2016-05-10 23:00:00,0,0.0,23
1844505072,2016-05-11 00:00:00,0,0.0,0
1844505072,2016-05-11 01:00:00,0,0.0,1
1844505072,2016-05-11 02:00:00,0,0.0,2
1844505072,2016-05-11 03:00:00,0,0.0,3
1844505072,2016-05-11 04:00:00,0,0.0,4
1844505072,2016-05-11 05:00:00,0,0.0,5
1844505072,2016-05-11 06:00:00,0,0.0,6
1844505072,2016-05-11 07:00:00,0,0.0,7
1844505072,2016-05-11 08:00:00,0,0.0,8
1844505072,2016-05-11 09:00:00,0,0.0,9
1844505072,2016-05-11 10:00:00,0,0.0,10
1844505072,2016-05-11 11:00:00,0,0.0,11
1844505072,2016-05-11 12:00:00,0,0.0,12
1844505072,2016-05-11 13:00:00,0,0.0,13
1844505072,2016-05-11 14:00:00,0,0.0,14
1844505072,2016-05-11 15:00:00,0,0.0,15
1844505072,2016-05-11 16:00:00,0,0.0,16
1844505072,2016-05-11 17:00:00,0,0.0,17
1844505072,2016-05-11 18:00:00,0,0.0,18
1844505072,2016-05-11 19:00:00,0,0.0,19
1844505072,2016-05-11 20:00:00,0,0.0,20
1844505072,2016-05-11 21:00:00,0,0.0,21
1844505072,2016-05-11 22:00:00,0,0.0,22
1844505072,2016-05-11 23:00:00,0,0.0,23
1844505072,2016-05-12 00:00:00,0,0.0,0
1844505072,2016-05-12 01:00:00,0,0.0,1
1844505072,2016-05-12 02:00:00,0,0.0,2
1844505072,2016-05-12 03:00:00,0,0.0,3
1844505072,2016-05-12 04:00:00,0,0.0,4
1844505072,2016-05-12 05:00:00,0,0.0,5
1844505072,2016-05-12 06:00:00,0,0.0,6
1844505072,2016-05-12 07:00:00,0,0.0,7
1844505072,2016-05-12 08:00:00,0,0.0,8
1844505072,2016-05-12 09:00:00,0,0.0,9
1844505072,2016-05-12 10:00:00,0,0.0,10
1927972279,2016-04-12 00:00:00,0,0.0,0
1927972279,2016-04-12 01:00:00,0,0.0,1
1927972279,2016-04-12 02:00:00,0,0.0,2
1927972279,2016-04-12 03:00:00,0,0.0,3
1927972279,2016-04-12 04:00:00,1,0.016667,4
1927972279,2016-04-12 05:00:00,0,0.0,5
1927972279,2016-04-12 06:00:00,2,0.033333,6
1927972279,2016-04-12 07:00:00,0,0.0,7
1927972279,2016-04-12 08:00:00,0,0.0,8
1927972279,2016-04-12 09:00:00,0,0.0,9
1927972279,2016-04-12 10:00:00,0,0.0,10
1927972279,2016-04-12 11:00:00,2,0.033333,11
1927972279,2016-04-12 12:00:00,0,0.0,12
1927972279,2016-04-12 13:00:00,0,0.0,13
1927972279,2016-04-12 14:00:00,9,0.15,14
1927972279,2016-04-12 15:00:00,2,0.033333,15
1927972279,2016-04-12 16:00:00,5,0.083333,16
1927972279,2016-04-12 17:00:00,13,0.216667,17
1927972279,2016-04-12 18:00:00,0,0.0,18
1927972279,2016-04-12 19:00:00,2,0.033333,19
1927972279,2016-04-12 20:00:00,4,0.066667,20
1927972279,2016-04-12 21:00:00,9,0.15,21
1927972279,2016-04-12 22:00:00,3,0.05,22
1927972279,2016-04-12 23:00:00,3,0.05,23
1927972279,2016-04-13 00:00:00,1,0.016667,0
1927972279,2016-04-13 01:00:00,2,0.033333,1
1927972279,2016-04-13 02:00:00,2,0.033333,2
1927972279,2016-04-13 03:00:00,0,0.0,3
1927972279,2016-04-13 04:00:00,2,0.033333,4
1927972279,2016-04-13 05:00:00,0,0.0,5
1927972279,2016-04-13 06:00:00,0,0.0,6
1927972279,2016-04-13 07:00:00,0,0.0,7
1927972279,2016-04-13 08:00:00,0,0.0,8
1927972279,2016-04-13 09:00:00,6,0.1,9
1927972279,2016-04-13 10:00:00,0,0.0,10
1927972279,2016-04-13 11:00:00,1,0.016667,11
1927972279,2016-04-13 12:00:00,0,0.0,12
1927972279,2016-04-13 13:00:00,0,0.0,13
1927972279,2016-04-13 14:00:00,0,0.0,14
1927972279,2016-04-13 15:00:00,0,0.0,15
1927972279,2016-04-13 16:00:00,0,0.0,16
1927972279,2016-04-13 17:00:00,9,0.15,17
1927972279,2016-04-13 18:00:00,9,0.15,18
1927972279,2016-04-13 19:00:00,0,0.0,19
1927972279,2016-04-13 20:00:00,0,0.0,20
1927972279,2016-04-13 21:00:00,0,0.0,21
1927972279,2016-04-13 22:00:00,0,0.0,22
1927972279,2016-04-13 23:00:00,0,0.0,23
1927972279,2016-04-14 00:00:00,0,0.0,0
1927972279,2016-04-14 01:00:00,0,0.0,1
1927972279,2016-04-14 02:00:00,0,0.0,2
1927972279,2016-04-14 03:00:00,0,0.0,3
1927972279,2016-04-14 04:00:00,0,0.0,4
1927972279,2016-04-14 05:00:00,0,0.0,5
1927972279,2016-04-14 06:00:00,0,0.0,6
1927972279,2016-04-14 07:00:00,0,0.0,7
1927972279,2016-04-14 08:00:00,0,0.0,8
1927972279,2016-04-14 09:00:00,0,0.0,9
1927972279,2016-04-14 10:00:00,0,0.0,10
1927972279,2016-04-14 11:00:00,0,0.0,11
1927972279,2016-04-14 12:00:00,0,0.0,12
1927972279,2016-04-14 13:00:00,0,0.0,13
1927972279,2016-04-14 14:00:00,2,0.033333,14
1927972279,2016-04-14 15:00:00,34,0.566667,15
1927972279,2016-04-14 16:00:00,20,0.333333,16
1927972279,2016-04-14 17:00:00,19,0.316667,17
1927972279,2016-04-14 18:00:00,10,0.166667,18
1927972279,2016-04-14 19:00:00,7,0.116667,19
1927972279,2016-04-14 20:00:00,4,0.066667,20
1927972279,2016-04-14 21:00:00,5,0.083333,21
1927972279,2016-04-14 22:00:00,4,0.066667,22
1927972279,2016-04-14 23:00:00,1,0.016667,23
1927972279,2016-04-15 00:00:00,1,0.016667,0
1927972279,2016-04-15 01:00:00,0,0.0,1
1927972279,2016-04-15 02:00:00,0,0.0,2
1927972279,2016-04-15 03:00:00,0,0.0,3
1927972279,2016-04-15 04:00:00,5,0.083333,4
1927972279,2016-04-15 05:00:00,0,0.0,5
1927972279,2016-04-15 06:00:00,0,0.0,6
1927972279,2016-04-15 07:00:00,0,0.0,7
1927972279,2016-04-15 08:00:00,0,0.0,8
1927972279,2016-04-15 09:00:00,17,0.283333,9
1927972279,2016-04-15 10:00:00,3,0.05,10
1927972279,2016-04-15 11:00:00,19,0.316667,11
1927972279,2016-04-15 12:00:00,6,0.1,12
1927972279,2016-04-15 13:00:00,0,0.0,13
1927972279,2016-04-15 14:00:00,0,0.0,14
1927972279,2016-04-15 15:00:00,0,0.0,15
1927972279,2016-04-15 16:00:00,0,0.0,16
1927972279,2016-04-15 17:00:00,0,0.0,17
1927972279,2016-04-15 18:00:00,0,0.0,18
1927972279,2016-04-15 19:00:00,0,0.0,19
1927972279,2016-04-15 20:00:00,0,0.0,20
1927972279,2016-04-15 21:00:00,0,0.0,21
1927972279,2016-04-15 22:00:00,0,0.0,22
1927972279,2016-04-15 23:00:00,0,0.0,23
1927972279,2016-04-16 00:00:00,0,0.0,0
1927972279,2016-04-16 01:00:00,0,0.0,1
1927972279,2016-04-16 02:00:00,0,0.0,2
1927972279,2016-04-16 03:00:00,0,0.0,3
1927972279,2016-04-16 04:00:00,0,0.0,4
1927972279,2016-04-16 05:00:00,0,0.0,5
1927972279,2016-04-16 06:00:00,0,0.0,6
1927972279,2016-04-16 07:00:00,0,0.0,7
1927972279,2016-04-16 08:00:00,0,0.0,8
1927972279,2016-04-16 09:00:00,0,0.0,9
1927972279,2016-04-16 10:00:00,0,0.0,10
1927972279,2016-04-16 11:00:00,0,0.0,11
1927972279,2016-04-16 12:00:00,0,0.0,12
1927972279,2016-04-16 13:00:00,0,0.0,13
1927972279,2016-04-16 14:00:00,0,0.0,14
1927972279,2016-04-16 15:00:00,0,0.0,15
1927972279,2016-04-16 16:00:00,0,0.0,16
1927972279,2016-04-16 17:00:00,0,0.0,17
1927972279,2016-04-16 18:00:00,0,0.0,18
1927972279,2016-04-16 19:00:00,0,0.0,19
1927972279,2016-04-16 20:00:00,0,0.0,20
1927972279,2016-04-16 21:00:00,0,0.0,21
1927972279,2016-04-16 22:00:00,0,0.0,22
1927972279,2016-04-16 23:00:00,0,0.0,23
1927972279,2016-04-17 00:00:00,0,0.0,0
1927972279,2016-04-17 01:00:00,0,0.0,1
1927972279,2016-04-17 02:00:00,0,0.0,2
1927972279,2016-04-17 03:00:00,0,0.0,3
1927972279,2016-04-17 04:00:00,0,0.0,4
1927972279,2016-04-17 05:00:00,0,0.0,5
1927972279,2016-04-17 06:00:00,0,0.0,6
1927972279,2016-04-17 07:00:00,0,0.0,7
1927972279,2016-04-17 08:00:00,0,0.0,8
1927972279,2016-04-17 09:00:00,0,0.0,9
1927972279,2016-04-17 10:00:00,0,0.0,10
1927972279,2016-04-17 11:00:00,0,0.0,11
1927972279,2016-04-17 12:00:00,0,0.0,12
1927972279,2016-04-17 13:00:00,0,0.0,13
1927972279,2016-04-17 14:00:00,0,0.0,14
1927972279,2016-04-17 15:00:00,0,0.0,15
1927972279,2016-04-17 16:00:00,0,0.0,16
1927972279,2016-04-17 17:00:00,0,0.0,17
1927972279,2016-04-17 18:00:00,0,0.0,18
1927972279,2016-04-17 19:00:00,0,0.0,19
1927972279,2016-04-17 20:00:00,0,0.0,20
1927972279,2016-04-17 21:00:00,0,0.0,21
1927972279,2016-04-17 22:00:00,0,0.0,22
1927972279,2016-04-17 23:00:00,0,0.0,23
1927972279,2016-04-18 00:00:00,0,0.0,0
1927972279,2016-04-18 01:00:00,0,0.0,1
1927972279,2016-04-18 02:00:00,0,0.0,2
1927972279,2016-04-18 03:00:00,0,0.0,3
1927972279,2016-04-18 04:00:00,0,0.0,4
1927972279,2016-04-18 05:00:00,0,0.0,5
1927972279,2016-04-18 06:00:00,0,0.0,6
1927972279,2016-04-18 07:00:00,0,0.0,7
1927972279,2016-04-18 08:00:00,0,0.0,8
1927972279,2016-04-18 09:00:00,0,0.0,9
1927972279,2016-04-18 10:00:00,0,0.0,10
1927972279,2016-04-18 11:00:00,10,0.166667,11
1927972279,2016-04-18 12:00:00,7,0.116667,12
1927972279,2016-04-18 13:00:00,0,0.0,13
1927972279,2016-04-18 14:00:00,0,0.0,14
1927972279,2016-04-18 15:00:00,0,0.0,15
1927972279,2016-04-18 16:00:00,0,0.0,16
1927972279,2016-04-18 17:00:00,0,0.0,17
1927972279,2016-04-18 18:00:00,0,0.0,18
1927972279,2016-04-18 19:00:00,0,0.0,19
1927972279,2016-04-18 20:00:00,0,0.0,20
1927972279,2016-04-18 21:00:00,0,0.0,21
1927972279,2016-04-18 22:00:00,0,0.0,22
1927972279,2016-04-18 23:00:00,0,0.0,23
1927972279,2016-04-19 00:00:00,0,0.0,0
1927972279,2016-04-19 01:00:00,0,0.0,1
1927972279,2016-04-19 02:00:00,0,0.0,2
1927972279,2016-04-19 03:00:00,0,0.0,3
1927972279,2016-04-19 04:00:00,0,0.0,4
1927972279,2016-04-19 05:00:00,0,0.0,5
1927972279,2016-04-19 06:00:00,0,0.0,6
1927972279,2016-04-19 07:00:00,0,0.0,7
1927972279,2016-04-19 08:00:00,0,0.0,8
1927972279,2016-04-19 09:00:00,0,0.0,9
1927972279,2016-04-19 10:00:00,0,0.0,10
1927972279,2016-04-19 11:00:00,0,0.0,11
1927972279,2016-04-19 12:00:00,0,0.0,12
1927972279,2016-04-19 13:00:00,0,0.0,13
1927972279,2016-04-19 14:00:00,0,0.0,14
1927972279,2016-04-19 15:00:00,0,0.0,15
1927972279,2016-04-19 16:00:00,0,0.0,16
1927972279,2016-04-19 17:00:00,0,0.0,17
1927972279,2016-04-19 18:00:00,0,0.0,18
1927972279,2016-04-19 19:00:00,0,0.0,19
1927972279,2016-04-19 20:00:00,0,0.0,20
1927972279,2016-04-19 21:00:00,0,0.0,21
1927972279,2016-04-19 22:00:00,0,0.0,22
1927972279,2016-04-19 23:00:00,0,0.0,23
1927972279,2016-04-20 00:00:00,0,0.0,0
1927972279,2016-04-20 01:00:00,0,0.0,1
1927972279,2016-04-20 02:00:00,0,0.0,2
1927972279,2016-04-20 03:00:00,0,0.0,3
1927972279,2016-04-20 04:00:00,0,0.0,4
1927972279,2016-04-20 05:00:00,0,0.0,5
1927972279,2016-04-20 06:00:00,0,0.0,6
1927972279,2016-04-20 07:00:00,0,0.0,7
1927972279,2016-04-20 08:00:00,0,0.0,8
1927972279,2016-04-20 09:00:00,0,0.0,9
1927972279,2016-04-20 10:00:00,0,0.0,10
1927972279,2016-04-20 11:00:00,0,0.0,11
1927972279,2016-04-20 12:00:00,0,0.0,12
1927972279,2016-04-20 13:00:00,0,0.0,13
1927972279,2016-04-20 14:00:00,0,0.0,14
1927972279,2016-04-20 15:00:00,0,0.0,15
1927972279,2016-04-20 16:00:00,0,0.0,16
1927972279,2016-04-20 17:00:00,0,0.0,17
1927972279,2016-04-20 18:00:00,0,0.0,18
1927972279,2016-04-20 19:00:00,0,0.0,19
1927972279,2016-04-20 20:00:00,0,0.0,20
1927972279,2016-04-20 21:00:00,0,0.0,21
1927972279,2016-04-20 22:00:00,0,0.0,22
1927972279,2016-04-20 23:00:00,0,0.0,23
1927972279,2016-04-21 00:00:00,0,0.0,0
1927972279,2016-04-21 01:00:00,0,0.0,1
1927972279,2016-04-21 02:00:00,0,0.0,2
1927972279,2016-04-21 03:00:00,0,0.0,3
1927972279,2016-04-21 04:00:00,0,0.0,4
1927972279,2016-04-21 05:00:00,0,0.0,5
1927972279,2016-04-21 06:00:00,0,0.0,6
1927972279,2016-04-21 07:00:00,0,0.0,7
1927972279,2016-04-21 08:00:00,0,0.0,8
1927972279,2016-04-21 09:00:00,0,0.0,9
1927972279,2016-04-21 10:00:00,0,0.0,10
1927972279,2016-04-21 11:00:00,0,0.0,11
1927972279,2016-04-21 12:00:00,0,0.0,12
1927972279,2016-04-21 13:00:00,0,0.0,13
1927972279,2016-04-21 14:00:00,0,0.0,14
1927972279,2016-04-21 15:00:00,0,0.0,15
1927972279,2016-04-21 16:00:00,0,0.0,16
1927972279,2016-04-21 17:00:00,0,0.0,17
1927972279,2016-04-21 18:00:00,0,0.0,18
1927972279,2016-04-21 19:00:00,0,0.0,19
1927972279,2016-04-21 20:00:00,0,0.0,20
1927972279,2016-04-21 21:00:00,0,0.0,21
1927972279,2016-04-21 22:00:00,0,0.0,22
1927972279,2016-04-21 23:00:00,0,0.0,23
1927972279,2016-04-22 00:00:00,0,0.0,0
1927972279,2016-04-22 01:00:00,0,0.0,1
1927972279,2016-04-22 02:00:00,0,0.0,2
1927972279,2016-04-22 03:00:00,0,0.0,3
1927972279,2016-04-22 04:00:00,0,0.0,4
1927972279,2016-04-22 05:00:00,0,0.0,5
1927972279,2016-04-22 06:00:00,0,0.0,6
1927972279,2016-04-22 07:00:00,0,0.0,7
1927972279,2016-04-22 08:00:00,0,0.0,8
1927972279,2016-04-22 09:00:00,0,0.0,9
1927972279,2016-04-22 10:00:00,0,0.0,10
1927972279,2016-04-22 11:00:00,0,0.0,11
1927972279,2016-04-22 12:00:00,8,0.133333,12
1927972279,2016-04-22 13:00:00,1,0.016667,13
1927972279,2016-04-22 14:00:00,0,0.0,14
1927972279,2016-04-22 15:00:00,1,0.016667,15
1927972279,2016-04-22 16:00:00,0,0.0,16
1927972279,2016-04-22 17:00:00,0,0.0,17
1927972279,2016-04-22 18:00:00,0,0.0,18
1927972279,2016-04-22 19:00:00,0,0.0,19
1927972279,2016-04-22 20:00:00,0,0.0,20
1927972279,2016-04-22 21:00:00,0,0.0,21
1927972279,2016-04-22 22:00:00,0,0.0,22
1927972279,2016-04-22 23:00:00,0,0.0,23
1927972279,2016-04-23 00:00:00,0,0.0,0
1927972279,2016-04-23 01:00:00,0,0.0,1
1927972279,2016-04-23 02:00:00,0,0.0,2
1927972279,2016-04-23 03:00:00,0,0.0,3
1927972279,2016-04-23 04:00:00,0,0.0,4
1927972279,2016-04-23 05:00:00,0,0.0,5
1927972279,2016-04-23 06:00:00,0,0.0,6
1927972279,2016-04-23 07:00:00,0,0.0,7
1927972279,2016-04-23 08:00:00,32,0.533333,8
1927972279,2016-04-23 09:00:00,11,0.183333,9
1927972279,2016-04-23 10:00:00,2,0.033333,10
1927972279,2016-04-23 11:00:00,15,0.25,11
1927972279,2016-04-23 12:00:00,15,0.25,12
1927972279,2016-04-23 13:00:00,26,0.433333,13
1927972279,2016-04-23 14:00:00,0,0.0,14
1927972279,2016-04-23 15:00:00,0,0.0,15
1927972279,2016-04-23 16:00:00,3,0.05,16
1927972279,2016-04-23 17:00:00,7,0.116667,17
1927972279,2016-04-23 18:00:00,12,0.2,18
1927972279,2016-04-23 19:00:00,8,0.133333,19
1927972279,2016-04-23 20:00:00,10,0.166667,20
1927972279,2016-04-23 21:00:00,4,0.066667,21
1927972279,2016-04-23 22:00:00,0,0.0,22
1927972279,2016-04-23 23:00:00,0,0.0,23
1927972279,2016-04-24 00:00:00,0,0.0,0
1927972279,2016-04-24 01:00:00,0,0.0,1
1927972279,2016-04-24 02:00:00,0,0.0,2
1927972279,2016-04-24 03:00:00,0,0.0,3
1927972279,2016-04-24 04:00:00,0,0.0,4
1927972279,2016-04-24 05:00:00,0,0.0,5
1927972279,2016-04-24 06:00:00,0,0.0,6
1927972279,2016-04-24 07:00:00,0,0.0,7
1927972279,2016-04-24 08:00:00,0,0.0,8
1927972279,2016-04-24 09:00:00,0,0.0,9
1927972279,2016-04-24 10:00:00,31,0.516667,10
1927972279,2016-04-24 11:00:00,25,0.416667,11
1927972279,2016-04-24 12:00:00,16,0.266667,12
1927972279,2016-04-24 13:00:00,18,0.3,13
1927972279,2016-04-24 14:00:00,0,0.0,14
1927972279,2016-04-24 15:00:00,0,0.0,15
1927972279,2016-04-24 16:00:00,0,0.0,16
1927972279,2016-04-24 17:00:00,0,0.0,17
1927972279,2016-04-24 18:00:00,0,0.0,18
1927972279,2016-04-24 19:00:00,0,0.0,19
1927972279,2016-04-24 20:00:00,0,0.0,20
1927972279,2016-04-24 21:00:00,0,0.0,21
1927972279,2016-04-24 22:00:00,0,0.0,22
1927972279,2016-04-24 23:00:00,0,0.0,23
1927972279,2016-04-25 00:00:00,0,0.0,0
1927972279,2016-04-25 01:00:00,0,0.0,1
1927972279,2016-04-25 02:00:00,0,0.0,2
1927972279,2016-04-25 03:00:00,0,0.0,3
1927972279,2016-04-25 04:00:00,0,0.0,4
1927972279,2016-04-25 05:00:00,0,0.0,5
1927972279,2016-04-25 06:00:00,0,0.0,6
1927972279,2016-04-25 07:00:00,0,0.0,7
1927972279,2016-04-25 08:00:00,0,0.0,8
1927972279,2016-04-25 09:00:00,0,0.0,9
1927972279,2016-04-25 10:00:00,0,0.0,10
1927972279,2016-04-25 11:00:00,0,0.0,11
1927972279,2016-04-25 12:00:00,0,0.0,12
1927972279,2016-04-25 13:00:00,0,0.0,13
1927972279,2016-04-25 14:00:00,0,0.0,14
1927972279,2016-04-25 15:00:00,0,0.0,15
1927972279,2016-04-25 16:00:00,0,0.0,16
1927972279,2016-04-25 17:00:00,0,0.0,17
1927972279,2016-04-25 18:00:00,0,0.0,18
1927972279,2016-04-25 19:00:00,0,0.0,19
1927972279,2016-04-25 20:00:00,3,0.05,20
1927972279,2016-04-25 21:00:00,9,0.15,21
1927972279,2016-04-25 22:00:00,0,0.0,22
1927972279,2016-04-25 23:00:00,0,0.0,23
1927972279,2016-04-26 00:00:00,1,0.016667,0
1927972279,2016-04-26 01:00:00,1,0.016667,1
1927972279,2016-04-26 02:00:00,0,0.0,2
1927972279,2016-04-26 03:00:00,2,0.033333,3
1927972279,2016-04-26 04:00:00,0,0.0,4
1927972279,2016-04-26 05:00:00,0,0.0,5
1927972279,2016-04-26 06:00:00,1,0.016667,6
1927972279,2016-04-26 07:00:00,0,0.0,7
1927972279,2016-04-26 08:00:00,0,0.0,8
1927972279,2016-04-26 09:00:00,0,0.0,9
1927972279,2016-04-26 10:00:00,3,0.05,10
1927972279,2016-04-26 11:00:00,15,0.25,11
1927972279,2016-04-26 12:00:00,6,0.1,12
1927972279,2016-04-26 13:00:00,16,0.266667,13
1927972279,2016-04-26 14:00:00,9,0.15,14
1927972279,2016-04-26 15:00:00,9,0.15,15
1927972279,2016-04-26 16:00:00,36,0.6,16
1927972279,2016-04-26 17:00:00,17,0.283333,17
1927972279,2016-04-26 18:00:00,25,0.416667,18
1927972279,2016-04-26 19:00:00,25,0.416667,19
1927972279,2016-04-26 20:00:00,8,0.133333,20
1927972279,2016-04-26 21:00:00,7,0.116667,21
1927972279,2016-04-26 22:00:00,5,0.083333,22
1927972279,2016-04-26 23:00:00,6,0.1,23
1927972279,2016-04-27 00:00:00,0,0.0,0
1927972279,2016-04-27 01:00:00,0,0.0,1
1927972279,2016-04-27 02:00:00,0,0.0,2
1927972279,2016-04-27 03:00:00,0,0.0,3
1927972279,2016-04-27 04:00:00,0,0.0,4
1927972279,2016-04-27 05:00:00,0,0.0,5
1927972279,2016-04-27 06:00:00,0,0.0,6
1927972279,2016-04-27 07:00:00,0,0.0,7
1927972279,2016-04-27 08:00:00,0,0.0,8
1927972279,2016-04-27 09:00:00,0,0.0,9
1927972279,2016-04-27 10:00:00,0,0.0,10
1927972279,2016-04-27 11:00:00,0,0.0,11
1927972279,2016-04-27 12:00:00,0,0.0,12
1927972279,2016-04-27 13:00:00,0,0.0,13
1927972279,2016-04-27 14:00:00,0,0.0,14
1927972279,2016-04-27 15:00:00,0,0.0,15
1927972279,2016-04-27 16:00:00,0,0.0,16
1927972279,2016-04-27 17:00:00,0,0.0,17
1927972279,2016-04-27 18:00:00,0,0.0,18
1927972279,2016-04-27 19:00:00,0,0.0,19
1927972279,2016-04-27 20:00:00,0,0.0,20
1927972279,2016-04-27 21:00:00,0,0.0,21
1927972279,2016-04-27 22:00:00,0,0.0,22
1927972279,2016-04-27 23:00:00,0,0.0,23
1927972279,2016-04-28 00:00:00,0,0.0,0
1927972279,2016-04-28 01:00:00,0,0.0,1
1927972279,2016-04-28 02:00:00,0,0.0,2
1927972279,2016-04-28 03:00:00,0,0.0,3
1927972279,2016-04-28 04:00:00,0,0.0,4
1927972279,2016-04-28 05:00:00,0,0.0,5
1927972279,2016-04-28 06:00:00,0,0.0,6
1927972279,2016-04-28 07:00:00,0,0.0,7
1927972279,2016-04-28 08:00:00,16,0.266667,8
1927972279,2016-04-28 09:00:00,7,0.116667,9
1927972279,2016-04-28 10:00:00,15,0.25,10
1927972279,2016-04-28 11:00:00,9,0.15,11
1927972279,2016-04-28 12:00:00,1,0.016667,12
1927972279,2016-04-28 13:00:00,2,0.033333,13
1927972279,2016-04-28 14:00:00,3,0.05,14
1927972279,2016-04-28 15:00:00,5,0.083333,15
1927972279,2016-04-28 16:00:00,9,0.15,16
1927972279,2016-04-28 17:00:00,7,0.116667,17
1927972279,2016-04-28 18:00:00,15,0.25,18
1927972279,2016-04-28 19:00:00,3,0.05,19
1927972279,2016-04-28 20:00:00,3,0.05,20
1927972279,2016-04-28 21:00:00,0,0.0,21
1927972279,2016-04-28 22:00:00,0,0.0,22
1927972279,2016-04-28 23:00:00,0,0.0,23
1927972279,2016-04-29 00:00:00,0,0.0,0
1927972279,2016-04-29 01:00:00,0,0.0,1
1927972279,2016-04-29 02:00:00,0,0.0,2
1927972279,2016-04-29 03:00:00,0,0.0,3
1927972279,2016-04-29 04:00:00,0,0.0,4
1927972279,2016-04-29 05:00:00,0,0.0,5
1927972279,2016-04-29 06:00:00,0,0.0,6
1927972279,2016-04-29 07:00:00,0,0.0,7
1927972279,2016-04-29 08:00:00,0,0.0,8
1927972279,2016-04-29 09:00:00,0,0.0,9
1927972279,2016-04-29 10:00:00,0,0.0,10
1927972279,2016-04-29 11:00:00,0,0.0,11
1927972279,2016-04-29 12:00:00,0,0.0,12
1927972279,2016-04-29 13:00:00,0,0.0,13
1927972279,2016-04-29 14:00:00,0,0.0,14
1927972279,2016-04-29 15:00:00,0,0.0,15
1927972279,2016-04-29 16:00:00,0,0.0,16
1927972279,2016-04-29 17:00:00,0,0.0,17
1927972279,2016-04-29 18:00:00,0,0.0,18
1927972279,2016-04-29 19:00:00,0,0.0,19
1927972279,2016-04-29 20:00:00,0,0.0,20
1927972279,2016-04-29 21:00:00,0,0.0,21
1927972279,2016-04-29 22:00:00,0,0.0,22
1927972279,2016-04-29 23:00:00,0,0.0,23
1927972279,2016-04-30 00:00:00,0,0.0,0
1927972279,2016-04-30 01:00:00,0,0.0,1
1927972279,2016-04-30 02:00:00,0,0.0,2
1927972279,2016-04-30 03:00:00,0,0.0,3
1927972279,2016-04-30 04:00:00,0,0.0,4
1927972279,2016-04-30 05:00:00,0,0.0,5
1927972279,2016-04-30 06:00:00,0,0.0,6
1927972279,2016-04-30 07:00:00,0,0.0,7
1927972279,2016-04-30 08:00:00,0,0.0,8
1927972279,2016-04-30 09:00:00,0,0.0,9
1927972279,2016-04-30 10:00:00,0,0.0,10
1927972279,2016-04-30 11:00:00,0,0.0,11
1927972279,2016-04-30 12:00:00,0,0.0,12
1927972279,2016-04-30 13:00:00,0,0.0,13
1927972279,2016-04-30 14:00:00,0,0.0,14
1927972279,2016-04-30 15:00:00,0,0.0,15
1927972279,2016-04-30 16:00:00,0,0.0,16
1927972279,2016-04-30 17:00:00,0,0.0,17
1927972279,2016-04-30 18:00:00,0,0.0,18
1927972279,2016-04-30 19:00:00,0,0.0,19
1927972279,2016-04-30 20:00:00,0,0.0,20
1927972279,2016-04-30 21:00:00,0,0.0,21
1927972279,2016-04-30 22:00:00,0,0.0,22
1927972279,2016-04-30 23:00:00,0,0.0,23
1927972279,2016-05-01 00:00:00,0,0.0,0
1927972279,2016-05-01 01:00:00,0,0.0,1
1927972279,2016-05-01 02:00:00,0,0.0,2
1927972279,2016-05-01 03:00:00,0,0.0,3
1927972279,2016-05-01 04:00:00,0,0.0,4
1927972279,2016-05-01 05:00:00,0,0.0,5
1927972279,2016-05-01 06:00:00,0,0.0,6
1927972279,2016-05-01 07:00:00,0,0.0,7
1927972279,2016-05-01 08:00:00,3,0.05,8
1927972279,2016-05-01 09:00:00,0,0.0,9
1927972279,2016-05-01 10:00:00,5,0.083333,10
1927972279,2016-05-01 11:00:00,8,0.133333,11
1927972279,2016-05-01 12:00:00,6,0.1,12
1927972279,2016-05-01 13:00:00,55,0.916667,13
1927972279,2016-05-01 14:00:00,10,0.166667,14
1927972279,2016-05-01 15:00:00,2,0.033333,15
1927972279,2016-05-01 16:00:00,3,0.05,16
1927972279,2016-05-01 17:00:00,2,0.033333,17
1927972279,2016-05-01 18:00:00,3,0.05,18
1927972279,2016-05-01 19:00:00,12,0.2,19
1927972279,2016-05-01 20:00:00,1,0.016667,20
1927972279,2016-05-01 21:00:00,4,0.066667,21
1927972279,2016-05-01 22:00:00,0,0.0,22
1927972279,2016-05-01 23:00:00,0,0.0,23
1927972279,2016-05-02 00:00:00,0,0.0,0
1927972279,2016-05-02 01:00:00,0,0.0,1
1927972279,2016-05-02 02:00:00,0,0.0,2
1927972279,2016-05-02 03:00:00,0,0.0,3
1927972279,2016-05-02 04:00:00,0,0.0,4
1927972279,2016-05-02 05:00:00,0,0.0,5
1927972279,2016-05-02 06:00:00,0,0.0,6
1927972279,2016-05-02 07:00:00,0,0.0,7
1927972279,2016-05-02 08:00:00,0,0.0,8
1927972279,2016-05-02 09:00:00,0,0.0,9
1927972279,2016-05-02 10:00:00,0,0.0,10
1927972279,2016-05-02 11:00:00,63,1.05,11
1927972279,2016-05-02 12:00:00,4,0.066667,12
1927972279,2016-05-02 13:00:00,1,0.016667,13
1927972279,2016-05-02 14:00:00,5,0.083333,14
1927972279,2016-05-02 15:00:00,12,0.2,15
1927972279,2016-05-02 16:00:00,13,0.216667,16
1927972279,2016-05-02 17:00:00,14,0.233333,17
1927972279,2016-05-02 18:00:00,15,0.25,18
1927972279,2016-05-02 19:00:00,31,0.516667,19
1927972279,2016-05-02 20:00:00,0,0.0,20
1927972279,2016-05-02 21:00:00,0,0.0,21
1927972279,2016-05-02 22:00:00,0,0.0,22
1927972279,2016-05-02 23:00:00,0,0.0,23
1927972279,2016-05-03 00:00:00,0,0.0,0
1927972279,2016-05-03 01:00:00,0,0.0,1
1927972279,2016-05-03 02:00:00,0,0.0,2
1927972279,2016-05-03 03:00:00,0,0.0,3
1927972279,2016-05-03 04:00:00,0,0.0,4
1927972279,2016-05-03 05:00:00,0,0.0,5
1927972279,2016-05-03 06:00:00,0,0.0,6
1927972279,2016-05-03 07:00:00,0,0.0,7
1927972279,2016-05-03 08:00:00,40,0.666667,8
1927972279,2016-05-03 09:00:00,0,0.0,9
1927972279,2016-05-03 10:00:00,6,0.1,10
1927972279,2016-05-03 11:00:00,0,0.0,11
1927972279,2016-05-03 12:00:00,0,0.0,12
1927972279,2016-05-03 13:00:00,1,0.016667,13
1927972279,2016-05-03 14:00:00,0,0.0,14
1927972279,2016-05-03 15:00:00,0,0.0,15
1927972279,2016-05-03 16:00:00,0,0.0,16
1927972279,2016-05-03 17:00:00,0,0.0,17
1927972279,2016-05-03 18:00:00,0,0.0,18
1927972279,2016-05-03 19:00:00,0,0.0,19
1927972279,2016-05-03 20:00:00,0,0.0,20
1927972279,2016-05-03 21:00:00,0,0.0,21
1927972279,2016-05-03 22:00:00,0,0.0,22
1927972279,2016-05-03 23:00:00,0,0.0,23
1927972279,2016-05-04 00:00:00,0,0.0,0
1927972279,2016-05-04 01:00:00,0,0.0,1
1927972279,2016-05-04 02:00:00,0,0.0,2
1927972279,2016-05-04 03:00:00,0,0.0,3
1927972279,2016-05-04 04:00:00,0,0.0,4
1927972279,2016-05-04 05:00:00,0,0.0,5
1927972279,2016-05-04 06:00:00,0,0.0,6
1927972279,2016-05-04 07:00:00,0,0.0,7
1927972279,2016-05-04 08:00:00,0,0.0,8
1927972279,2016-05-04 09:00:00,0,0.0,9
1927972279,2016-05-04 10:00:00,34,0.566667,10
1927972279,2016-05-04 11:00:00,4,0.066667,11
1927972279,2016-05-04 12:00:00,4,0.066667,12
1927972279,2016-05-04 13:00:00,7,0.116667,13
1927972279,2016-05-04 14:00:00,3,0.05,14
1927972279,2016-05-04 15:00:00,7,0.116667,15
1927972279,2016-05-04 16:00:00,12,0.2,16
1927972279,2016-05-04 17:00:00,7,0.116667,17
1927972279,2016-05-04 18:00:00,1,0.016667,18
1927972279,2016-05-04 19:00:00,4,0.066667,19
1927972279,2016-05-04 20:00:00,4,0.066667,20
1927972279,2016-05-04 21:00:00,0,0.0,21
1927972279,2016-05-04 22:00:00,0,0.0,22
1927972279,2016-05-04 23:00:00,0,0.0,23
1927972279,2016-05-05 00:00:00,0,0.0,0
1927972279,2016-05-05 01:00:00,0,0.0,1
1927972279,2016-05-05 02:00:00,0,0.0,2
1927972279,2016-05-05 03:00:00,0,0.0,3
1927972279,2016-05-05 04:00:00,0,0.0,4
1927972279,2016-05-05 05:00:00,0,0.0,5
1927972279,2016-05-05 06:00:00,0,0.0,6
1927972279,2016-05-05 07:00:00,0,0.0,7
1927972279,2016-05-05 08:00:00,0,0.0,8
1927972279,2016-05-05 09:00:00,0,0.0,9
1927972279,2016-05-05 10:00:00,0,0.0,10
1927972279,2016-05-05 11:00:00,0,0.0,11
1927972279,2016-05-05 12:00:00,0,0.0,12
1927972279,2016-05-05 13:00:00,0,0.0,13
1927972279,2016-05-05 14:00:00,0,0.0,14
1927972279,2016-05-05 15:00:00,0,0.0,15
1927972279,2016-05-05 16:00:00,0,0.0,16
1927972279,2016-05-05 17:00:00,0,0.0,17
1927972279,2016-05-05 18:00:00,0,0.0,18
1927972279,2016-05-05 19:00:00,0,0.0,19
1927972279,2016-05-05 20:00:00,0,0.0,20
1927972279,2016-05-05 21:00:00,0,0.0,21
1927972279,2016-05-05 22:00:00,0,0.0,22
1927972279,2016-05-05 23:00:00,0,0.0,23
1927972279,2016-05-06 00:00:00,0,0.0,0
1927972279,2016-05-06 01:00:00,0,0.0,1
1927972279,2016-05-06 02:00:00,0,0.0,2
1927972279,2016-05-06 03:00:00,0,0.0,3
1927972279,2016-05-06 04:00:00,0,0.0,4
1927972279,2016-05-06 05:00:00,0,0.0,5
1927972279,2016-05-06 06:00:00,0,0.0,6
1927972279,2016-05-06 07:00:00,0,0.0,7
1927972279,2016-05-06 08:00:00,0,0.0,8
1927972279,2016-05-06 09:00:00,0,0.0,9
1927972279,2016-05-06 10:00:00,0,0.0,10
1927972279,2016-05-06 11:00:00,0,0.0,11
1927972279,2016-05-06 12:00:00,0,0.0,12
1927972279,2016-05-06 13:00:00,0,0.0,13
1927972279,2016-05-06 14:00:00,0,0.0,14
1927972279,2016-05-06 15:00:00,0,0.0,15
1927972279,2016-05-06 16:00:00,4,0.066667,16
1927972279,2016-05-06 17:00:00,15,0.25,17
1927972279,2016-05-06 18:00:00,17,0.283333,18
1927972279,2016-05-06 19:00:00,47,0.783333,19
1927972279,2016-05-06 20:00:00,13,0.216667,20
1927972279,2016-05-06 21:00:00,7,0.116667,21
1927972279,2016-05-06 22:00:00,5,0.083333,22
1927972279,2016-05-06 23:00:00,0,0.0,23
1927972279,2016-05-07 00:00:00,0,0.0,0
1927972279,2016-05-07 01:00:00,0,0.0,1
1927972279,2016-05-07 02:00:00,0,0.0,2
1927972279,2016-05-07 03:00:00,0,0.0,3
1927972279,2016-05-07 04:00:00,0,0.0,4
1927972279,2016-05-07 05:00:00,0,0.0,5
1927972279,2016-05-07 06:00:00,0,0.0,6
1927972279,2016-05-07 07:00:00,0,0.0,7
1927972279,2016-05-07 08:00:00,0,0.0,8
1927972279,2016-05-07 09:00:00,0,0.0,9
1927972279,2016-05-07 10:00:00,30,0.5,10
1927972279,2016-05-07 11:00:00,18,0.3,11
1927972279,2016-05-07 12:00:00,0,0.0,12
1927972279,2016-05-07 13:00:00,0,0.0,13
1927972279,2016-05-07 14:00:00,0,0.0,14
1927972279,2016-05-07 15:00:00,0,0.0,15
1927972279,2016-05-07 16:00:00,0,0.0,16
1927972279,2016-05-07 17:00:00,0,0.0,17
1927972279,2016-05-07 18:00:00,0,0.0,18
1927972279,2016-05-07 19:00:00,0,0.0,19
1927972279,2016-05-07 20:00:00,0,0.0,20
1927972279,2016-05-07 21:00:00,0,0.0,21
1927972279,2016-05-07 22:00:00,0,0.0,22
1927972279,2016-05-07 23:00:00,0,0.0,23
1927972279,2016-05-08 00:00:00,0,0.0,0
1927972279,2016-05-08 01:00:00,0,0.0,1
1927972279,2016-05-08 02:00:00,0,0.0,2
1927972279,2016-05-08 03:00:00,0,0.0,3
1927972279,2016-05-08 04:00:00,0,0.0,4
1927972279,2016-05-08 05:00:00,0,0.0,5
1927972279,2016-05-08 06:00:00,0,0.0,6
1927972279,2016-05-08 07:00:00,0,0.0,7
1927972279,2016-05-08 08:00:00,0,0.0,8
1927972279,2016-05-08 09:00:00,0,0.0,9
1927972279,2016-05-08 10:00:00,0,0.0,10
1927972279,2016-05-08 11:00:00,0,0.0,11
1927972279,2016-05-08 12:00:00,0,0.0,12
1927972279,2016-05-08 13:00:00,0,0.0,13
1927972279,2016-05-08 14:00:00,0,0.0,14
1927972279,2016-05-08 15:00:00,0,0.0,15
1927972279,2016-05-08 16:00:00,0,0.0,16
1927972279,2016-05-08 17:00:00,0,0.0,17
1927972279,2016-05-08 18:00:00,0,0.0,18
1927972279,2016-05-08 19:00:00,0,0.0,19
1927972279,2016-05-08 20:00:00,0,0.0,20
1927972279,2016-05-08 21:00:00,0,0.0,21
1927972279,2016-05-08 22:00:00,0,0.0,22
1927972279,2016-05-08 23:00:00,0,0.0,23
1927972279,2016-05-09 00:00:00,0,0.0,0
1927972279,2016-05-09 01:00:00,0,0.0,1
1927972279,2016-05-09 02:00:00,0,0.0,2
1927972279,2016-05-09 03:00:00,0,0.0,3
1927972279,2016-05-09 04:00:00,0,0.0,4
1927972279,2016-05-09 05:00:00,0,0.0,5
1927972279,2016-05-09 06:00:00,0,0.0,6
1927972279,2016-05-09 07:00:00,0,0.0,7
1927972279,2016-05-09 08:00:00,0,0.0,8
1927972279,2016-05-09 09:00:00,0,0.0,9
1927972279,2016-05-09 10:00:00,0,0.0,10
1927972279,2016-05-09 11:00:00,0,0.0,11
1927972279,2016-05-09 12:00:00,0,0.0,12
1927972279,2016-05-09 13:00:00,0,0.0,13
1927972279,2016-05-09 14:00:00,0,0.0,14
1927972279,2016-05-09 15:00:00,0,0.0,15
1927972279,2016-05-09 16:00:00,0,0.0,16
1927972279,2016-05-09 17:00:00,0,0.0,17
1927972279,2016-05-09 18:00:00,0,0.0,18
1927972279,2016-05-09 19:00:00,0,0.0,19
1927972279,2016-05-09 20:00:00,0,0.0,20
1927972279,2016-05-09 21:00:00,0,0.0,21
1927972279,2016-05-09 22:00:00,0,0.0,22
1927972279,2016-05-09 23:00:00,0,0.0,23
1927972279,2016-05-10 00:00:00,0,0.0,0
1927972279,2016-05-10 01:00:00,0,0.0,1
1927972279,2016-05-10 02:00:00,0,0.0,2
1927972279,2016-05-10 03:00:00,0,0.0,3
1927972279,2016-05-10 04:00:00,0,0.0,4
1927972279,2016-05-10 05:00:00,0,0.0,5
1927972279,2016-05-10 06:00:00,0,0.0,6
1927972279,2016-05-10 07:00:00,0,0.0,7
1927972279,2016-05-10 08:00:00,0,0.0,8
1927972279,2016-05-10 09:00:00,0,0.0,9
1927972279,2016-05-10 10:00:00,0,0.0,10
1927972279,2016-05-10 11:00:00,0,0.0,11
1927972279,2016-05-10 12:00:00,0,0.0,12
1927972279,2016-05-10 13:00:00,0,0.0,13
1927972279,2016-05-10 14:00:00,0,0.0,14
1927972279,2016-05-10 15:00:00,0,0.0,15
1927972279,2016-05-10 16:00:00,0,0.0,16
1927972279,2016-05-10 17:00:00,0,0.0,17
1927972279,2016-05-10 18:00:00,0,0.0,18
1927972279,2016-05-10 19:00:00,0,0.0,19
1927972279,2016-05-10 20:00:00,0,0.0,20
1927972279,2016-05-10 21:00:00,0,0.0,21
1927972279,2016-05-10 22:00:00,0,0.0,22
1927972279,2016-05-10 23:00:00,0,0.0,23
1927972279,2016-05-11 00:00:00,0,0.0,0
1927972279,2016-05-11 01:00:00,0,0.0,1
1927972279,2016-05-11 02:00:00,0,0.0,2
1927972279,2016-05-11 03:00:00,0,0.0,3
1927972279,2016-05-11 04:00:00,0,0.0,4
1927972279,2016-05-11 05:00:00,0,0.0,5
1927972279,2016-05-11 06:00:00,0,0.0,6
1927972279,2016-05-11 07:00:00,0,0.0,7
1927972279,2016-05-11 08:00:00,0,0.0,8
1927972279,2016-05-11 09:00:00,0,0.0,9
1927972279,2016-05-11 10:00:00,0,0.0,10
1927972279,2016-05-11 11:00:00,0,0.0,11
1927972279,2016-05-11 12:00:00,0,0.0,12
1927972279,2016-05-11 13:00:00,0,0.0,13
1927972279,2016-05-11 14:00:00,0,0.0,14
1927972279,2016-05-11 15:00:00,0,0.0,15
1927972279,2016-05-11 16:00:00,0,0.0,16
1927972279,2016-05-11 17:00:00,0,0.0,17
1927972279,2016-05-11 18:00:00,0,0.0,18
1927972279,2016-05-11 19:00:00,0,0.0,19
1927972279,2016-05-11 20:00:00,0,0.0,20
1927972279,2016-05-11 21:00:00,0,0.0,21
1927972279,2016-05-11 22:00:00,0,0.0,22
1927972279,2016-05-11 23:00:00,0,0.0,23
1927972279,2016-05-12 00:00:00,0,0.0,0
1927972279,2016-05-12 01:00:00,0,0.0,1
1927972279,2016-05-12 02:00:00,0,0.0,2
1927972279,2016-05-12 03:00:00,0,0.0,3
1927972279,2016-05-12 04:00:00,0,0.0,4
1927972279,2016-05-12 05:00:00,0,0.0,5
1927972279,2016-05-12 06:00:00,0,0.0,6
1927972279,2016-05-12 07:00:00,0,0.0,7
1927972279,2016-05-12 08:00:00,0,0.0,8
1927972279,2016-05-12 09:00:00,0,0.0,9
1927972279,2016-05-12 10:00:00,0,0.0,10
1927972279,2016-05-12 11:00:00,0,0.0,11
1927972279,2016-05-12 12:00:00,0,0.0,12
1927972279,2016-05-12 13:00:00,0,0.0,13
1927972279,2016-05-12 14:00:00,0,0.0,14
1927972279,2016-05-12 15:00:00,0,0.0,15
2022484408,2016-04-12 00:00:00,0,0.0,0
2022484408,2016-04-12 01:00:00,0,0.0,1
2022484408,2016-04-12 02:00:00,0,0.0,2
2022484408,2016-04-12 03:00:00,0,0.0,3
2022484408,2016-04-12 04:00:00,0,0.0,4
2022484408,2016-04-12 05:00:00,0,0.0,5
2022484408,2016-04-12 06:00:00,0,0.0,6
2022484408,2016-04-12 07:00:00,28,0.466667,7
2022484408,2016-04-12 08:00:00,13,0.216667,8
2022484408,2016-04-12 09:00:00,13,0.216667,9
2022484408,2016-04-12 10:00:00,143,2.383333,10
2022484408,2016-04-12 11:00:00,20,0.333333,11
2022484408,2016-04-12 12:00:00,11,0.183333,12
2022484408,2016-04-12 13:00:00,19,0.316667,13
2022484408,2016-04-12 14:00:00,54,0.9,14
2022484408,2016-04-12 15:00:00,9,0.15,15
2022484408,2016-04-12 16:00:00,19,0.316667,16
2022484408,2016-04-12 17:00:00,24,0.4,17
2022484408,2016-04-12 18:00:00,19,0.316667,18
2022484408,2016-04-12 19:00:00,9,0.15,19
2022484408,2016-04-12 20:00:00,0,0.0,20
2022484408,2016-04-12 21:00:00,0,0.0,21
2022484408,2016-04-12 22:00:00,0,0.0,22
2022484408,2016-04-12 23:00:00,0,0.0,23
2022484408,2016-04-13 00:00:00,0,0.0,0
2022484408,2016-04-13 01:00:00,0,0.0,1
2022484408,2016-04-13 02:00:00,0,0.0,2
2022484408,2016-04-13 03:00:00,0,0.0,3
2022484408,2016-04-13 04:00:00,0,0.0,4
2022484408,2016-04-13 05:00:00,0,0.0,5
2022484408,2016-04-13 06:00:00,0,0.0,6
2022484408,2016-04-13 07:00:00,28,0.466667,7
2022484408,2016-04-13 08:00:00,24,0.4,8
2022484408,2016-04-13 09:00:00,145,2.416667,9
2022484408,2016-04-13 10:00:00,5,0.083333,10
2022484408,2016-04-13 11:00:00,20,0.333333,11
2022484408,2016-04-13 12:00:00,25,0.416667,12
2022484408,2016-04-13 13:00:00,11,0.183333,13
2022484408,2016-04-13 14:00:00,46,0.766667,14
2022484408,2016-04-13 15:00:00,20,0.333333,15
2022484408,2016-04-13 16:00:00,20,0.333333,16
2022484408,2016-04-13 17:00:00,28,0.466667,17
2022484408,2016-04-13 18:00:00,31,0.516667,18
2022484408,2016-04-13 19:00:00,27,0.45,19
2022484408,2016-04-13 20:00:00,1,0.016667,20
2022484408,2016-04-13 21:00:00,0,0.0,21
2022484408,2016-04-13 22:00:00,0,0.0,22
2022484408,2016-04-13 23:00:00,0,0.0,23
2022484408,2016-04-14 00:00:00,0,0.0,0
2022484408,2016-04-14 01:00:00,0,0.0,1
2022484408,2016-04-14 02:00:00,0,0.0,2
2022484408,2016-04-14 03:00:00,0,0.0,3
2022484408,2016-04-14 04:00:00,0,0.0,4
2022484408,2016-04-14 05:00:00,0,0.0,5
2022484408,2016-04-14 06:00:00,0,0.0,6
2022484408,2016-04-14 07:00:00,10,0.166667,7
2022484408,2016-04-14 08:00:00,11,0.183333,8
2022484408,2016-04-14 09:00:00,19,0.316667,9
2022484408,2016-04-14 10:00:00,21,0.35,10
2022484408,2016-04-14 11:00:00,13,0.216667,11
2022484408,2016-04-14 12:00:00,9,0.15,12
2022484408,2016-04-14 13:00:00,18,0.3,13
2022484408,2016-04-14 14:00:00,47,0.783333,14
2022484408,2016-04-14 15:00:00,13,0.216667,15
2022484408,2016-04-14 16:00:00,24,0.4,16
2022484408,2016-04-14 17:00:00,24,0.4,17
2022484408,2016-04-14 18:00:00,104,1.733333,18
2022484408,2016-04-14 19:00:00,29,0.483333,19
2022484408,2016-04-14 20:00:00,17,0.283333,20
2022484408,2016-04-14 21:00:00,0,0.0,21
2022484408,2016-04-14 22:00:00,0,0.0,22
2022484408,2016-04-14 23:00:00,0,0.0,23
2022484408,2016-04-15 00:00:00,0,0.0,0
2022484408,2016-04-15 01:00:00,0,0.0,1
2022484408,2016-04-15 02:00:00,0,0.0,2
2022484408,2016-04-15 03:00:00,0,0.0,3
2022484408,2016-04-15 04:00:00,0,0.0,4
2022484408,2016-04-15 05:00:00,0,0.0,5
2022484408,2016-04-15 06:00:00,0,0.0,6
2022484408,2016-04-15 07:00:00,21,0.35,7
2022484408,2016-04-15 08:00:00,26,0.433333,8
2022484408,2016-04-15 09:00:00,117,1.95,9
2022484408,2016-04-15 10:00:00,25,0.416667,10
2022484408,2016-04-15 11:00:00,24,0.4,11
2022484408,2016-04-15 12:00:00,6,0.1,12
2022484408,2016-04-15 13:00:00,44,0.733333,13
2022484408,2016-04-15 14:00:00,26,0.433333,14
2022484408,2016-04-15 15:00:00,19,0.316667,15
2022484408,2016-04-15 16:00:00,33,0.55,16
2022484408,2016-04-15 17:00:00,19,0.316667,17
2022484408,2016-04-15 18:00:00,10,0.166667,18
2022484408,2016-04-15 19:00:00,11,0.183333,19
2022484408,2016-04-15 20:00:00,0,0.0,20
2022484408,2016-04-15 21:00:00,0,0.0,21
2022484408,2016-04-15 22:00:00,0,0.0,22
2022484408,2016-04-15 23:00:00,0,0.0,23
2022484408,2016-04-16 00:00:00,0,0.0,0
2022484408,2016-04-16 01:00:00,0,0.0,1
2022484408,2016-04-16 02:00:00,0,0.0,2
2022484408,2016-04-16 03:00:00,0,0.0,3
2022484408,2016-04-16 04:00:00,0,0.0,4
2022484408,2016-04-16 05:00:00,0,0.0,5
2022484408,2016-04-16 06:00:00,0,0.0,6
2022484408,2016-04-16 07:00:00,4,0.066667,7
2022484408,2016-04-16 08:00:00,26,0.433333,8
2022484408,2016-04-16 09:00:00,133,2.216667,9
2022484408,2016-04-16 10:00:00,25,0.416667,10
2022484408,2016-04-16 11:00:00,22,0.366667,11
2022484408,2016-04-16 12:00:00,19,0.316667,12
2022484408,2016-04-16 13:00:00,27,0.45,13
2022484408,2016-04-16 14:00:00,24,0.4,14
2022484408,2016-04-16 15:00:00,16,0.266667,15
2022484408,2016-04-16 16:00:00,0,0.0,16
2022484408,2016-04-16 17:00:00,0,0.0,17
2022484408,2016-04-16 18:00:00,0,0.0,18
2022484408,2016-04-16 19:00:00,0,0.0,19
2022484408,2016-04-16 20:00:00,0,0.0,20
2022484408,2016-04-16 21:00:00,0,0.0,21
2022484408,2016-04-16 22:00:00,0,0.0,22
2022484408,2016-04-16 23:00:00,0,0.0,23
2022484408,2016-04-17 00:00:00,0,0.0,0
2022484408,2016-04-17 01:00:00,0,0.0,1
2022484408,2016-04-17 02:00:00,0,0.0,2
2022484408,2016-04-17 03:00:00,0,0.0,3
2022484408,2016-04-17 04:00:00,0,0.0,4
2022484408,2016-04-17 05:00:00,0,0.0,5
2022484408,2016-04-17 06:00:00,0,0.0,6
2022484408,2016-04-17 07:00:00,0,0.0,7
2022484408,2016-04-17 08:00:00,23,0.383333,8
2022484408,2016-04-17 09:00:00,114,1.9,9
2022484408,2016-04-17 10:00:00,76,1.266667,10
2022484408,2016-04-17 11:00:00,54,0.9,11
2022484408,2016-04-17 12:00:00,5,0.083333,12
2022484408,2016-04-17 13:00:00,10,0.166667,13
2022484408,2016-04-17 14:00:00,45,0.75,14
2022484408,2016-04-17 15:00:00,31,0.516667,15
2022484408,2016-04-17 16:00:00,35,0.583333,16
2022484408,2016-04-17 17:00:00,34,0.566667,17
2022484408,2016-04-17 18:00:00,30,0.5,18
2022484408,2016-04-17 19:00:00,11,0.183333,19
2022484408,2016-04-17 20:00:00,5,0.083333,20
2022484408,2016-04-17 21:00:00,0,0.0,21
2022484408,2016-04-17 22:00:00,0,0.0,22
2022484408,2016-04-17 23:00:00,0,0.0,23
2022484408,2016-04-18 00:00:00,0,0.0,0
2022484408,2016-04-18 01:00:00,0,0.0,1
2022484408,2016-04-18 02:00:00,0,0.0,2
2022484408,2016-04-18 03:00:00,0,0.0,3
2022484408,2016-04-18 04:00:00,0,0.0,4
2022484408,2016-04-18 05:00:00,0,0.0,5
2022484408,2016-04-18 06:00:00,5,0.083333,6
2022484408,2016-04-18 07:00:00,40,0.666667,7
2022484408,2016-04-18 08:00:00,23,0.383333,8
2022484408,2016-04-18 09:00:00,157,2.616667,9
2022484408,2016-04-18 10:00:00,31,0.516667,10
2022484408,2016-04-18 11:00:00,1,0.016667,11
2022484408,2016-04-18 12:00:00,15,0.25,12
2022484408,2016-04-18 13:00:00,14,0.233333,13
2022484408,2016-04-18 14:00:00,40,0.666667,14
2022484408,2016-04-18 15:00:00,28,0.466667,15
2022484408,2016-04-18 16:00:00,18,0.3,16
2022484408,2016-04-18 17:00:00,28,0.466667,17
2022484408,2016-04-18 18:00:00,32,0.533333,18
2022484408,2016-04-18 19:00:00,23,0.383333,19
2022484408,2016-04-18 20:00:00,6,0.1,20
2022484408,2016-04-18 21:00:00,0,0.0,21
2022484408,2016-04-18 22:00:00,0,0.0,22
2022484408,2016-04-18 23:00:00,0,0.0,23
2022484408,2016-04-19 00:00:00,0,0.0,0
2022484408,2016-04-19 01:00:00,0,0.0,1
2022484408,2016-04-19 02:00:00,0,0.0,2
2022484408,2016-04-19 03:00:00,0,0.0,3
2022484408,2016-04-19 04:00:00,0,0.0,4
2022484408,2016-04-19 05:00:00,0,0.0,5
2022484408,2016-04-19 06:00:00,0,0.0,6
2022484408,2016-04-19 07:00:00,0,0.0,7
2022484408,2016-04-19 08:00:00,0,0.0,8
2022484408,2016-04-19 09:00:00,20,0.333333,9
2022484408,2016-04-19 10:00:00,13,0.216667,10
2022484408,2016-04-19 11:00:00,20,0.333333,11
2022484408,2016-04-19 12:00:00,24,0.4,12
2022484408,2016-04-19 13:00:00,20,0.333333,13
2022484408,2016-04-19 14:00:00,42,0.7,14
2022484408,2016-04-19 15:00:00,35,0.583333,15
2022484408,2016-04-19 16:00:00,121,2.016667,16
2022484408,2016-04-19 17:00:00,23,0.383333,17
2022484408,2016-04-19 18:00:00,25,0.416667,18
2022484408,2016-04-19 19:00:00,14,0.233333,19
2022484408,2016-04-19 20:00:00,0,0.0,20
2022484408,2016-04-19 21:00:00,0,0.0,21
2022484408,2016-04-19 22:00:00,0,0.0,22
2022484408,2016-04-19 23:00:00,0,0.0,23
2022484408,2016-04-20 00:00:00,0,0.0,0
2022484408,2016-04-20 01:00:00,0,0.0,1
2022484408,2016-04-20 02:00:00,0,0.0,2
2022484408,2016-04-20 03:00:00,0,0.0,3
2022484408,2016-04-20 04:00:00,0,0.0,4
2022484408,2016-04-20 05:00:00,0,0.0,5
2022484408,2016-04-20 06:00:00,7,0.116667,6
2022484408,2016-04-20 07:00:00,36,0.6,7
2022484408,2016-04-20 08:00:00,38,0.633333,8
2022484408,2016-04-20 09:00:00,139,2.316667,9
2022484408,2016-04-20 10:00:00,6,0.1,10
2022484408,2016-04-20 11:00:00,16,0.266667,11
2022484408,2016-04-20 12:00:00,56,0.933333,12
2022484408,2016-04-20 13:00:00,31,0.516667,13
2022484408,2016-04-20 14:00:00,72,1.2,14
2022484408,2016-04-20 15:00:00,33,0.55,15
2022484408,2016-04-20 16:00:00,25,0.416667,16
2022484408,2016-04-20 17:00:00,27,0.45,17
2022484408,2016-04-20 18:00:00,22,0.366667,18
2022484408,2016-04-20 19:00:00,22,0.366667,19
2022484408,2016-04-20 20:00:00,16,0.266667,20
2022484408,2016-04-20 21:00:00,0,0.0,21
2022484408,2016-04-20 22:00:00,0,0.0,22
2022484408,2016-04-20 23:00:00,0,0.0,23
2022484408,2016-04-21 00:00:00,0,0.0,0
2022484408,2016-04-21 01:00:00,0,0.0,1
2022484408,2016-04-21 02:00:00,0,0.0,2
2022484408,2016-04-21 03:00:00,0,0.0,3
2022484408,2016-04-21 04:00:00,0,0.0,4
2022484408,2016-04-21 05:00:00,0,0.0,5
2022484408,2016-04-21 06:00:00,0,0.0,6
2022484408,2016-04-21 07:00:00,40,0.666667,7
2022484408,2016-04-21 08:00:00,10,0.166667,8
2022484408,2016-04-21 09:00:00,22,0.366667,9
2022484408,2016-04-21 10:00:00,93,1.55,10
2022484408,2016-04-21 11:00:00,71,1.183333,11
2022484408,2016-04-21 12:00:00,102,1.7,12
2022484408,2016-04-21 13:00:00,2,0.033333,13
2022484408,2016-04-21 14:00:00,80,1.333333,14
2022484408,2016-04-21 15:00:00,49,0.816667,15
2022484408,2016-04-21 16:00:00,97,1.616667,16
2022484408,2016-04-21 17:00:00,59,0.983333,17
2022484408,2016-04-21 18:00:00,21,0.35,18
2022484408,2016-04-21 19:00:00,17,0.283333,19
2022484408,2016-04-21 20:00:00,10,0.166667,20
2022484408,2016-04-21 21:00:00,0,0.0,21
2022484408,2016-04-21 22:00:00,0,0.0,22
2022484408,2016-04-21 23:00:00,0,0.0,23
2022484408,2016-04-22 00:00:00,0,0.0,0
2022484408,2016-04-22 01:00:00,0,0.0,1
2022484408,2016-04-22 02:00:00,0,0.0,2
2022484408,2016-04-22 03:00:00,0,0.0,3
2022484408,2016-04-22 04:00:00,0,0.0,4
2022484408,2016-04-22 05:00:00,0,0.0,5
2022484408,2016-04-22 06:00:00,3,0.05,6
2022484408,2016-04-22 07:00:00,32,0.533333,7
2022484408,2016-04-22 08:00:00,17,0.283333,8
2022484408,2016-04-22 09:00:00,151,2.516667,9
2022484408,2016-04-22 10:00:00,48,0.8,10
2022484408,2016-04-22 11:00:00,22,0.366667,11
2022484408,2016-04-22 12:00:00,26,0.433333,12
2022484408,2016-04-22 13:00:00,27,0.45,13
2022484408,2016-04-22 14:00:00,32,0.533333,14
2022484408,2016-04-22 15:00:00,20,0.333333,15
2022484408,2016-04-22 16:00:00,7,0.116667,16
2022484408,2016-04-22 17:00:00,8,0.133333,17
2022484408,2016-04-22 18:00:00,19,0.316667,18
2022484408,2016-04-22 19:00:00,27,0.45,19
2022484408,2016-04-22 20:00:00,10,0.166667,20
2022484408,2016-04-22 21:00:00,0,0.0,21
2022484408,2016-04-22 22:00:00,0,0.0,22
2022484408,2016-04-22 23:00:00,0,0.0,23
2022484408,2016-04-23 00:00:00,0,0.0,0
2022484408,2016-04-23 01:00:00,0,0.0,1
2022484408,2016-04-23 02:00:00,0,0.0,2
2022484408,2016-04-23 03:00:00,0,0.0,3
2022484408,2016-04-23 04:00:00,0,0.0,4
2022484408,2016-04-23 05:00:00,0,0.0,5
2022484408,2016-04-23 06:00:00,0,0.0,6
2022484408,2016-04-23 07:00:00,0,0.0,7
2022484408,2016-04-23 08:00:00,0,0.0,8
2022484408,2016-04-23 09:00:00,0,0.0,9
2022484408,2016-04-23 10:00:00,0,0.0,10
2022484408,2016-04-23 11:00:00,0,0.0,11
2022484408,2016-04-23 12:00:00,13,0.216667,12
2022484408,2016-04-23 13:00:00,40,0.666667,13
2022484408,2016-04-23 14:00:00,25,0.416667,14
2022484408,2016-04-23 15:00:00,33,0.55,15
2022484408,2016-04-23 16:00:00,21,0.35,16
2022484408,2016-04-23 17:00:00,29,0.483333,17
2022484408,2016-04-23 18:00:00,33,0.55,18
2022484408,2016-04-23 19:00:00,22,0.366667,19
2022484408,2016-04-23 20:00:00,16,0.266667,20
2022484408,2016-04-23 21:00:00,10,0.166667,21
2022484408,2016-04-23 22:00:00,7,0.116667,22
2022484408,2016-04-23 23:00:00,0,0.0,23
2022484408,2016-04-24 00:00:00,0,0.0,0
2022484408,2016-04-24 01:00:00,0,0.0,1
2022484408,2016-04-24 02:00:00,0,0.0,2
2022484408,2016-04-24 03:00:00,0,0.0,3
2022484408,2016-04-24 04:00:00,0,0.0,4
2022484408,2016-04-24 05:00:00,0,0.0,5
2022484408,2016-04-24 06:00:00,0,0.0,6
2022484408,2016-04-24 07:00:00,0,0.0,7
2022484408,2016-04-24 08:00:00,63,1.05,8
2022484408,2016-04-24 09:00:00,84,1.4,9
2022484408,2016-04-24 10:00:00,18,0.3,10
2022484408,2016-04-24 11:00:00,24,0.4,11
2022484408,2016-04-24 12:00:00,17,0.283333,12
2022484408,2016-04-24 13:00:00,48,0.8,13
2022484408,2016-04-24 14:00:00,16,0.266667,14
2022484408,2016-04-24 15:00:00,52,0.866667,15
2022484408,2016-04-24 16:00:00,2,0.033333,16
2022484408,2016-04-24 17:00:00,23,0.383333,17
2022484408,2016-04-24 18:00:00,32,0.533333,18
2022484408,2016-04-24 19:00:00,0,0.0,19
2022484408,2016-04-24 20:00:00,0,0.0,20
2022484408,2016-04-24 21:00:00,0,0.0,21
2022484408,2016-04-24 22:00:00,0,0.0,22
2022484408,2016-04-24 23:00:00,0,0.0,23
2022484408,2016-04-25 00:00:00,0,0.0,0
2022484408,2016-04-25 01:00:00,0,0.0,1
2022484408,2016-04-25 02:00:00,0,0.0,2
2022484408,2016-04-25 03:00:00,0,0.0,3
2022484408,2016-04-25 04:00:00,0,0.0,4
2022484408,2016-04-25 05:00:00,0,0.0,5
2022484408,2016-04-25 06:00:00,0,0.0,6
2022484408,2016-04-25 07:00:00,23,0.383333,7
2022484408,2016-04-25 08:00:00,18,0.3,8
2022484408,2016-04-25 09:00:00,155,2.583333,9
2022484408,2016-04-25 10:00:00,10,0.166667,10
2022484408,2016-04-25 11:00:00,0,0.0,11
2022484408,2016-04-25 12:00:00,0,0.0,12
2022484408,2016-04-25 13:00:00,4,0.066667,13
2022484408,2016-04-25 14:00:00,40,0.666667,14
2022484408,2016-04-25 15:00:00,16,0.266667,15
2022484408,2016-04-25 16:00:00,25,0.416667,16
2022484408,2016-04-25 17:00:00,19,0.316667,17
2022484408,2016-04-25 18:00:00,17,0.283333,18
2022484408,2016-04-25 19:00:00,34,0.566667,19
2022484408,2016-04-25 20:00:00,4,0.066667,20
2022484408,2016-04-25 21:00:00,0,0.0,21
2022484408,2016-04-25 22:00:00,0,0.0,22
2022484408,2016-04-25 23:00:00,0,0.0,23
2022484408,2016-04-26 00:00:00,0,0.0,0
2022484408,2016-04-26 01:00:00,0,0.0,1
2022484408,2016-04-26 02:00:00,0,0.0,2
2022484408,2016-04-26 03:00:00,0,0.0,3
2022484408,2016-04-26 04:00:00,0,0.0,4
2022484408,2016-04-26 05:00:00,0,0.0,5
2022484408,2016-04-26 06:00:00,0,0.0,6
2022484408,2016-04-26 07:00:00,30,0.5,7
2022484408,2016-04-26 08:00:00,6,0.1,8
2022484408,2016-04-26 09:00:00,35,0.583333,9
2022484408,2016-04-26 10:00:00,157,2.616667,10
2022484408,2016-04-26 11:00:00,72,1.2,11
2022484408,2016-04-26 12:00:00,41,0.683333,12
2022484408,2016-04-26 13:00:00,1,0.016667,13
2022484408,2016-04-26 14:00:00,28,0.466667,14
2022484408,2016-04-26 15:00:00,32,0.533333,15
2022484408,2016-04-26 16:00:00,22,0.366667,16
2022484408,2016-04-26 17:00:00,21,0.35,17
2022484408,2016-04-26 18:00:00,21,0.35,18
2022484408,2016-04-26 19:00:00,17,0.283333,19
2022484408,2016-04-26 20:00:00,5,0.083333,20
2022484408,2016-04-26 21:00:00,0,0.0,21
2022484408,2016-04-26 22:00:00,0,0.0,22
2022484408,2016-04-26 23:00:00,0,0.0,23
2022484408,2016-04-27 00:00:00,0,0.0,0
2022484408,2016-04-27 01:00:00,0,0.0,1
2022484408,2016-04-27 02:00:00,0,0.0,2
2022484408,2016-04-27 03:00:00,0,0.0,3
2022484408,2016-04-27 04:00:00,0,0.0,4
2022484408,2016-04-27 05:00:00,0,0.0,5
2022484408,2016-04-27 06:00:00,0,0.0,6
2022484408,2016-04-27 07:00:00,0,0.0,7
2022484408,2016-04-27 08:00:00,0,0.0,8
2022484408,2016-04-27 09:00:00,64,1.066667,9
2022484408,2016-04-27 10:00:00,46,0.766667,10
2022484408,2016-04-27 11:00:00,13,0.216667,11
2022484408,2016-04-27 12:00:00,30,0.5,12
2022484408,2016-04-27 13:00:00,40,0.666667,13
2022484408,2016-04-27 14:00:00,38,0.633333,14
2022484408,2016-04-27 15:00:00,11,0.183333,15
2022484408,2016-04-27 16:00:00,23,0.383333,16
2022484408,2016-04-27 17:00:00,18,0.3,17
2022484408,2016-04-27 18:00:00,83,1.383333,18
2022484408,2016-04-27 19:00:00,13,0.216667,19
2022484408,2016-04-27 20:00:00,0,0.0,20
2022484408,2016-04-27 21:00:00,0,0.0,21
2022484408,2016-04-27 22:00:00,0,0.0,22
2022484408,2016-04-27 23:00:00,0,0.0,23
2022484408,2016-04-28 00:00:00,0,0.0,0
2022484408,2016-04-28 01:00:00,0,0.0,1
2022484408,2016-04-28 02:00:00,0,0.0,2
2022484408,2016-04-28 03:00:00,0,0.0,3
2022484408,2016-04-28 04:00:00,0,0.0,4
2022484408,2016-04-28 05:00:00,0,0.0,5
2022484408,2016-04-28 06:00:00,0,0.0,6
2022484408,2016-04-28 07:00:00,12,0.2,7
2022484408,2016-04-28 08:00:00,46,0.766667,8
2022484408,2016-04-28 09:00:00,30,0.5,9
2022484408,2016-04-28 10:00:00,37,0.616667,10
2022484408,2016-04-28 11:00:00,31,0.516667,11
2022484408,2016-04-28 12:00:00,71,1.183333,12
2022484408,2016-04-28 13:00:00,5,0.083333,13
2022484408,2016-04-28 14:00:00,31,0.516667,14
2022484408,2016-04-28 15:00:00,4,0.066667,15
2022484408,2016-04-28 16:00:00,24,0.4,16
2022484408,2016-04-28 17:00:00,24,0.4,17
2022484408,2016-04-28 18:00:00,13,0.216667,18
2022484408,2016-04-28 19:00:00,6,0.1,19
2022484408,2016-04-28 20:00:00,15,0.25,20
2022484408,2016-04-28 21:00:00,0,0.0,21
2022484408,2016-04-28 22:00:00,0,0.0,22
2022484408,2016-04-28 23:00:00,0,0.0,23
2022484408,2016-04-29 00:00:00,0,0.0,0
2022484408,2016-04-29 01:00:00,0,0.0,1
2022484408,2016-04-29 02:00:00,0,0.0,2
2022484408,2016-04-29 03:00:00,0,0.0,3
2022484408,2016-04-29 04:00:00,0,0.0,4
2022484408,2016-04-29 05:00:00,0,0.0,5
2022484408,2016-04-29 06:00:00,0,0.0,6
2022484408,2016-04-29 07:00:00,0,0.0,7
2022484408,2016-04-29 08:00:00,20,0.333333,8
2022484408,2016-04-29 09:00:00,112,1.866667,9
2022484408,2016-04-29 10:00:00,40,0.666667,10
2022484408,2016-04-29 11:00:00,35,0.583333,11
2022484408,2016-04-29 12:00:00,26,0.433333,12
2022484408,2016-04-29 13:00:00,45,0.75,13
2022484408,2016-04-29 14:00:00,47,0.783333,14
2022484408,2016-04-29 15:00:00,17,0.283333,15
2022484408,2016-04-29 16:00:00,30,0.5,16
2022484408,2016-04-29 17:00:00,21,0.35,17
2022484408,2016-04-29 18:00:00,14,0.233333,18
2022484408,2016-04-29 19:00:00,17,0.283333,19
2022484408,2016-04-29 20:00:00,0,0.0,20
2022484408,2016-04-29 21:00:00,0,0.0,21
2022484408,2016-04-29 22:00:00,0,0.0,22
2022484408,2016-04-29 23:00:00,0,0.0,23
2022484408,2016-04-30 00:00:00,0,0.0,0
2022484408,2016-04-30 01:00:00,0,0.0,1
2022484408,2016-04-30 02:00:00,0,0.0,2
2022484408,2016-04-30 03:00:00,0,0.0,3
2022484408,2016-04-30 04:00:00,0,0.0,4
2022484408,2016-04-30 05:00:00,0,0.0,5
2022484408,2016-04-30 06:00:00,12,0.2,6
2022484408,2016-04-30 07:00:00,16,0.266667,7
2022484408,2016-04-30 08:00:00,4,0.066667,8
2022484408,2016-04-30 09:00:00,12,0.2,9
2022484408,2016-04-30 10:00:00,44,0.733333,10
2022484408,2016-04-30 11:00:00,26,0.433333,11
2022484408,2016-04-30 12:00:00,30,0.5,12
2022484408,2016-04-30 13:00:00,49,0.816667,13
2022484408,2016-04-30 14:00:00,42,0.7,14
2022484408,2016-04-30 15:00:00,53,0.883333,15
2022484408,2016-04-30 16:00:00,88,1.466667,16
2022484408,2016-04-30 17:00:00,32,0.533333,17
2022484408,2016-04-30 18:00:00,17,0.283333,18
2022484408,2016-04-30 19:00:00,18,0.3,19
2022484408,2016-04-30 20:00:00,3,0.05,20
2022484408,2016-04-30 21:00:00,0,0.0,21
2022484408,2016-04-30 22:00:00,0,0.0,22
2022484408,2016-04-30 23:00:00,0,0.0,23
2022484408,2016-05-01 00:00:00,0,0.0,0
2022484408,2016-05-01 01:00:00,0,0.0,1
2022484408,2016-05-01 02:00:00,0,0.0,2
2022484408,2016-05-01 03:00:00,0,0.0,3
2022484408,2016-05-01 04:00:00,0,0.0,4
2022484408,2016-05-01 05:00:00,0,0.0,5
2022484408,2016-05-01 06:00:00,21,0.35,6
2022484408,2016-05-01 07:00:00,14,0.233333,7
2022484408,2016-05-01 08:00:00,2,0.033333,8
2022484408,2016-05-01 09:00:00,9,0.15,9
2022484408,2016-05-01 10:00:00,111,1.85,10
2022484408,2016-05-01 11:00:00,20,0.333333,11
2022484408,2016-05-01 12:00:00,9,0.15,12
2022484408,2016-05-01 13:00:00,3,0.05,13
2022484408,2016-05-01 14:00:00,14,0.233333,14
2022484408,2016-05-01 15:00:00,26,0.433333,15
2022484408,2016-05-01 16:00:00,26,0.433333,16
2022484408,2016-05-01 17:00:00,38,0.633333,17
2022484408,2016-05-01 18:00:00,36,0.6,18
2022484408,2016-05-01 19:00:00,47,0.783333,19
2022484408,2016-05-01 20:00:00,0,0.0,20
2022484408,2016-05-01 21:00:00,0,0.0,21
2022484408,2016-05-01 22:00:00,0,0.0,22
2022484408,2016-05-01 23:00:00,0,0.0,23
2022484408,2016-05-02 00:00:00,0,0.0,0
2022484408,2016-05-02 01:00:00,0,0.0,1
2022484408,2016-05-02 02:00:00,0,0.0,2
2022484408,2016-05-02 03:00:00,0,0.0,3
2022484408,2016-05-02 04:00:00,0,0.0,4
2022484408,2016-05-02 05:00:00,0,0.0,5
2022484408,2016-05-02 06:00:00,0,0.0,6
2022484408,2016-05-02 07:00:00,19,0.316667,7
2022484408,2016-05-02 08:00:00,18,0.3,8
2022484408,2016-05-02 09:00:00,41,0.683333,9
2022484408,2016-05-02 10:00:00,35,0.583333,10
2022484408,2016-05-02 11:00:00,6,0.1,11
2022484408,2016-05-02 12:00:00,33,0.55,12
2022484408,2016-05-02 13:00:00,27,0.45,13
2022484408,2016-05-02 14:00:00,126,2.1,14
2022484408,2016-05-02 15:00:00,15,0.25,15
2022484408,2016-05-02 16:00:00,31,0.516667,16
2022484408,2016-05-02 17:00:00,18,0.3,17
2022484408,2016-05-02 18:00:00,21,0.35,18
2022484408,2016-05-02 19:00:00,11,0.183333,19
2022484408,2016-05-02 20:00:00,0,0.0,20
2022484408,2016-05-02 21:00:00,0,0.0,21
2022484408,2016-05-02 22:00:00,0,0.0,22
2022484408,2016-05-02 23:00:00,0,0.0,23
2022484408,2016-05-03 00:00:00,0,0.0,0
2022484408,2016-05-03 01:00:00,0,0.0,1
2022484408,2016-05-03 02:00:00,0,0.0,2
2022484408,2016-05-03 03:00:00,0,0.0,3
2022484408,2016-05-03 04:00:00,0,0.0,4
2022484408,2016-05-03 05:00:00,0,0.0,5
2022484408,2016-05-03 06:00:00,0,0.0,6
2022484408,2016-05-03 07:00:00,8,0.133333,7
2022484408,2016-05-03 08:00:00,24,0.4,8
2022484408,2016-05-03 09:00:00,17,0.283333,9
2022484408,2016-05-03 10:00:00,134,2.233333,10
2022484408,2016-05-03 11:00:00,31,0.516667,11
2022484408,2016-05-03 12:00:00,13,0.216667,12
2022484408,2016-05-03 13:00:00,15,0.25,13
2022484408,2016-05-03 14:00:00,69,1.15,14
2022484408,2016-05-03 15:00:00,22,0.366667,15
2022484408,2016-05-03 16:00:00,92,1.533333,16
2022484408,2016-05-03 17:00:00,28,0.466667,17
2022484408,2016-05-03 18:00:00,9,0.15,18
2022484408,2016-05-03 19:00:00,9,0.15,19
2022484408,2016-05-03 20:00:00,18,0.3,20
2022484408,2016-05-03 21:00:00,5,0.083333,21
2022484408,2016-05-03 22:00:00,0,0.0,22
2022484408,2016-05-03 23:00:00,0,0.0,23
2022484408,2016-05-04 00:00:00,0,0.0,0
2022484408,2016-05-04 01:00:00,0,0.0,1
2022484408,2016-05-04 02:00:00,0,0.0,2
2022484408,2016-05-04 03:00:00,0,0.0,3
2022484408,2016-05-04 04:00:00,0,0.0,4
2022484408,2016-05-04 05:00:00,0,0.0,5
2022484408,2016-05-04 06:00:00,6,0.1,6
2022484408,2016-05-04 07:00:00,29,0.483333,7
2022484408,2016-05-04 08:00:00,15,0.25,8
2022484408,2016-05-04 09:00:00,63,1.05,9
2022484408,2016-05-04 10:00:00,60,1.0,10
2022484408,2016-05-04 11:00:00,23,0.383333,11
2022484408,2016-05-04 12:00:00,16,0.266667,12
2022484408,2016-05-04 13:00:00,16,0.266667,13
2022484408,2016-05-04 14:00:00,118,1.966667,14
2022484408,2016-05-04 15:00:00,7,0.116667,15
2022484408,2016-05-04 16:00:00,26,0.433333,16
2022484408,2016-05-04 17:00:00,10,0.166667,17
2022484408,2016-05-04 18:00:00,19,0.316667,18
2022484408,2016-05-04 19:00:00,18,0.3,19
2022484408,2016-05-04 20:00:00,8,0.133333,20
2022484408,2016-05-04 21:00:00,0,0.0,21
2022484408,2016-05-04 22:00:00,0,0.0,22
2022484408,2016-05-04 23:00:00,0,0.0,23
2022484408,2016-05-05 00:00:00,0,0.0,0
2022484408,2016-05-05 01:00:00,0,0.0,1
2022484408,2016-05-05 02:00:00,0,0.0,2
2022484408,2016-05-05 03:00:00,0,0.0,3
2022484408,2016-05-05 04:00:00,0,0.0,4
2022484408,2016-05-05 05:00:00,0,0.0,5
2022484408,2016-05-05 06:00:00,0,0.0,6
2022484408,2016-05-05 07:00:00,0,0.0,7
2022484408,2016-05-05 08:00:00,15,0.25,8
2022484408,2016-05-05 09:00:00,68,1.133333,9
2022484408,2016-05-05 10:00:00,100,1.666667,10
2022484408,2016-05-05 11:00:00,28,0.466667,11
2022484408,2016-05-05 12:00:00,12,0.2,12
2022484408,2016-05-05 13:00:00,7,0.116667,13
2022484408,2016-05-05 14:00:00,54,0.9,14
2022484408,2016-05-05 15:00:00,72,1.2,15
2022484408,2016-05-05 16:00:00,31,0.516667,16
2022484408,2016-05-05 17:00:00,19,0.316667,17
2022484408,2016-05-05 18:00:00,19,0.316667,18
2022484408,2016-05-05 19:00:00,13,0.216667,19
2022484408,2016-05-05 20:00:00,20,0.333333,20
2022484408,2016-05-05 21:00:00,0,0.0,21
2022484408,2016-05-05 22:00:00,0,0.0,22
2022484408,2016-05-05 23:00:00,0,0.0,23
2022484408,2016-05-06 00:00:00,0,0.0,0
2022484408,2016-05-06 01:00:00,0,0.0,1
2022484408,2016-05-06 02:00:00,0,0.0,2
2022484408,2016-05-06 03:00:00,0,0.0,3
2022484408,2016-05-06 04:00:00,0,0.0,4
2022484408,2016-05-06 05:00:00,0,0.0,5
2022484408,2016-05-06 06:00:00,0,0.0,6
2022484408,2016-05-06 07:00:00,0,0.0,7
2022484408,2016-05-06 08:00:00,0,0.0,8
2022484408,2016-05-06 09:00:00,35,0.583333,9
2022484408,2016-05-06 10:00:00,42,0.7,10
2022484408,2016-05-06 11:00:00,39,0.65,11
2022484408,2016-05-06 12:00:00,11,0.183333,12
2022484408,2016-05-06 13:00:00,20,0.333333,13
2022484408,2016-05-06 14:00:00,106,1.766667,14
2022484408,2016-05-06 15:00:00,21,0.35,15
2022484408,2016-05-06 16:00:00,20,0.333333,16
2022484408,2016-05-06 17:00:00,17,0.283333,17
2022484408,2016-05-06 18:00:00,23,0.383333,18
2022484408,2016-05-06 19:00:00,23,0.383333,19
2022484408,2016-05-06 20:00:00,9,0.15,20
2022484408,2016-05-06 21:00:00,35,0.583333,21
2022484408,2016-05-06 22:00:00,0,0.0,22
2022484408,2016-05-06 23:00:00,0,0.0,23
2022484408,2016-05-07 00:00:00,0,0.0,0
2022484408,2016-05-07 01:00:00,0,0.0,1
2022484408,2016-05-07 02:00:00,0,0.0,2
2022484408,2016-05-07 03:00:00,0,0.0,3
2022484408,2016-05-07 04:00:00,0,0.0,4
2022484408,2016-05-07 05:00:00,0,0.0,5
2022484408,2016-05-07 06:00:00,0,0.0,6
2022484408,2016-05-07 07:00:00,0,0.0,7
2022484408,2016-05-07 08:00:00,1,0.016667,8
2022484408,2016-05-07 09:00:00,35,0.583333,9
2022484408,2016-05-07 10:00:00,71,1.183333,10
2022484408,2016-05-07 11:00:00,27,0.45,11
2022484408,2016-05-07 12:00:00,22,0.366667,12
2022484408,2016-05-07 13:00:00,20,0.333333,13
2022484408,2016-05-07 14:00:00,0,0.0,14
2022484408,2016-05-07 15:00:00,0,0.0,15
2022484408,2016-05-07 16:00:00,0,0.0,16
2022484408,2016-05-07 17:00:00,0,0.0,17
2022484408,2016-05-07 18:00:00,0,0.0,18
2022484408,2016-05-07 19:00:00,21,0.35,19
2022484408,2016-05-07 20:00:00,16,0.266667,20
2022484408,2016-05-07 21:00:00,0,0.0,21
2022484408,2016-05-07 22:00:00,0,0.0,22
2022484408,2016-05-07 23:00:00,0,0.0,23
2022484408,2016-05-08 00:00:00,0,0.0,0
2022484408,2016-05-08 01:00:00,0,0.0,1
2022484408,2016-05-08 02:00:00,0,0.0,2
2022484408,2016-05-08 03:00:00,0,0.0,3
2022484408,2016-05-08 04:00:00,0,0.0,4
2022484408,2016-05-08 05:00:00,0,0.0,5
2022484408,2016-05-08 06:00:00,0,0.0,6
2022484408,2016-05-08 07:00:00,0,0.0,7
2022484408,2016-05-08 08:00:00,8,0.133333,8
2022484408,2016-05-08 09:00:00,9,0.15,9
2022484408,2016-05-08 10:00:00,29,0.483333,10
2022484408,2016-05-08 11:00:00,33,0.55,11
2022484408,2016-05-08 12:00:00,28,0.466667,12
2022484408,2016-05-08 13:00:00,18,0.3,13
2022484408,2016-05-08 14:00:00,10,0.166667,14
2022484408,2016-05-08 15:00:00,0,0.0,15
2022484408,2016-05-08 16:00:00,0,0.0,16
2022484408,2016-05-08 17:00:00,0,0.0,17
2022484408,2016-05-08 18:00:00,0,0.0,18
2022484408,2016-05-08 19:00:00,0,0.0,19
2022484408,2016-05-08 20:00:00,0,0.0,20
2022484408,2016-05-08 21:00:00,0,0.0,21
2022484408,2016-05-08 22:00:00,0,0.0,22
2022484408,2016-05-08 23:00:00,0,0.0,23
2022484408,2016-05-09 00:00:00,0,0.0,0
2022484408,2016-05-09 01:00:00,0,0.0,1
2022484408,2016-05-09 02:00:00,0,0.0,2
2022484408,2016-05-09 03:00:00,0,0.0,3
2022484408,2016-05-09 04:00:00,0,0.0,4
2022484408,2016-05-09 05:00:00,0,0.0,5
2022484408,2016-05-09 06:00:00,15,0.25,6
2022484408,2016-05-09 07:00:00,34,0.566667,7
2022484408,2016-05-09 08:00:00,23,0.383333,8
2022484408,2016-05-09 09:00:00,43,0.716667,9
2022484408,2016-05-09 10:00:00,97,1.616667,10
2022484408,2016-05-09 11:00:00,8,0.133333,11
2022484408,2016-05-09 12:00:00,20,0.333333,12
2022484408,2016-05-09 13:00:00,6,0.1,13
2022484408,2016-05-09 14:00:00,112,1.866667,14
2022484408,2016-05-09 15:00:00,52,0.866667,15
2022484408,2016-05-09 16:00:00,23,0.383333,16
2022484408,2016-05-09 17:00:00,17,0.283333,17
2022484408,2016-05-09 18:00:00,25,0.416667,18
2022484408,2016-05-09 19:00:00,15,0.25,19
2022484408,2016-05-09 20:00:00,6,0.1,20
2022484408,2016-05-09 21:00:00,0,0.0,21
2022484408,2016-05-09 22:00:00,0,0.0,22
2022484408,2016-05-09 23:00:00,0,0.0,23
2022484408,2016-05-10 00:00:00,0,0.0,0
2022484408,2016-05-10 01:00:00,0,0.0,1
2022484408,2016-05-10 02:00:00,0,0.0,2
2022484408,2016-05-10 03:00:00,0,0.0,3
2022484408,2016-05-10 04:00:00,0,0.0,4
2022484408,2016-05-10 05:00:00,0,0.0,5
2022484408,2016-05-10 06:00:00,0,0.0,6
2022484408,2016-05-10 07:00:00,0,0.0,7
2022484408,2016-05-10 08:00:00,7,0.116667,8
2022484408,2016-05-10 09:00:00,18,0.3,9
2022484408,2016-05-10 10:00:00,108,1.8,10
2022484408,2016-05-10 11:00:00,72,1.2,11
2022484408,2016-05-10 12:00:00,23,0.383333,12
2022484408,2016-05-10 13:00:00,43,0.716667,13
2022484408,2016-05-10 14:00:00,100,1.666667,14
2022484408,2016-05-10 15:00:00,29,0.483333,15
2022484408,2016-05-10 16:00:00,12,0.2,16
2022484408,2016-05-10 17:00:00,39,0.65,17
2022484408,2016-05-10 18:00:00,22,0.366667,18
2022484408,2016-05-10 19:00:00,25,0.416667,19
2022484408,2016-05-10 20:00:00,0,0.0,20
2022484408,2016-05-10 21:00:00,0,0.0,21
2022484408,2016-05-10 22:00:00,0,0.0,22
2022484408,2016-05-10 23:00:00,0,0.0,23
2022484408,2016-05-11 00:00:00,0,0.0,0
2022484408,2016-05-11 01:00:00,0,0.0,1
2022484408,2016-05-11 02:00:00,0,0.0,2
2022484408,2016-05-11 03:00:00,0,0.0,3
2022484408,2016-05-11 04:00:00,0,0.0,4
2022484408,2016-05-11 05:00:00,0,0.0,5
2022484408,2016-05-11 06:00:00,0,0.0,6
2022484408,2016-05-11 07:00:00,0,0.0,7
2022484408,2016-05-11 08:00:00,0,0.0,8
2022484408,2016-05-11 09:00:00,2,0.033333,9
2022484408,2016-05-11 10:00:00,18,0.3,10
2022484408,2016-05-11 11:00:00,142,2.366667,11
2022484408,2016-05-11 12:00:00,22,0.366667,12
2022484408,2016-05-11 13:00:00,10,0.166667,13
2022484408,2016-05-11 14:00:00,104,1.733333,14
2022484408,2016-05-11 15:00:00,31,0.516667,15
2022484408,2016-05-11 16:00:00,35,0.583333,16
2022484408,2016-05-11 17:00:00,45,0.75,17
2022484408,2016-05-11 18:00:00,20,0.333333,18
2022484408,2016-05-11 19:00:00,19,0.316667,19
2022484408,2016-05-11 20:00:00,0,0.0,20
2022484408,2016-05-11 21:00:00,0,0.0,21
2022484408,2016-05-11 22:00:00,0,0.0,22
2022484408,2016-05-11 23:00:00,0,0.0,23
2022484408,2016-05-12 00:00:00,0,0.0,0
2022484408,2016-05-12 01:00:00,0,0.0,1
2022484408,2016-05-12 02:00:00,0,0.0,2
2022484408,2016-05-12 03:00:00,0,0.0,3
2022484408,2016-05-12 04:00:00,0,0.0,4
2022484408,2016-05-12 05:00:00,0,0.0,5
2022484408,2016-05-12 06:00:00,0,0.0,6
2022484408,2016-05-12 07:00:00,22,0.366667,7
2022484408,2016-05-12 08:00:00,14,0.233333,8
2022484408,2016-05-12 09:00:00,34,0.566667,9
2022484408,2016-05-12 10:00:00,83,1.383333,10
2022484408,2016-05-12 11:00:00,21,0.35,11
2022484408,2016-05-12 12:00:00,21,0.35,12
2022484408,2016-05-12 13:00:00,38,0.633333,13
2022484408,2016-05-12 14:00:00,35,0.583333,14
2022484408,2016-05-12 15:00:00,27,0.45,15
2026352035,2016-04-12 00:00:00,1,0.016667,0
2026352035,2016-04-12 01:00:00,0,0.0,1
2026352035,2016-04-12 02:00:00,0,0.0,2
2026352035,2016-04-12 03:00:00,0,0.0,3
2026352035,2016-04-12 04:00:00,0,0.0,4
2026352035,2016-04-12 05:00:00,0,0.0,5
2026352035,2016-04-12 06:00:00,21,0.35,6
2026352035,2016-04-12 07:00:00,14,0.233333,7
2026352035,2016-04-12 08:00:00,7,0.116667,8
2026352035,2016-04-12 09:00:00,14,0.233333,9
2026352035,2016-04-12 10:00:00,8,0.133333,10
2026352035,2016-04-12 11:00:00,35,0.583333,11
2026352035,2016-04-12 12:00:00,31,0.516667,12
2026352035,2016-04-12 13:00:00,4,0.066667,13
2026352035,2016-04-12 14:00:00,3,0.05,14
2026352035,2016-04-12 15:00:00,12,0.2,15
2026352035,2016-04-12 16:00:00,3,0.05,16
2026352035,2016-04-12 17:00:00,14,0.233333,17
2026352035,2016-04-12 18:00:00,17,0.283333,18
2026352035,2016-04-12 19:00:00,7,0.116667,19
2026352035,2016-04-12 20:00:00,14,0.233333,20
2026352035,2016-04-12 21:00:00,0,0.0,21
2026352035,2016-04-12 22:00:00,0,0.0,22
2026352035,2016-04-12 23:00:00,1,0.016667,23
2026352035,2016-04-13 00:00:00,0,0.0,0
2026352035,2016-04-13 01:00:00,1,0.016667,1
2026352035,2016-04-13 02:00:00,0,0.0,2
2026352035,2016-04-13 03:00:00,1,0.016667,3
2026352035,2016-04-13 04:00:00,0,0.0,4
2026352035,2016-04-13 05:00:00,1,0.016667,5
2026352035,2016-04-13 06:00:00,16,0.266667,6
2026352035,2016-04-13 07:00:00,18,0.3,7
2026352035,2016-04-13 08:00:00,12,0.2,8
2026352035,2016-04-13 09:00:00,15,0.25,9
2026352035,2016-04-13 10:00:00,3,0.05,10
2026352035,2016-04-13 11:00:00,12,0.2,11
2026352035,2016-04-13 12:00:00,12,0.2,12
2026352035,2016-04-13 13:00:00,7,0.116667,13
2026352035,2016-04-13 14:00:00,10,0.166667,14
2026352035,2016-04-13 15:00:00,26,0.433333,15
2026352035,2016-04-13 16:00:00,21,0.35,16
2026352035,2016-04-13 17:00:00,15,0.25,17
2026352035,2016-04-13 18:00:00,7,0.116667,18
2026352035,2016-04-13 19:00:00,16,0.266667,19
2026352035,2016-04-13 20:00:00,31,0.516667,20
2026352035,2016-04-13 21:00:00,11,0.183333,21
2026352035,2016-04-13 22:00:00,3,0.05,22
2026352035,2016-04-13 23:00:00,0,0.0,23
2026352035,2016-04-14 00:00:00,0,0.0,0
2026352035,2016-04-14 01:00:00,0,0.0,1
2026352035,2016-04-14 02:00:00,0,0.0,2
2026352035,2016-04-14 03:00:00,0,0.0,3
2026352035,2016-04-14 04:00:00,0,0.0,4
2026352035,2016-04-14 05:00:00,0,0.0,5
2026352035,2016-04-14 06:00:00,9,0.15,6
2026352035,2016-04-14 07:00:00,32,0.533333,7
2026352035,2016-04-14 08:00:00,23,0.383333,8
2026352035,2016-04-14 09:00:00,4,0.066667,9
2026352035,2016-04-14 10:00:00,5,0.083333,10
2026352035,2016-04-14 11:00:00,7,0.116667,11
2026352035,2016-04-14 12:00:00,9,0.15,12
2026352035,2016-04-14 13:00:00,9,0.15,13
2026352035,2016-04-14 14:00:00,11,0.183333,14
2026352035,2016-04-14 15:00:00,8,0.133333,15
2026352035,2016-04-14 16:00:00,8,0.133333,16
2026352035,2016-04-14 17:00:00,20,0.333333,17
2026352035,2016-04-14 18:00:00,20,0.333333,18
2026352035,2016-04-14 19:00:00,14,0.233333,19
2026352035,2016-04-14 20:00:00,14,0.233333,20
2026352035,2016-04-14 21:00:00,1,0.016667,21
2026352035,2016-04-14 22:00:00,3,0.05,22
2026352035,2016-04-14 23:00:00,0,0.0,23
2026352035,2016-04-15 00:00:00,1,0.016667,0
2026352035,2016-04-15 01:00:00,0,0.0,1
2026352035,2016-04-15 02:00:00,0,0.0,2
2026352035,2016-04-15 03:00:00,3,0.05,3
2026352035,2016-04-15 04:00:00,1,0.016667,4
2026352035,2016-04-15 05:00:00,0,0.0,5
2026352035,2016-04-15 06:00:00,21,0.35,6
2026352035,2016-04-15 07:00:00,11,0.183333,7
2026352035,2016-04-15 08:00:00,11,0.183333,8
2026352035,2016-04-15 09:00:00,7,0.116667,9
2026352035,2016-04-15 10:00:00,11,0.183333,10
2026352035,2016-04-15 11:00:00,4,0.066667,11
2026352035,2016-04-15 12:00:00,8,0.133333,12
2026352035,2016-04-15 13:00:00,5,0.083333,13
2026352035,2016-04-15 14:00:00,11,0.183333,14
2026352035,2016-04-15 15:00:00,18,0.3,15
2026352035,2016-04-15 16:00:00,9,0.15,16
2026352035,2016-04-15 17:00:00,17,0.283333,17
2026352035,2016-04-15 18:00:00,19,0.316667,18
2026352035,2016-04-15 19:00:00,11,0.183333,19
2026352035,2016-04-15 20:00:00,15,0.25,20
2026352035,2016-04-15 21:00:00,2,0.033333,21
2026352035,2016-04-15 22:00:00,2,0.033333,22
2026352035,2016-04-15 23:00:00,1,0.016667,23
2026352035,2016-04-16 00:00:00,0,0.0,0
2026352035,2016-04-16 01:00:00,2,0.033333,1
2026352035,2016-04-16 02:00:00,1,0.016667,2
2026352035,2016-04-16 03:00:00,0,0.0,3
2026352035,2016-04-16 04:00:00,1,0.016667,4
2026352035,2016-04-16 05:00:00,0,0.0,5
2026352035,2016-04-16 06:00:00,16,0.266667,6
2026352035,2016-04-16 07:00:00,8,0.133333,7
2026352035,2016-04-16 08:00:00,14,0.233333,8
2026352035,2016-04-16 09:00:00,10,0.166667,9
2026352035,2016-04-16 10:00:00,6,0.1,10
2026352035,2016-04-16 11:00:00,4,0.066667,11
2026352035,2016-04-16 12:00:00,4,0.066667,12
2026352035,2016-04-16 13:00:00,5,0.083333,13
2026352035,2016-04-16 14:00:00,14,0.233333,14
2026352035,2016-04-16 15:00:00,2,0.033333,15
2026352035,2016-04-16 16:00:00,5,0.083333,16
2026352035,2016-04-16 17:00:00,18,0.3,17
2026352035,2016-04-16 18:00:00,10,0.166667,18
2026352035,2016-04-16 19:00:00,8,0.133333,19
2026352035,2016-04-16 20:00:00,10,0.166667,20
2026352035,2016-04-16 21:00:00,5,0.083333,21
2026352035,2016-04-16 22:00:00,5,0.083333,22
2026352035,2016-04-16 23:00:00,2,0.033333,23
2026352035,2016-04-17 00:00:00,0,0.0,0
2026352035,2016-04-17 01:00:00,0,0.0,1
2026352035,2016-04-17 02:00:00,0,0.0,2
2026352035,2016-04-17 03:00:00,0,0.0,3
2026352035,2016-04-17 04:00:00,0,0.0,4
2026352035,2016-04-17 05:00:00,2,0.033333,5
2026352035,2016-04-17 06:00:00,15,0.25,6
2026352035,2016-04-17 07:00:00,12,0.2,7
2026352035,2016-04-17 08:00:00,9,0.15,8
2026352035,2016-04-17 09:00:00,9,0.15,9
2026352035,2016-04-17 10:00:00,3,0.05,10
2026352035,2016-04-17 11:00:00,9,0.15,11
2026352035,2016-04-17 12:00:00,1,0.016667,12
2026352035,2016-04-17 13:00:00,0,0.0,13
2026352035,2016-04-17 14:00:00,0,0.0,14
2026352035,2016-04-17 15:00:00,0,0.0,15
2026352035,2016-04-17 16:00:00,0,0.0,16
2026352035,2016-04-17 17:00:00,0,0.0,17
2026352035,2016-04-17 18:00:00,0,0.0,18
2026352035,2016-04-17 19:00:00,0,0.0,19
2026352035,2016-04-17 20:00:00,0,0.0,20
2026352035,2016-04-17 21:00:00,0,0.0,21
2026352035,2016-04-17 22:00:00,0,0.0,22
2026352035,2016-04-17 23:00:00,0,0.0,23
2026352035,2016-04-18 00:00:00,0,0.0,0
2026352035,2016-04-18 01:00:00,0,0.0,1
2026352035,2016-04-18 02:00:00,0,0.0,2
2026352035,2016-04-18 03:00:00,0,0.0,3
2026352035,2016-04-18 04:00:00,0,0.0,4
2026352035,2016-04-18 05:00:00,0,0.0,5
2026352035,2016-04-18 06:00:00,15,0.25,6
2026352035,2016-04-18 07:00:00,8,0.133333,7
2026352035,2016-04-18 08:00:00,3,0.05,8
2026352035,2016-04-18 09:00:00,5,0.083333,9
2026352035,2016-04-18 10:00:00,19,0.316667,10
2026352035,2016-04-18 11:00:00,8,0.133333,11
2026352035,2016-04-18 12:00:00,2,0.033333,12
2026352035,2016-04-18 13:00:00,14,0.233333,13
2026352035,2016-04-18 14:00:00,12,0.2,14
2026352035,2016-04-18 15:00:00,11,0.183333,15
2026352035,2016-04-18 16:00:00,11,0.183333,16
2026352035,2016-04-18 17:00:00,17,0.283333,17
2026352035,2016-04-18 18:00:00,19,0.316667,18
2026352035,2016-04-18 19:00:00,17,0.283333,19
2026352035,2016-04-18 20:00:00,14,0.233333,20
2026352035,2016-04-18 21:00:00,2,0.033333,21
2026352035,2016-04-18 22:00:00,3,0.05,22
2026352035,2016-04-18 23:00:00,2,0.033333,23
2026352035,2016-04-19 00:00:00,0,0.0,0
2026352035,2016-04-19 01:00:00,0,0.0,1
2026352035,2016-04-19 02:00:00,0,0.0,2
2026352035,2016-04-19 03:00:00,0,0.0,3
2026352035,2016-04-19 04:00:00,0,0.0,4
2026352035,2016-04-19 05:00:00,0,0.0,5
2026352035,2016-04-19 06:00:00,13,0.216667,6
2026352035,2016-04-19 07:00:00,11,0.183333,7
2026352035,2016-04-19 08:00:00,9,0.15,8
2026352035,2016-04-19 09:00:00,7,0.116667,9
2026352035,2016-04-19 10:00:00,7,0.116667,10
2026352035,2016-04-19 11:00:00,7,0.116667,11
2026352035,2016-04-19 12:00:00,9,0.15,12
2026352035,2016-04-19 13:00:00,2,0.033333,13
2026352035,2016-04-19 14:00:00,12,0.2,14
2026352035,2016-04-19 15:00:00,1,0.016667,15
2026352035,2016-04-19 16:00:00,7,0.116667,16
2026352035,2016-04-19 17:00:00,5,0.083333,17
2026352035,2016-04-19 18:00:00,24,0.4,18
2026352035,2016-04-19 19:00:00,6,0.1,19
2026352035,2016-04-19 20:00:00,8,0.133333,20
2026352035,2016-04-19 21:00:00,10,0.166667,21
2026352035,2016-04-19 22:00:00,1,0.016667,22
2026352035,2016-04-19 23:00:00,2,0.033333,23
2026352035,2016-04-20 00:00:00,4,0.066667,0
2026352035,2016-04-20 01:00:00,0,0.0,1
2026352035,2016-04-20 02:00:00,1,0.016667,2
2026352035,2016-04-20 03:00:00,0,0.0,3
2026352035,2016-04-20 04:00:00,0,0.0,4
2026352035,2016-04-20 05:00:00,9,0.15,5
2026352035,2016-04-20 06:00:00,13,0.216667,6
2026352035,2016-04-20 07:00:00,9,0.15,7
2026352035,2016-04-20 08:00:00,14,0.233333,8
2026352035,2016-04-20 09:00:00,12,0.2,9
2026352035,2016-04-20 10:00:00,13,0.216667,10
2026352035,2016-04-20 11:00:00,30,0.5,11
2026352035,2016-04-20 12:00:00,15,0.25,12
2026352035,2016-04-20 13:00:00,35,0.583333,13
2026352035,2016-04-20 14:00:00,37,0.616667,14
2026352035,2016-04-20 15:00:00,24,0.4,15
2026352035,2016-04-20 16:00:00,22,0.366667,16
2026352035,2016-04-20 17:00:00,15,0.25,17
2026352035,2016-04-20 18:00:00,34,0.566667,18
2026352035,2016-04-20 19:00:00,16,0.266667,19
2026352035,2016-04-20 20:00:00,11,0.183333,20
2026352035,2016-04-20 21:00:00,10,0.166667,21
2026352035,2016-04-20 22:00:00,1,0.016667,22
2026352035,2016-04-20 23:00:00,2,0.033333,23
2026352035,2016-04-21 00:00:00,0,0.0,0
2026352035,2016-04-21 01:00:00,1,0.016667,1
2026352035,2016-04-21 02:00:00,0,0.0,2
2026352035,2016-04-21 03:00:00,0,0.0,3
2026352035,2016-04-21 04:00:00,0,0.0,4
2026352035,2016-04-21 05:00:00,0,0.0,5
2026352035,2016-04-21 06:00:00,17,0.283333,6
2026352035,2016-04-21 07:00:00,12,0.2,7
2026352035,2016-04-21 08:00:00,2,0.033333,8
2026352035,2016-04-21 09:00:00,7,0.116667,9
2026352035,2016-04-21 10:00:00,1,0.016667,10
2026352035,2016-04-21 11:00:00,7,0.116667,11
2026352035,2016-04-21 12:00:00,8,0.133333,12
2026352035,2016-04-21 13:00:00,5,0.083333,13
2026352035,2016-04-21 14:00:00,10,0.166667,14
2026352035,2016-04-21 15:00:00,8,0.133333,15
2026352035,2016-04-21 16:00:00,5,0.083333,16
2026352035,2016-04-21 17:00:00,26,0.433333,17
2026352035,2016-04-21 18:00:00,14,0.233333,18
2026352035,2016-04-21 19:00:00,7,0.116667,19
2026352035,2016-04-21 20:00:00,19,0.316667,20
2026352035,2016-04-21 21:00:00,1,0.016667,21
2026352035,2016-04-21 22:00:00,1,0.016667,22
2026352035,2016-04-21 23:00:00,2,0.033333,23
2026352035,2016-04-22 00:00:00,0,0.0,0
2026352035,2016-04-22 01:00:00,0,0.0,1
2026352035,2016-04-22 02:00:00,0,0.0,2
2026352035,2016-04-22 03:00:00,0,0.0,3
2026352035,2016-04-22 04:00:00,0,0.0,4
2026352035,2016-04-22 05:00:00,0,0.0,5
2026352035,2016-04-22 06:00:00,17,0.283333,6
2026352035,2016-04-22 07:00:00,3,0.05,7
2026352035,2016-04-22 08:00:00,9,0.15,8
2026352035,2016-04-22 09:00:00,6,0.1,9
2026352035,2016-04-22 10:00:00,16,0.266667,10
2026352035,2016-04-22 11:00:00,20,0.333333,11
2026352035,2016-04-22 12:00:00,7,0.116667,12
2026352035,2016-04-22 13:00:00,6,0.1,13
2026352035,2016-04-22 14:00:00,2,0.033333,14
2026352035,2016-04-22 15:00:00,22,0.366667,15
2026352035,2016-04-22 16:00:00,11,0.183333,16
2026352035,2016-04-22 17:00:00,10,0.166667,17
2026352035,2016-04-22 18:00:00,10,0.166667,18
2026352035,2016-04-22 19:00:00,7,0.116667,19
2026352035,2016-04-22 20:00:00,12,0.2,20
2026352035,2016-04-22 21:00:00,0,0.0,21
2026352035,2016-04-22 22:00:00,1,0.016667,22
2026352035,2016-04-22 23:00:00,3,0.05,23
2026352035,2016-04-23 00:00:00,1,0.016667,0
2026352035,2016-04-23 01:00:00,0,0.0,1
2026352035,2016-04-23 02:00:00,0,0.0,2
2026352035,2016-04-23 03:00:00,0,0.0,3
2026352035,2016-04-23 04:00:00,0,0.0,4
2026352035,2016-04-23 05:00:00,0,0.0,5
2026352035,2016-04-23 06:00:00,25,0.416667,6
2026352035,2016-04-23 07:00:00,13,0.216667,7
2026352035,2016-04-23 08:00:00,35,0.583333,8
2026352035,2016-04-23 09:00:00,29,0.483333,9
2026352035,2016-04-23 10:00:00,43,0.716667,10
2026352035,2016-04-23 11:00:00,45,0.75,11
2026352035,2016-04-23 12:00:00,41,0.683333,12
2026352035,2016-04-23 13:00:00,34,0.566667,13
2026352035,2016-04-23 14:00:00,46,0.766667,14
2026352035,2016-04-23 15:00:00,25,0.416667,15
2026352035,2016-04-23 16:00:00,13,0.216667,16
2026352035,2016-04-23 17:00:00,30,0.5,17
2026352035,2016-04-23 18:00:00,23,0.383333,18
2026352035,2016-04-23 19:00:00,13,0.216667,19
2026352035,2016-04-23 20:00:00,14,0.233333,20
2026352035,2016-04-23 21:00:00,0,0.0,21
2026352035,2016-04-23 22:00:00,1,0.016667,22
2026352035,2016-04-23 23:00:00,1,0.016667,23
2026352035,2016-04-24 00:00:00,0,0.0,0
2026352035,2016-04-24 01:00:00,0,0.0,1
2026352035,2016-04-24 02:00:00,0,0.0,2
2026352035,2016-04-24 03:00:00,0,0.0,3
2026352035,2016-04-24 04:00:00,0,0.0,4
2026352035,2016-04-24 05:00:00,0,0.0,5
2026352035,2016-04-24 06:00:00,14,0.233333,6
2026352035,2016-04-24 07:00:00,13,0.216667,7
2026352035,2016-04-24 08:00:00,9,0.15,8
2026352035,2016-04-24 09:00:00,19,0.316667,9
2026352035,2016-04-24 10:00:00,6,0.1,10
2026352035,2016-04-24 11:00:00,11,0.183333,11
2026352035,2016-04-24 12:00:00,3,0.05,12
2026352035,2016-04-24 13:00:00,5,0.083333,13
2026352035,2016-04-24 14:00:00,9,0.15,14
2026352035,2016-04-24 15:00:00,8,0.133333,15
2026352035,2016-04-24 16:00:00,9,0.15,16
2026352035,2016-04-24 17:00:00,16,0.266667,17
2026352035,2016-04-24 18:00:00,12,0.2,18
2026352035,2016-04-24 19:00:00,8,0.133333,19
2026352035,2016-04-24 20:00:00,14,0.233333,20
2026352035,2016-04-24 21:00:00,6,0.1,21
2026352035,2016-04-24 22:00:00,1,0.016667,22
2026352035,2016-04-24 23:00:00,1,0.016667,23
2026352035,2016-04-25 00:00:00,0,0.0,0
2026352035,2016-04-25 01:00:00,0,0.0,1
2026352035,2016-04-25 02:00:00,0,0.0,2
2026352035,2016-04-25 03:00:00,0,0.0,3
2026352035,2016-04-25 04:00:00,0,0.0,4
2026352035,2016-04-25 05:00:00,0,0.0,5
2026352035,2016-04-25 06:00:00,25,0.416667,6
2026352035,2016-04-25 07:00:00,25,0.416667,7
2026352035,2016-04-25 08:00:00,28,0.466667,8
2026352035,2016-04-25 09:00:00,38,0.633333,9
2026352035,2016-04-25 10:00:00,13,0.216667,10
2026352035,2016-04-25 11:00:00,16,0.266667,11
2026352035,2016-04-25 12:00:00,17,0.283333,12
2026352035,2016-04-25 13:00:00,17,0.283333,13
2026352035,2016-04-25 14:00:00,32,0.533333,14
2026352035,2016-04-25 15:00:00,27,0.45,15
2026352035,2016-04-25 16:00:00,22,0.366667,16
2026352035,2016-04-25 17:00:00,0,0.0,17
2026352035,2016-04-25 18:00:00,0,0.0,18
2026352035,2016-04-25 19:00:00,0,0.0,19
2026352035,2016-04-25 20:00:00,0,0.0,20
2026352035,2016-04-25 21:00:00,0,0.0,21
2026352035,2016-04-25 22:00:00,0,0.0,22
2026352035,2016-04-25 23:00:00,0,0.0,23
2026352035,2016-04-26 00:00:00,0,0.0,0
2026352035,2016-04-26 01:00:00,0,0.0,1
2026352035,2016-04-26 02:00:00,0,0.0,2
2026352035,2016-04-26 03:00:00,0,0.0,3
2026352035,2016-04-26 04:00:00,0,0.0,4
2026352035,2016-04-26 05:00:00,0,0.0,5
2026352035,2016-04-26 06:00:00,2,0.033333,6
2026352035,2016-04-26 07:00:00,14,0.233333,7
2026352035,2016-04-26 08:00:00,14,0.233333,8
2026352035,2016-04-26 09:00:00,10,0.166667,9
2026352035,2016-04-26 10:00:00,13,0.216667,10
2026352035,2016-04-26 11:00:00,11,0.183333,11
2026352035,2016-04-26 12:00:00,18,0.3,12
2026352035,2016-04-26 13:00:00,32,0.533333,13
2026352035,2016-04-26 14:00:00,29,0.483333,14
2026352035,2016-04-26 15:00:00,26,0.433333,15
2026352035,2016-04-26 16:00:00,20,0.333333,16
2026352035,2016-04-26 17:00:00,17,0.283333,17
2026352035,2016-04-26 18:00:00,14,0.233333,18
2026352035,2016-04-26 19:00:00,22,0.366667,19
2026352035,2016-04-26 20:00:00,28,0.466667,20
2026352035,2016-04-26 21:00:00,15,0.25,21
2026352035,2016-04-26 22:00:00,1,0.016667,22
2026352035,2016-04-26 23:00:00,2,0.033333,23
2026352035,2016-04-27 00:00:00,1,0.016667,0
2026352035,2016-04-27 01:00:00,1,0.016667,1
2026352035,2016-04-27 02:00:00,0,0.0,2
2026352035,2016-04-27 03:00:00,1,0.016667,3
2026352035,2016-04-27 04:00:00,0,0.0,4
2026352035,2016-04-27 05:00:00,0,0.0,5
2026352035,2016-04-27 06:00:00,6,0.1,6
2026352035,2016-04-27 07:00:00,13,0.216667,7
2026352035,2016-04-27 08:00:00,3,0.05,8
2026352035,2016-04-27 09:00:00,2,0.033333,9
2026352035,2016-04-27 10:00:00,4,0.066667,10
2026352035,2016-04-27 11:00:00,6,0.1,11
2026352035,2016-04-27 12:00:00,6,0.1,12
2026352035,2016-04-27 13:00:00,34,0.566667,13
2026352035,2016-04-27 14:00:00,25,0.416667,14
2026352035,2016-04-27 15:00:00,25,0.416667,15
2026352035,2016-04-27 16:00:00,36,0.6,16
2026352035,2016-04-27 17:00:00,38,0.633333,17
2026352035,2016-04-27 18:00:00,22,0.366667,18
2026352035,2016-04-27 19:00:00,25,0.416667,19
2026352035,2016-04-27 20:00:00,20,0.333333,20
2026352035,2016-04-27 21:00:00,12,0.2,21
2026352035,2016-04-27 22:00:00,4,0.066667,22
2026352035,2016-04-27 23:00:00,2,0.033333,23
2026352035,2016-04-28 00:00:00,1,0.016667,0
2026352035,2016-04-28 01:00:00,0,0.0,1
2026352035,2016-04-28 02:00:00,0,0.0,2
2026352035,2016-04-28 03:00:00,1,0.016667,3
2026352035,2016-04-28 04:00:00,0,0.0,4
2026352035,2016-04-28 05:00:00,0,0.0,5
2026352035,2016-04-28 06:00:00,16,0.266667,6
2026352035,2016-04-28 07:00:00,12,0.2,7
2026352035,2016-04-28 08:00:00,4,0.066667,8
2026352035,2016-04-28 09:00:00,5,0.083333,9
2026352035,2016-04-28 10:00:00,15,0.25,10
2026352035,2016-04-28 11:00:00,12,0.2,11
2026352035,2016-04-28 12:00:00,10,0.166667,12
2026352035,2016-04-28 13:00:00,24,0.4,13
2026352035,2016-04-28 14:00:00,18,0.3,14
2026352035,2016-04-28 15:00:00,40,0.666667,15
2026352035,2016-04-28 16:00:00,45,0.75,16
2026352035,2016-04-28 17:00:00,36,0.6,17
2026352035,2016-04-28 18:00:00,19,0.316667,18
2026352035,2016-04-28 19:00:00,21,0.35,19
2026352035,2016-04-28 20:00:00,18,0.3,20
2026352035,2016-04-28 21:00:00,22,0.366667,21
2026352035,2016-04-28 22:00:00,10,0.166667,22
2026352035,2016-04-28 23:00:00,2,0.033333,23
2026352035,2016-04-29 00:00:00,1,0.016667,0
2026352035,2016-04-29 01:00:00,0,0.0,1
2026352035,2016-04-29 02:00:00,0,0.0,2
2026352035,2016-04-29 03:00:00,0,0.0,3
2026352035,2016-04-29 04:00:00,0,0.0,4
2026352035,2016-04-29 05:00:00,1,0.016667,5
2026352035,2016-04-29 06:00:00,1,0.016667,6
2026352035,2016-04-29 07:00:00,32,0.533333,7
2026352035,2016-04-29 08:00:00,19,0.316667,8
2026352035,2016-04-29 09:00:00,11,0.183333,9
2026352035,2016-04-29 10:00:00,20,0.333333,10
2026352035,2016-04-29 11:00:00,28,0.466667,11
2026352035,2016-04-29 12:00:00,29,0.483333,12
2026352035,2016-04-29 13:00:00,34,0.566667,13
2026352035,2016-04-29 14:00:00,29,0.483333,14
2026352035,2016-04-29 15:00:00,43,0.716667,15
2026352035,2016-04-29 16:00:00,21,0.35,16
2026352035,2016-04-29 17:00:00,17,0.283333,17
2026352035,2016-04-29 18:00:00,31,0.516667,18
2026352035,2016-04-29 19:00:00,17,0.283333,19
2026352035,2016-04-29 20:00:00,13,0.216667,20
2026352035,2016-04-29 21:00:00,3,0.05,21
2026352035,2016-04-29 22:00:00,2,0.033333,22
2026352035,2016-04-29 23:00:00,0,0.0,23
2026352035,2016-04-30 00:00:00,0,0.0,0
2026352035,2016-04-30 01:00:00,0,0.0,1
2026352035,2016-04-30 02:00:00,0,0.0,2
2026352035,2016-04-30 03:00:00,0,0.0,3
2026352035,2016-04-30 04:00:00,0,0.0,4
2026352035,2016-04-30 05:00:00,0,0.0,5
2026352035,2016-04-30 06:00:00,0,0.0,6
2026352035,2016-04-30 07:00:00,32,0.533333,7
2026352035,2016-04-30 08:00:00,17,0.283333,8
2026352035,2016-04-30 09:00:00,5,0.083333,9
2026352035,2016-04-30 10:00:00,13,0.216667,10
2026352035,2016-04-30 11:00:00,3,0.05,11
2026352035,2016-04-30 12:00:00,38,0.633333,12
2026352035,2016-04-30 13:00:00,34,0.566667,13
2026352035,2016-04-30 14:00:00,19,0.316667,14
2026352035,2016-04-30 15:00:00,6,0.1,15
2026352035,2016-04-30 16:00:00,10,0.166667,16
2026352035,2016-04-30 17:00:00,12,0.2,17
2026352035,2016-04-30 18:00:00,12,0.2,18
2026352035,2016-04-30 19:00:00,16,0.266667,19
2026352035,2016-04-30 20:00:00,12,0.2,20
2026352035,2016-04-30 21:00:00,0,0.0,21
2026352035,2016-04-30 22:00:00,4,0.066667,22
2026352035,2016-04-30 23:00:00,0,0.0,23
2026352035,2016-05-01 00:00:00,0,0.0,0
2026352035,2016-05-01 01:00:00,0,0.0,1
2026352035,2016-05-01 02:00:00,0,0.0,2
2026352035,2016-05-01 03:00:00,0,0.0,3
2026352035,2016-05-01 04:00:00,0,0.0,4
2026352035,2016-05-01 05:00:00,0,0.0,5
2026352035,2016-05-01 06:00:00,18,0.3,6
2026352035,2016-05-01 07:00:00,16,0.266667,7
2026352035,2016-05-01 08:00:00,13,0.216667,8
2026352035,2016-05-01 09:00:00,10,0.166667,9
2026352035,2016-05-01 10:00:00,30,0.5,10
2026352035,2016-05-01 11:00:00,11,0.183333,11
2026352035,2016-05-01 12:00:00,12,0.2,12
2026352035,2016-05-01 13:00:00,8,0.133333,13
2026352035,2016-05-01 14:00:00,14,0.233333,14
2026352035,2016-05-01 15:00:00,6,0.1,15
2026352035,2016-05-01 16:00:00,7,0.116667,16
2026352035,2016-05-01 17:00:00,7,0.116667,17
2026352035,2016-05-01 18:00:00,9,0.15,18
2026352035,2016-05-01 19:00:00,12,0.2,19
2026352035,2016-05-01 20:00:00,10,0.166667,20
2026352035,2016-05-01 21:00:00,5,0.083333,21
2026352035,2016-05-01 22:00:00,1,0.016667,22
2026352035,2016-05-01 23:00:00,2,0.033333,23
2026352035,2016-05-02 00:00:00,0,0.0,0
2026352035,2016-05-02 01:00:00,0,0.0,1
2026352035,2016-05-02 02:00:00,0,0.0,2
2026352035,2016-05-02 03:00:00,0,0.0,3
2026352035,2016-05-02 04:00:00,1,0.016667,4
2026352035,2016-05-02 05:00:00,0,0.0,5
2026352035,2016-05-02 06:00:00,18,0.3,6
2026352035,2016-05-02 07:00:00,8,0.133333,7
2026352035,2016-05-02 08:00:00,6,0.1,8
2026352035,2016-05-02 09:00:00,11,0.183333,9
2026352035,2016-05-02 10:00:00,8,0.133333,10
2026352035,2016-05-02 11:00:00,16,0.266667,11
2026352035,2016-05-02 12:00:00,20,0.333333,12
2026352035,2016-05-02 13:00:00,29,0.483333,13
2026352035,2016-05-02 14:00:00,31,0.516667,14
2026352035,2016-05-02 15:00:00,21,0.35,15
2026352035,2016-05-02 16:00:00,37,0.616667,16
2026352035,2016-05-02 17:00:00,36,0.6,17
2026352035,2016-05-02 18:00:00,37,0.616667,18
2026352035,2016-05-02 19:00:00,10,0.166667,19
2026352035,2016-05-02 20:00:00,32,0.533333,20
2026352035,2016-05-02 21:00:00,28,0.466667,21
2026352035,2016-05-02 22:00:00,6,0.1,22
2026352035,2016-05-02 23:00:00,0,0.0,23
2026352035,2016-05-03 00:00:00,0,0.0,0
2026352035,2016-05-03 01:00:00,0,0.0,1
2026352035,2016-05-03 02:00:00,0,0.0,2
2026352035,2016-05-03 03:00:00,0,0.0,3
2026352035,2016-05-03 04:00:00,0,0.0,4
2026352035,2016-05-03 05:00:00,0,0.0,5
2026352035,2016-05-03 06:00:00,0,0.0,6
2026352035,2016-05-03 07:00:00,16,0.266667,7
2026352035,2016-05-03 08:00:00,17,0.283333,8
2026352035,2016-05-03 09:00:00,12,0.2,9
2026352035,2016-05-03 10:00:00,16,0.266667,10
2026352035,2016-05-03 11:00:00,17,0.283333,11
2026352035,2016-05-03 12:00:00,3,0.05,12
2026352035,2016-05-03 13:00:00,27,0.45,13
2026352035,2016-05-03 14:00:00,31,0.516667,14
2026352035,2016-05-03 15:00:00,35,0.583333,15
2026352035,2016-05-03 16:00:00,27,0.45,16
2026352035,2016-05-03 17:00:00,20,0.333333,17
2026352035,2016-05-03 18:00:00,34,0.566667,18
2026352035,2016-05-03 19:00:00,25,0.416667,19
2026352035,2016-05-03 20:00:00,14,0.233333,20
2026352035,2016-05-03 21:00:00,9,0.15,21
2026352035,2016-05-03 22:00:00,0,0.0,22
2026352035,2016-05-03 23:00:00,1,0.016667,23
2026352035,2016-05-04 00:00:00,0,0.0,0
2026352035,2016-05-04 01:00:00,0,0.0,1
2026352035,2016-05-04 02:00:00,0,0.0,2
2026352035,2016-05-04 03:00:00,0,0.0,3
2026352035,2016-05-04 04:00:00,1,0.016667,4
2026352035,2016-05-04 05:00:00,1,0.016667,5
2026352035,2016-05-04 06:00:00,6,0.1,6
2026352035,2016-05-04 07:00:00,22,0.366667,7
2026352035,2016-05-04 08:00:00,9,0.15,8
2026352035,2016-05-04 09:00:00,20,0.333333,9
2026352035,2016-05-04 10:00:00,13,0.216667,10
2026352035,2016-05-04 11:00:00,16,0.266667,11
2026352035,2016-05-04 12:00:00,5,0.083333,12
2026352035,2016-05-04 13:00:00,16,0.266667,13
2026352035,2016-05-04 14:00:00,35,0.583333,14
2026352035,2016-05-04 15:00:00,37,0.616667,15
2026352035,2016-05-04 16:00:00,37,0.616667,16
2026352035,2016-05-04 17:00:00,29,0.483333,17
2026352035,2016-05-04 18:00:00,35,0.583333,18
2026352035,2016-05-04 19:00:00,24,0.4,19
2026352035,2016-05-04 20:00:00,30,0.5,20
2026352035,2016-05-04 21:00:00,5,0.083333,21
2026352035,2016-05-04 22:00:00,1,0.016667,22
2026352035,2016-05-04 23:00:00,3,0.05,23
2026352035,2016-05-05 00:00:00,0,0.0,0
2026352035,2016-05-05 01:00:00,0,0.0,1
2026352035,2016-05-05 02:00:00,0,0.0,2
2026352035,2016-05-05 03:00:00,0,0.0,3
2026352035,2016-05-05 04:00:00,0,0.0,4
2026352035,2016-05-05 05:00:00,24,0.4,5
2026352035,2016-05-05 06:00:00,27,0.45,6
2026352035,2016-05-05 07:00:00,20,0.333333,7
2026352035,2016-05-05 08:00:00,39,0.65,8
2026352035,2016-05-05 09:00:00,35,0.583333,9
2026352035,2016-05-05 10:00:00,32,0.533333,10
2026352035,2016-05-05 11:00:00,24,0.4,11
2026352035,2016-05-05 12:00:00,38,0.633333,12
2026352035,2016-05-05 13:00:00,41,0.683333,13
2026352035,2016-05-05 14:00:00,16,0.266667,14
2026352035,2016-05-05 15:00:00,43,0.716667,15
2026352035,2016-05-05 16:00:00,39,0.65,16
2026352035,2016-05-05 17:00:00,11,0.183333,17
2026352035,2016-05-05 18:00:00,33,0.55,18
2026352035,2016-05-05 19:00:00,22,0.366667,19
2026352035,2016-05-05 20:00:00,16,0.266667,20
2026352035,2016-05-05 21:00:00,12,0.2,21
2026352035,2016-05-05 22:00:00,2,0.033333,22
2026352035,2016-05-05 23:00:00,1,0.016667,23
2026352035,2016-05-06 00:00:00,0,0.0,0
2026352035,2016-05-06 01:00:00,0,0.0,1
2026352035,2016-05-06 02:00:00,0,0.0,2
2026352035,2016-05-06 03:00:00,1,0.016667,3
2026352035,2016-05-06 04:00:00,0,0.0,4
2026352035,2016-05-06 05:00:00,0,0.0,5
2026352035,2016-05-06 06:00:00,15,0.25,6
2026352035,2016-05-06 07:00:00,20,0.333333,7
2026352035,2016-05-06 08:00:00,17,0.283333,8
2026352035,2016-05-06 09:00:00,16,0.266667,9
2026352035,2016-05-06 10:00:00,26,0.433333,10
2026352035,2016-05-06 11:00:00,21,0.35,11
2026352035,2016-05-06 12:00:00,28,0.466667,12
2026352035,2016-05-06 13:00:00,35,0.583333,13
2026352035,2016-05-06 14:00:00,22,0.366667,14
2026352035,2016-05-06 15:00:00,33,0.55,15
2026352035,2016-05-06 16:00:00,35,0.583333,16
2026352035,2016-05-06 17:00:00,24,0.4,17
2026352035,2016-05-06 18:00:00,37,0.616667,18
2026352035,2016-05-06 19:00:00,21,0.35,19
2026352035,2016-05-06 20:00:00,21,0.35,20
2026352035,2016-05-06 21:00:00,9,0.15,21
2026352035,2016-05-06 22:00:00,2,0.033333,22
2026352035,2016-05-06 23:00:00,0,0.0,23
2026352035,2016-05-07 00:00:00,0,0.0,0
2026352035,2016-05-07 01:00:00,0,0.0,1
2026352035,2016-05-07 02:00:00,0,0.0,2
2026352035,2016-05-07 03:00:00,0,0.0,3
2026352035,2016-05-07 04:00:00,0,0.0,4
2026352035,2016-05-07 05:00:00,0,0.0,5
2026352035,2016-05-07 06:00:00,29,0.483333,6
2026352035,2016-05-07 07:00:00,26,0.433333,7
2026352035,2016-05-07 08:00:00,17,0.283333,8
2026352035,2016-05-07 09:00:00,12,0.2,9
2026352035,2016-05-07 10:00:00,11,0.183333,10
2026352035,2016-05-07 11:00:00,10,0.166667,11
2026352035,2016-05-07 12:00:00,23,0.383333,12
2026352035,2016-05-07 13:00:00,7,0.116667,13
2026352035,2016-05-07 14:00:00,12,0.2,14
2026352035,2016-05-07 15:00:00,4,0.066667,15
2026352035,2016-05-07 16:00:00,8,0.133333,16
2026352035,2016-05-07 17:00:00,16,0.266667,17
2026352035,2016-05-07 18:00:00,19,0.316667,18
2026352035,2016-05-07 19:00:00,9,0.15,19
2026352035,2016-05-07 20:00:00,20,0.333333,20
2026352035,2016-05-07 21:00:00,2,0.033333,21
2026352035,2016-05-07 22:00:00,2,0.033333,22
2026352035,2016-05-07 23:00:00,2,0.033333,23
2026352035,2016-05-08 00:00:00,1,0.016667,0
2026352035,2016-05-08 01:00:00,0,0.0,1
2026352035,2016-05-08 02:00:00,0,0.0,2
2026352035,2016-05-08 03:00:00,0,0.0,3
2026352035,2016-05-08 04:00:00,0,0.0,4
2026352035,2016-05-08 05:00:00,0,0.0,5
2026352035,2016-05-08 06:00:00,19,0.316667,6
2026352035,2016-05-08 07:00:00,16,0.266667,7
2026352035,2016-05-08 08:00:00,22,0.366667,8
2026352035,2016-05-08 09:00:00,35,0.583333,9
2026352035,2016-05-08 10:00:00,21,0.35,10
2026352035,2016-05-08 11:00:00,25,0.416667,11
2026352035,2016-05-08 12:00:00,17,0.283333,12
2026352035,2016-05-08 13:00:00,12,0.2,13
2026352035,2016-05-08 14:00:00,8,0.133333,14
2026352035,2016-05-08 15:00:00,5,0.083333,15
2026352035,2016-05-08 16:00:00,2,0.033333,16
2026352035,2016-05-08 17:00:00,17,0.283333,17
2026352035,2016-05-08 18:00:00,22,0.366667,18
2026352035,2016-05-08 19:00:00,14,0.233333,19
2026352035,2016-05-08 20:00:00,20,0.333333,20
2026352035,2016-05-08 21:00:00,0,0.0,21
2026352035,2016-05-08 22:00:00,1,0.016667,22
2026352035,2016-05-08 23:00:00,1,0.016667,23
2026352035,2016-05-09 00:00:00,0,0.0,0
2026352035,2016-05-09 01:00:00,1,0.016667,1
2026352035,2016-05-09 02:00:00,0,0.0,2
2026352035,2016-05-09 03:00:00,0,0.0,3
2026352035,2016-05-09 04:00:00,0,0.0,4
2026352035,2016-05-09 05:00:00,0,0.0,5
2026352035,2016-05-09 06:00:00,21,0.35,6
2026352035,2016-05-09 07:00:00,32,0.533333,7
2026352035,2016-05-09 08:00:00,21,0.35,8
2026352035,2016-05-09 09:00:00,10,0.166667,9
2026352035,2016-05-09 10:00:00,6,0.1,10
2026352035,2016-05-09 11:00:00,9,0.15,11
2026352035,2016-05-09 12:00:00,8,0.133333,12
2026352035,2016-05-09 13:00:00,25,0.416667,13
2026352035,2016-05-09 14:00:00,21,0.35,14
2026352035,2016-05-09 15:00:00,37,0.616667,15
2026352035,2016-05-09 16:00:00,56,0.933333,16
2026352035,2016-05-09 17:00:00,49,0.816667,17
2026352035,2016-05-09 18:00:00,26,0.433333,18
2026352035,2016-05-09 19:00:00,36,0.6,19
2026352035,2016-05-09 20:00:00,28,0.466667,20
2026352035,2016-05-09 21:00:00,14,0.233333,21
2026352035,2016-05-09 22:00:00,0,0.0,22
2026352035,2016-05-09 23:00:00,1,0.016667,23
2026352035,2016-05-10 00:00:00,4,0.066667,0
2026352035,2016-05-10 01:00:00,0,0.0,1
2026352035,2016-05-10 02:00:00,0,0.0,2
2026352035,2016-05-10 03:00:00,0,0.0,3
2026352035,2016-05-10 04:00:00,0,0.0,4
2026352035,2016-05-10 05:00:00,0,0.0,5
2026352035,2016-05-10 06:00:00,0,0.0,6
2026352035,2016-05-10 07:00:00,0,0.0,7
2026352035,2016-05-10 08:00:00,0,0.0,8
2026352035,2016-05-10 09:00:00,0,0.0,9
2026352035,2016-05-10 10:00:00,0,0.0,10
2026352035,2016-05-10 11:00:00,0,0.0,11
2026352035,2016-05-10 12:00:00,0,0.0,12
2026352035,2016-05-10 13:00:00,0,0.0,13
2026352035,2016-05-10 14:00:00,0,0.0,14
2026352035,2016-05-10 15:00:00,0,0.0,15
2026352035,2016-05-10 16:00:00,0,0.0,16
2026352035,2016-05-10 17:00:00,0,0.0,17
2026352035,2016-05-10 18:00:00,0,0.0,18
2026352035,2016-05-10 19:00:00,0,0.0,19
2026352035,2016-05-10 20:00:00,2,0.033333,20
2026352035,2016-05-10 21:00:00,7,0.116667,21
2026352035,2016-05-10 22:00:00,2,0.033333,22
2026352035,2016-05-10 23:00:00,2,0.033333,23
2026352035,2016-05-11 00:00:00,1,0.016667,0
2026352035,2016-05-11 01:00:00,0,0.0,1
2026352035,2016-05-11 02:00:00,0,0.0,2
2026352035,2016-05-11 03:00:00,1,0.016667,3
2026352035,2016-05-11 04:00:00,0,0.0,4
2026352035,2016-05-11 05:00:00,0,0.0,5
2026352035,2016-05-11 06:00:00,14,0.233333,6
2026352035,2016-05-11 07:00:00,17,0.283333,7
2026352035,2016-05-11 08:00:00,13,0.216667,8
2026352035,2016-05-11 09:00:00,8,0.133333,9
2026352035,2016-05-11 10:00:00,15,0.25,10
2026352035,2016-05-11 11:00:00,9,0.15,11
2026352035,2016-05-11 12:00:00,6,0.1,12
2026352035,2016-05-11 13:00:00,20,0.333333,13
2026352035,2016-05-11 14:00:00,25,0.416667,14
2026352035,2016-05-11 15:00:00,36,0.6,15
2026352035,2016-05-11 16:00:00,55,0.916667,16
2026352035,2016-05-11 17:00:00,28,0.466667,17
2026352035,2016-05-11 18:00:00,16,0.266667,18
2026352035,2016-05-11 19:00:00,21,0.35,19
2026352035,2016-05-11 20:00:00,33,0.55,20
2026352035,2016-05-11 21:00:00,10,0.166667,21
2026352035,2016-05-11 22:00:00,1,0.016667,22
2026352035,2016-05-11 23:00:00,1,0.016667,23
2026352035,2016-05-12 00:00:00,0,0.0,0
2026352035,2016-05-12 01:00:00,0,0.0,1
2026352035,2016-05-12 02:00:00,1,0.016667,2
2026352035,2016-05-12 03:00:00,0,0.0,3
2026352035,2016-05-12 04:00:00,0,0.0,4
2026352035,2016-05-12 05:00:00,12,0.2,5
2026352035,2016-05-12 06:00:00,23,0.383333,6
2026352035,2016-05-12 07:00:00,25,0.416667,7
2026352035,2016-05-12 08:00:00,38,0.633333,8
2026352035,2016-05-12 09:00:00,23,0.383333,9
2026352035,2016-05-12 10:00:00,40,0.666667,10
2026352035,2016-05-12 11:00:00,31,0.516667,11
2026352035,2016-05-12 12:00:00,28,0.466667,12
2026352035,2016-05-12 13:00:00,29,0.483333,13
2026352035,2016-05-12 14:00:00,29,0.483333,14
2026352035,2016-05-12 15:00:00,41,0.683333,15
2320127002,2016-04-12 00:00:00,0,0.0,0
2320127002,2016-04-12 01:00:00,0,0.0,1
2320127002,2016-04-12 02:00:00,0,0.0,2
2320127002,2016-04-12 03:00:00,0,0.0,3
2320127002,2016-04-12 04:00:00,0,0.0,4
2320127002,2016-04-12 05:00:00,0,0.0,5
2320127002,2016-04-12 06:00:00,0,0.0,6
2320127002,2016-04-12 07:00:00,28,0.466667,7
2320127002,2016-04-12 08:00:00,14,0.233333,8
2320127002,2016-04-12 09:00:00,14,0.233333,9
2320127002,2016-04-12 10:00:00,4,0.066667,10
2320127002,2016-04-12 11:00:00,16,0.266667,11
2320127002,2016-04-12 12:00:00,23,0.383333,12
2320127002,2016-04-12 13:00:00,19,0.316667,13
2320127002,2016-04-12 14:00:00,30,0.5,14
2320127002,2016-04-12 15:00:00,67,1.116667,15
2320127002,2016-04-12 16:00:00,34,0.566667,16
2320127002,2016-04-12 17:00:00,20,0.333333,17
2320127002,2016-04-12 18:00:00,17,0.283333,18
2320127002,2016-04-12 19:00:00,19,0.316667,19
2320127002,2016-04-12 20:00:00,16,0.266667,20
2320127002,2016-04-12 21:00:00,11,0.183333,21
2320127002,2016-04-12 22:00:00,17,0.283333,22
2320127002,2016-04-12 23:00:00,14,0.233333,23
2320127002,2016-04-13 00:00:00,9,0.15,0
2320127002,2016-04-13 01:00:00,17,0.283333,1
2320127002,2016-04-13 02:00:00,12,0.2,2
2320127002,2016-04-13 03:00:00,4,0.066667,3
2320127002,2016-04-13 04:00:00,11,0.183333,4
2320127002,2016-04-13 05:00:00,5,0.083333,5
2320127002,2016-04-13 06:00:00,18,0.3,6
2320127002,2016-04-13 07:00:00,36,0.6,7
2320127002,2016-04-13 08:00:00,18,0.3,8
2320127002,2016-04-13 09:00:00,10,0.166667,9
2320127002,2016-04-13 10:00:00,8,0.133333,10
2320127002,2016-04-13 11:00:00,18,0.3,11
2320127002,2016-04-13 12:00:00,15,0.25,12
2320127002,2016-04-13 13:00:00,8,0.133333,13
2320127002,2016-04-13 14:00:00,14,0.233333,14
2320127002,2016-04-13 15:00:00,15,0.25,15
2320127002,2016-04-13 16:00:00,19,0.316667,16
2320127002,2016-04-13 17:00:00,22,0.366667,17
2320127002,2016-04-13 18:00:00,7,0.116667,18
2320127002,2016-04-13 19:00:00,10,0.166667,19
2320127002,2016-04-13 20:00:00,15,0.25,20
2320127002,2016-04-13 21:00:00,16,0.266667,21
2320127002,2016-04-13 22:00:00,20,0.333333,22
2320127002,2016-04-13 23:00:00,8,0.133333,23
2320127002,2016-04-14 00:00:00,10,0.166667,0
2320127002,2016-04-14 01:00:00,0,0.0,1
2320127002,2016-04-14 02:00:00,0,0.0,2
2320127002,2016-04-14 03:00:00,0,0.0,3
2320127002,2016-04-14 04:00:00,0,0.0,4
2320127002,2016-04-14 05:00:00,0,0.0,5
2320127002,2016-04-14 06:00:00,8,0.133333,6
2320127002,2016-04-14 07:00:00,19,0.316667,7
2320127002,2016-04-14 08:00:00,9,0.15,8
2320127002,2016-04-14 09:00:00,21,0.35,9
2320127002,2016-04-14 10:00:00,16,0.266667,10
2320127002,2016-04-14 11:00:00,1,0.016667,11
2320127002,2016-04-14 12:00:00,0,0.0,12
2320127002,2016-04-14 13:00:00,0,0.0,13
2320127002,2016-04-14 14:00:00,3,0.05,14
2320127002,2016-04-14 15:00:00,16,0.266667,15
2320127002,2016-04-14 16:00:00,30,0.5,16
2320127002,2016-04-14 17:00:00,22,0.366667,17
2320127002,2016-04-14 18:00:00,16,0.266667,18
2320127002,2016-04-14 19:00:00,13,0.216667,19
2320127002,2016-04-14 20:00:00,7,0.116667,20
2320127002,2016-04-14 21:00:00,0,0.0,21
2320127002,2016-04-14 22:00:00,0,0.0,22
2320127002,2016-04-14 23:00:00,0,0.0,23
2320127002,2016-04-15 00:00:00,0,0.0,0
2320127002,2016-04-15 01:00:00,0,0.0,1
2320127002,2016-04-15 02:00:00,0,0.0,2
2320127002,2016-04-15 03:00:00,0,0.0,3
2320127002,2016-04-15 04:00:00,0,0.0,4
2320127002,2016-04-15 05:00:00,0,0.0,5
2320127002,2016-04-15 06:00:00,0,0.0,6
2320127002,2016-04-15 07:00:00,20,0.333333,7
2320127002,2016-04-15 08:00:00,11,0.183333,8
2320127002,2016-04-15 09:00:00,25,0.416667,9
2320127002,2016-04-15 10:00:00,13,0.216667,10
2320127002,2016-04-15 11:00:00,11,0.183333,11
2320127002,2016-04-15 12:00:00,25,0.416667,12
2320127002,2016-04-15 13:00:00,7,0.116667,13
2320127002,2016-04-15 14:00:00,0,0.0,14
2320127002,2016-04-15 15:00:00,11,0.183333,15
2320127002,2016-04-15 16:00:00,13,0.216667,16
2320127002,2016-04-15 17:00:00,17,0.283333,17
2320127002,2016-04-15 18:00:00,17,0.283333,18
2320127002,2016-04-15 19:00:00,30,0.5,19
2320127002,2016-04-15 20:00:00,26,0.433333,20
2320127002,2016-04-15 21:00:00,14,0.233333,21
2320127002,2016-04-15 22:00:00,5,0.083333,22
2320127002,2016-04-15 23:00:00,0,0.0,23
2320127002,2016-04-16 00:00:00,0,0.0,0
2320127002,2016-04-16 01:00:00,0,0.0,1
2320127002,2016-04-16 02:00:00,0,0.0,2
2320127002,2016-04-16 03:00:00,0,0.0,3
2320127002,2016-04-16 04:00:00,0,0.0,4
2320127002,2016-04-16 05:00:00,0,0.0,5
2320127002,2016-04-16 06:00:00,0,0.0,6
2320127002,2016-04-16 07:00:00,0,0.0,7
2320127002,2016-04-16 08:00:00,0,0.0,8
2320127002,2016-04-16 09:00:00,0,0.0,9
2320127002,2016-04-16 10:00:00,12,0.2,10
2320127002,2016-04-16 11:00:00,22,0.366667,11
2320127002,2016-04-16 12:00:00,20,0.333333,12
2320127002,2016-04-16 13:00:00,7,0.116667,13
2320127002,2016-04-16 14:00:00,7,0.116667,14
2320127002,2016-04-16 15:00:00,19,0.316667,15
2320127002,2016-04-16 16:00:00,14,0.233333,16
2320127002,2016-04-16 17:00:00,0,0.0,17
2320127002,2016-04-16 18:00:00,0,0.0,18
2320127002,2016-04-16 19:00:00,7,0.116667,19
2320127002,2016-04-16 20:00:00,18,0.3,20
2320127002,2016-04-16 21:00:00,22,0.366667,21
2320127002,2016-04-16 22:00:00,21,0.35,22
2320127002,2016-04-16 23:00:00,26,0.433333,23
2320127002,2016-04-17 00:00:00,16,0.266667,0
2320127002,2016-04-17 01:00:00,5,0.083333,1
2320127002,2016-04-17 02:00:00,0,0.0,2
2320127002,2016-04-17 03:00:00,0,0.0,3
2320127002,2016-04-17 04:00:00,0,0.0,4
2320127002,2016-04-17 05:00:00,0,0.0,5
2320127002,2016-04-17 06:00:00,0,0.0,6
2320127002,2016-04-17 07:00:00,0,0.0,7
2320127002,2016-04-17 08:00:00,0,0.0,8
2320127002,2016-04-17 09:00:00,9,0.15,9
2320127002,2016-04-17 10:00:00,13,0.216667,10
2320127002,2016-04-17 11:00:00,18,0.3,11
2320127002,2016-04-17 12:00:00,18,0.3,12
2320127002,2016-04-17 13:00:00,18,0.3,13
2320127002,2016-04-17 14:00:00,22,0.366667,14
2320127002,2016-04-17 15:00:00,12,0.2,15
2320127002,2016-04-17 16:00:00,10,0.166667,16
2320127002,2016-04-17 17:00:00,14,0.233333,17
2320127002,2016-04-17 18:00:00,31,0.516667,18
2320127002,2016-04-17 19:00:00,25,0.416667,19
2320127002,2016-04-17 20:00:00,22,0.366667,20
2320127002,2016-04-17 21:00:00,11,0.183333,21
2320127002,2016-04-17 22:00:00,5,0.083333,22
2320127002,2016-04-17 23:00:00,0,0.0,23
2320127002,2016-04-18 00:00:00,0,0.0,0
2320127002,2016-04-18 01:00:00,0,0.0,1
2320127002,2016-04-18 02:00:00,0,0.0,2
2320127002,2016-04-18 03:00:00,0,0.0,3
2320127002,2016-04-18 04:00:00,0,0.0,4
2320127002,2016-04-18 05:00:00,0,0.0,5
2320127002,2016-04-18 06:00:00,13,0.216667,6
2320127002,2016-04-18 07:00:00,24,0.4,7
2320127002,2016-04-18 08:00:00,10,0.166667,8
2320127002,2016-04-18 09:00:00,16,0.266667,9
2320127002,2016-04-18 10:00:00,7,0.116667,10
2320127002,2016-04-18 11:00:00,13,0.216667,11
2320127002,2016-04-18 12:00:00,18,0.3,12
2320127002,2016-04-18 13:00:00,25,0.416667,13
2320127002,2016-04-18 14:00:00,28,0.466667,14
2320127002,2016-04-18 15:00:00,10,0.166667,15
2320127002,2016-04-18 16:00:00,14,0.233333,16
2320127002,2016-04-18 17:00:00,16,0.266667,17
2320127002,2016-04-18 18:00:00,13,0.216667,18
2320127002,2016-04-18 19:00:00,18,0.3,19
2320127002,2016-04-18 20:00:00,12,0.2,20
2320127002,2016-04-18 21:00:00,19,0.316667,21
2320127002,2016-04-18 22:00:00,6,0.1,22
2320127002,2016-04-18 23:00:00,12,0.2,23
2320127002,2016-04-19 00:00:00,5,0.083333,0
2320127002,2016-04-19 01:00:00,0,0.0,1
2320127002,2016-04-19 02:00:00,0,0.0,2
2320127002,2016-04-19 03:00:00,0,0.0,3
2320127002,2016-04-19 04:00:00,0,0.0,4
2320127002,2016-04-19 05:00:00,0,0.0,5
2320127002,2016-04-19 06:00:00,0,0.0,6
2320127002,2016-04-19 07:00:00,0,0.0,7
2320127002,2016-04-19 08:00:00,0,0.0,8
2320127002,2016-04-19 09:00:00,0,0.0,9
2320127002,2016-04-19 10:00:00,0,0.0,10
2320127002,2016-04-19 11:00:00,0,0.0,11
2320127002,2016-04-19 12:00:00,29,0.483333,12
2320127002,2016-04-19 13:00:00,12,0.2,13
2320127002,2016-04-19 14:00:00,18,0.3,14
2320127002,2016-04-19 15:00:00,13,0.216667,15
2320127002,2016-04-19 16:00:00,19,0.316667,16
2320127002,2016-04-19 17:00:00,15,0.25,17
2320127002,2016-04-19 18:00:00,0,0.0,18
2320127002,2016-04-19 19:00:00,6,0.1,19
2320127002,2016-04-19 20:00:00,29,0.483333,20
2320127002,2016-04-19 21:00:00,24,0.4,21
2320127002,2016-04-19 22:00:00,33,0.55,22
2320127002,2016-04-19 23:00:00,47,0.783333,23
2320127002,2016-04-20 00:00:00,10,0.166667,0
2320127002,2016-04-20 01:00:00,0,0.0,1
2320127002,2016-04-20 02:00:00,0,0.0,2
2320127002,2016-04-20 03:00:00,0,0.0,3
2320127002,2016-04-20 04:00:00,0,0.0,4
2320127002,2016-04-20 05:00:00,0,0.0,5
2320127002,2016-04-20 06:00:00,0,0.0,6
2320127002,2016-04-20 07:00:00,0,0.0,7
2320127002,2016-04-20 08:00:00,0,0.0,8
2320127002,2016-04-20 09:00:00,0,0.0,9
2320127002,2016-04-20 10:00:00,0,0.0,10
2320127002,2016-04-20 11:00:00,0,0.0,11
2320127002,2016-04-20 12:00:00,21,0.35,12
2320127002,2016-04-20 13:00:00,12,0.2,13
2320127002,2016-04-20 14:00:00,23,0.383333,14
2320127002,2016-04-20 15:00:00,52,0.866667,15
2320127002,2016-04-20 16:00:00,24,0.4,16
2320127002,2016-04-20 17:00:00,32,0.533333,17
2320127002,2016-04-20 18:00:00,24,0.4,18
2320127002,2016-04-20 19:00:00,24,0.4,19
2320127002,2016-04-20 20:00:00,22,0.366667,20
2320127002,2016-04-20 21:00:00,17,0.283333,21
2320127002,2016-04-20 22:00:00,21,0.35,22
2320127002,2016-04-20 23:00:00,23,0.383333,23
2320127002,2016-04-21 00:00:00,1,0.016667,0
2320127002,2016-04-21 01:00:00,0,0.0,1
2320127002,2016-04-21 02:00:00,0,0.0,2
2320127002,2016-04-21 03:00:00,0,0.0,3
2320127002,2016-04-21 04:00:00,0,0.0,4
2320127002,2016-04-21 05:00:00,0,0.0,5
2320127002,2016-04-21 06:00:00,0,0.0,6
2320127002,2016-04-21 07:00:00,0,0.0,7
2320127002,2016-04-21 08:00:00,0,0.0,8
2320127002,2016-04-21 09:00:00,0,0.0,9
2320127002,2016-04-21 10:00:00,0,0.0,10
2320127002,2016-04-21 11:00:00,0,0.0,11
2320127002,2016-04-21 12:00:00,0,0.0,12
2320127002,2016-04-21 13:00:00,0,0.0,13
2320127002,2016-04-21 14:00:00,0,0.0,14
2320127002,2016-04-21 15:00:00,11,0.183333,15
2320127002,2016-04-21 16:00:00,25,0.416667,16
2320127002,2016-04-21 17:00:00,20,0.333333,17
2320127002,2016-04-21 18:00:00,17,0.283333,18
2320127002,2016-04-21 19:00:00,4,0.066667,19
2320127002,2016-04-21 20:00:00,0,0.0,20
2320127002,2016-04-21 21:00:00,36,0.6,21
2320127002,2016-04-21 22:00:00,20,0.333333,22
2320127002,2016-04-21 23:00:00,16,0.266667,23
2320127002,2016-04-22 00:00:00,11,0.183333,0
2320127002,2016-04-22 01:00:00,18,0.3,1
2320127002,2016-04-22 02:00:00,11,0.183333,2
2320127002,2016-04-22 03:00:00,12,0.2,3
2320127002,2016-04-22 04:00:00,5,0.083333,4
2320127002,2016-04-22 05:00:00,11,0.183333,5
2320127002,2016-04-22 06:00:00,31,0.516667,6
2320127002,2016-04-22 07:00:00,13,0.216667,7
2320127002,2016-04-22 08:00:00,0,0.0,8
2320127002,2016-04-22 09:00:00,0,0.0,9
2320127002,2016-04-22 10:00:00,0,0.0,10
2320127002,2016-04-22 11:00:00,0,0.0,11
2320127002,2016-04-22 12:00:00,0,0.0,12
2320127002,2016-04-22 13:00:00,0,0.0,13
2320127002,2016-04-22 14:00:00,14,0.233333,14
2320127002,2016-04-22 15:00:00,36,0.6,15
2320127002,2016-04-22 16:00:00,12,0.2,16
2320127002,2016-04-22 17:00:00,16,0.266667,17
2320127002,2016-04-22 18:00:00,0,0.0,18
2320127002,2016-04-22 19:00:00,16,0.266667,19
2320127002,2016-04-22 20:00:00,18,0.3,20
2320127002,2016-04-22 21:00:00,21,0.35,21
2320127002,2016-04-22 22:00:00,10,0.166667,22
2320127002,2016-04-22 23:00:00,11,0.183333,23
2320127002,2016-04-23 00:00:00,9,0.15,0
2320127002,2016-04-23 01:00:00,11,0.183333,1
2320127002,2016-04-23 02:00:00,9,0.15,2
2320127002,2016-04-23 03:00:00,12,0.2,3
2320127002,2016-04-23 04:00:00,6,0.1,4
2320127002,2016-04-23 05:00:00,0,0.0,5
2320127002,2016-04-23 06:00:00,0,0.0,6
2320127002,2016-04-23 07:00:00,0,0.0,7
2320127002,2016-04-23 08:00:00,0,0.0,8
2320127002,2016-04-23 09:00:00,0,0.0,9
2320127002,2016-04-23 10:00:00,0,0.0,10
2320127002,2016-04-23 11:00:00,0,0.0,11
2320127002,2016-04-23 12:00:00,0,0.0,12
2320127002,2016-04-23 13:00:00,23,0.383333,13
2320127002,2016-04-23 14:00:00,21,0.35,14
2320127002,2016-04-23 15:00:00,26,0.433333,15
2320127002,2016-04-23 16:00:00,15,0.25,16
2320127002,2016-04-23 17:00:00,27,0.45,17
2320127002,2016-04-23 18:00:00,27,0.45,18
2320127002,2016-04-23 19:00:00,19,0.316667,19
2320127002,2016-04-23 20:00:00,3,0.05,20
2320127002,2016-04-23 21:00:00,11,0.183333,21
2320127002,2016-04-23 22:00:00,14,0.233333,22
2320127002,2016-04-23 23:00:00,9,0.15,23
2320127002,2016-04-24 00:00:00,9,0.15,0
2320127002,2016-04-24 01:00:00,12,0.2,1
2320127002,2016-04-24 02:00:00,12,0.2,2
2320127002,2016-04-24 03:00:00,0,0.0,3
2320127002,2016-04-24 04:00:00,0,0.0,4
2320127002,2016-04-24 05:00:00,0,0.0,5
2320127002,2016-04-24 06:00:00,0,0.0,6
2320127002,2016-04-24 07:00:00,0,0.0,7
2320127002,2016-04-24 08:00:00,0,0.0,8
2320127002,2016-04-24 09:00:00,0,0.0,9
2320127002,2016-04-24 10:00:00,0,0.0,10
2320127002,2016-04-24 11:00:00,0,0.0,11
2320127002,2016-04-24 12:00:00,0,0.0,12
2320127002,2016-04-24 13:00:00,0,0.0,13
2320127002,2016-04-24 14:00:00,0,0.0,14
2320127002,2016-04-24 15:00:00,2,0.033333,15
2320127002,2016-04-24 16:00:00,33,0.55,16
2320127002,2016-04-24 17:00:00,17,0.283333,17
2320127002,2016-04-24 18:00:00,31,0.516667,18
2320127002,2016-04-24 19:00:00,9,0.15,19
2320127002,2016-04-24 20:00:00,23,0.383333,20
2320127002,2016-04-24 21:00:00,26,0.433333,21
2320127002,2016-04-24 22:00:00,13,0.216667,22
2320127002,2016-04-24 23:00:00,17,0.283333,23
2320127002,2016-04-25 00:00:00,21,0.35,0
2320127002,2016-04-25 01:00:00,11,0.183333,1
2320127002,2016-04-25 02:00:00,0,0.0,2
2320127002,2016-04-25 03:00:00,0,0.0,3
2320127002,2016-04-25 04:00:00,0,0.0,4
2320127002,2016-04-25 05:00:00,0,0.0,5
2320127002,2016-04-25 06:00:00,0,0.0,6
2320127002,2016-04-25 07:00:00,0,0.0,7
2320127002,2016-04-25 08:00:00,0,0.0,8
2320127002,2016-04-25 09:00:00,0,0.0,9
2320127002,2016-04-25 10:00:00,0,0.0,10
2320127002,2016-04-25 11:00:00,0,0.0,11
2320127002,2016-04-25 12:00:00,0,0.0,12
2320127002,2016-04-25 13:00:00,0,0.0,13
2320127002,2016-04-25 14:00:00,0,0.0,14
2320127002,2016-04-25 15:00:00,1,0.016667,15
2320127002,2016-04-25 16:00:00,19,0.316667,16
2320127002,2016-04-25 17:00:00,40,0.666667,17
2320127002,2016-04-25 18:00:00,19,0.316667,18
2320127002,2016-04-25 19:00:00,5,0.083333,19
2320127002,2016-04-25 20:00:00,13,0.216667,20
2320127002,2016-04-25 21:00:00,15,0.25,21
2320127002,2016-04-25 22:00:00,21,0.35,22
2320127002,2016-04-25 23:00:00,6,0.1,23
2320127002,2016-04-26 00:00:00,0,0.0,0
2320127002,2016-04-26 01:00:00,1,0.016667,1
2320127002,2016-04-26 02:00:00,5,0.083333,2
2320127002,2016-04-26 03:00:00,0,0.0,3
2320127002,2016-04-26 04:00:00,0,0.0,4
2320127002,2016-04-26 05:00:00,0,0.0,5
2320127002,2016-04-26 06:00:00,0,0.0,6
2320127002,2016-04-26 07:00:00,0,0.0,7
2320127002,2016-04-26 08:00:00,0,0.0,8
2320127002,2016-04-26 09:00:00,0,0.0,9
2320127002,2016-04-26 10:00:00,0,0.0,10
2320127002,2016-04-26 11:00:00,0,0.0,11
2320127002,2016-04-26 12:00:00,0,0.0,12
2320127002,2016-04-26 13:00:00,0,0.0,13
2320127002,2016-04-26 14:00:00,0,0.0,14
2320127002,2016-04-26 15:00:00,0,0.0,15
2320127002,2016-04-26 16:00:00,8,0.133333,16
2320127002,2016-04-26 17:00:00,22,0.366667,17
2320127002,2016-04-26 18:00:00,23,0.383333,18
2320127002,2016-04-26 19:00:00,19,0.316667,19
2320127002,2016-04-26 20:00:00,19,0.316667,20
2320127002,2016-04-26 21:00:00,17,0.283333,21
2320127002,2016-04-26 22:00:00,17,0.283333,22
2320127002,2016-04-26 23:00:00,16,0.266667,23
2320127002,2016-04-27 00:00:00,0,0.0,0
2320127002,2016-04-27 01:00:00,0,0.0,1
2320127002,2016-04-27 02:00:00,0,0.0,2
2320127002,2016-04-27 03:00:00,0,0.0,3
2320127002,2016-04-27 04:00:00,9,0.15,4
2320127002,2016-04-27 05:00:00,7,0.116667,5
2320127002,2016-04-27 06:00:00,1,0.016667,6
2320127002,2016-04-27 07:00:00,22,0.366667,7
2320127002,2016-04-27 08:00:00,33,0.55,8
2320127002,2016-04-27 09:00:00,10,0.166667,9
2320127002,2016-04-27 10:00:00,0,0.0,10
2320127002,2016-04-27 11:00:00,0,0.0,11
2320127002,2016-04-27 12:00:00,0,0.0,12
2320127002,2016-04-27 13:00:00,0,0.0,13
2320127002,2016-04-27 14:00:00,0,0.0,14
2320127002,2016-04-27 15:00:00,0,0.0,15
2320127002,2016-04-27 16:00:00,0,0.0,16
2320127002,2016-04-27 17:00:00,0,0.0,17
2320127002,2016-04-27 18:00:00,0,0.0,18
2320127002,2016-04-27 19:00:00,0,0.0,19
2320127002,2016-04-27 20:00:00,0,0.0,20
2320127002,2016-04-27 21:00:00,0,0.0,21
2320127002,2016-04-27 22:00:00,0,0.0,22
2320127002,2016-04-27 23:00:00,0,0.0,23
2320127002,2016-04-28 00:00:00,11,0.183333,0
2320127002,2016-04-28 01:00:00,20,0.333333,1
2320127002,2016-04-28 02:00:00,13,0.216667,2
2320127002,2016-04-28 03:00:00,18,0.3,3
2320127002,2016-04-28 04:00:00,0,0.0,4
2320127002,2016-04-28 05:00:00,0,0.0,5
2320127002,2016-04-28 06:00:00,0,0.0,6
2320127002,2016-04-28 07:00:00,14,0.233333,7
2320127002,2016-04-28 08:00:00,0,0.0,8
2320127002,2016-04-28 09:00:00,0,0.0,9
2320127002,2016-04-28 10:00:00,0,0.0,10
2320127002,2016-04-28 11:00:00,0,0.0,11
2320127002,2016-04-28 12:00:00,0,0.0,12
2320127002,2016-04-28 13:00:00,0,0.0,13
2320127002,2016-04-28 14:00:00,0,0.0,14
2320127002,2016-04-28 15:00:00,0,0.0,15
2320127002,2016-04-28 16:00:00,0,0.0,16
2320127002,2016-04-28 17:00:00,0,0.0,17
2320127002,2016-04-28 18:00:00,0,0.0,18
2320127002,2016-04-28 19:00:00,0,0.0,19
2320127002,2016-04-28 20:00:00,0,0.0,20
2320127002,2016-04-28 21:00:00,0,0.0,21
2320127002,2016-04-28 22:00:00,0,0.0,22
2320127002,2016-04-28 23:00:00,0,0.0,23
2320127002,2016-04-29 00:00:00,0,0.0,0
2320127002,2016-04-29 01:00:00,0,0.0,1
2320127002,2016-04-29 02:00:00,0,0.0,2
2320127002,2016-04-29 03:00:00,0,0.0,3
2320127002,2016-04-29 04:00:00,0,0.0,4
2320127002,2016-04-29 05:00:00,0,0.0,5
2320127002,2016-04-29 06:00:00,12,0.2,6
2320127002,2016-04-29 07:00:00,27,0.45,7
2320127002,2016-04-29 08:00:00,6,0.1,8
2320127002,2016-04-29 09:00:00,0,0.0,9
2320127002,2016-04-29 10:00:00,0,0.0,10
2320127002,2016-04-29 11:00:00,0,0.0,11
2320127002,2016-04-29 12:00:00,0,0.0,12
2320127002,2016-04-29 13:00:00,0,0.0,13
2320127002,2016-04-29 14:00:00,0,0.0,14
2320127002,2016-04-29 15:00:00,0,0.0,15
2320127002,2016-04-29 16:00:00,0,0.0,16
2320127002,2016-04-29 17:00:00,0,0.0,17
2320127002,2016-04-29 18:00:00,0,0.0,18
2320127002,2016-04-29 19:00:00,0,0.0,19
2320127002,2016-04-29 20:00:00,0,0.0,20
2320127002,2016-04-29 21:00:00,0,0.0,21
2320127002,2016-04-29 22:00:00,0,0.0,22
2320127002,2016-04-29 23:00:00,0,0.0,23
2320127002,2016-04-30 00:00:00,0,0.0,0
2320127002,2016-04-30 01:00:00,4,0.066667,1
2320127002,2016-04-30 02:00:00,17,0.283333,2
2320127002,2016-04-30 03:00:00,19,0.316667,3
2320127002,2016-04-30 04:00:00,24,0.4,4
2320127002,2016-04-30 05:00:00,15,0.25,5
2320127002,2016-04-30 06:00:00,11,0.183333,6
2320127002,2016-04-30 07:00:00,22,0.366667,7
2320127002,2016-04-30 08:00:00,24,0.4,8
2320127002,2016-04-30 09:00:00,14,0.233333,9
2320127002,2016-04-30 10:00:00,21,0.35,10
2320127002,2016-04-30 11:00:00,18,0.3,11
2320127002,2016-04-30 12:00:00,0,0.0,12
2320127002,2016-04-30 13:00:00,0,0.0,13
2320127002,2016-04-30 14:00:00,0,0.0,14
2320127002,2016-04-30 15:00:00,0,0.0,15
2320127002,2016-04-30 16:00:00,0,0.0,16
2320127002,2016-04-30 17:00:00,0,0.0,17
2320127002,2016-04-30 18:00:00,0,0.0,18
2320127002,2016-04-30 19:00:00,0,0.0,19
2320127002,2016-04-30 20:00:00,11,0.183333,20
2320127002,2016-04-30 21:00:00,18,0.3,21
2320127002,2016-04-30 22:00:00,9,0.15,22
2320127002,2016-04-30 23:00:00,7,0.116667,23
2320127002,2016-05-01 00:00:00,15,0.25,0
2320127002,2016-05-01 01:00:00,10,0.166667,1
2320127002,2016-05-01 02:00:00,15,0.25,2
2320127002,2016-05-01 03:00:00,0,0.0,3
2320127002,2016-05-01 04:00:00,0,0.0,4
2320127002,2016-05-01 05:00:00,0,0.0,5
2320127002,2016-05-01 06:00:00,0,0.0,6
2320127002,2016-05-01 07:00:00,0,0.0,7
2320127002,2016-05-01 08:00:00,0,0.0,8
2320127002,2016-05-01 09:00:00,0,0.0,9
2320127002,2016-05-01 10:00:00,0,0.0,10
2320127002,2016-05-01 11:00:00,0,0.0,11
2320127002,2016-05-01 12:00:00,0,0.0,12
2320127002,2016-05-01 13:00:00,0,0.0,13
2320127002,2016-05-01 14:00:00,0,0.0,14
2320127002,2016-05-01 15:00:00,0,0.0,15
2320127002,2016-05-01 16:00:00,0,0.0,16
2320127002,2016-05-01 17:00:00,0,0.0,17
2320127002,2016-05-01 18:00:00,0,0.0,18
2320127002,2016-05-01 19:00:00,0,0.0,19
2320127002,2016-05-01 20:00:00,0,0.0,20
2320127002,2016-05-01 21:00:00,0,0.0,21
2320127002,2016-05-01 22:00:00,0,0.0,22
2320127002,2016-05-01 23:00:00,0,0.0,23
2320127002,2016-05-02 00:00:00,0,0.0,0
2320127002,2016-05-02 01:00:00,13,0.216667,1
2320127002,2016-05-02 02:00:00,16,0.266667,2
2320127002,2016-05-02 03:00:00,21,0.35,3
2320127002,2016-05-02 04:00:00,10,0.166667,4
2320127002,2016-05-02 05:00:00,0,0.0,5
2320127002,2016-05-02 06:00:00,0,0.0,6
2320127002,2016-05-02 07:00:00,0,0.0,7
2320127002,2016-05-02 08:00:00,0,0.0,8
2320127002,2016-05-02 09:00:00,0,0.0,9
2320127002,2016-05-02 10:00:00,0,0.0,10
2320127002,2016-05-02 11:00:00,0,0.0,11
2320127002,2016-05-02 12:00:00,0,0.0,12
2320127002,2016-05-02 13:00:00,0,0.0,13
2320127002,2016-05-02 14:00:00,0,0.0,14
2320127002,2016-05-02 15:00:00,0,0.0,15
2320127002,2016-05-02 16:00:00,0,0.0,16
2320127002,2016-05-02 17:00:00,0,0.0,17
2320127002,2016-05-02 18:00:00,0,0.0,18
2320127002,2016-05-02 19:00:00,7,0.116667,19
2320127002,2016-05-02 20:00:00,29,0.483333,20
2320127002,2016-05-02 21:00:00,41,0.683333,21
2320127002,2016-05-02 22:00:00,13,0.216667,22
2320127002,2016-05-02 23:00:00,0,0.0,23
2320127002,2016-05-03 00:00:00,0,0.0,0
2320127002,2016-05-03 01:00:00,0,0.0,1
2320127002,2016-05-03 02:00:00,0,0.0,2
2320127002,2016-05-03 03:00:00,0,0.0,3
2320127002,2016-05-03 04:00:00,0,0.0,4
2320127002,2016-05-03 05:00:00,19,0.316667,5
2320127002,2016-05-03 06:00:00,22,0.366667,6
2320127002,2016-05-03 07:00:00,40,0.666667,7
2320127002,2016-05-03 08:00:00,24,0.4,8
2320127002,2016-05-03 09:00:00,0,0.0,9
2320127002,2016-05-03 10:00:00,0,0.0,10
2320127002,2016-05-03 11:00:00,0,0.0,11
2320127002,2016-05-03 12:00:00,0,0.0,12
2320127002,2016-05-03 13:00:00,0,0.0,13
2320127002,2016-05-03 14:00:00,0,0.0,14
2320127002,2016-05-03 15:00:00,0,0.0,15
2320127002,2016-05-03 16:00:00,0,0.0,16
2320127002,2016-05-03 17:00:00,3,0.05,17
2320127002,2016-05-03 18:00:00,15,0.25,18
2320127002,2016-05-03 19:00:00,28,0.466667,19
2320127002,2016-05-03 20:00:00,61,1.016667,20
2320127002,2016-05-03 21:00:00,27,0.45,21
2320127002,2016-05-03 22:00:00,46,0.766667,22
2320127002,2016-05-03 23:00:00,1,0.016667,23
2320127002,2016-05-04 00:00:00,0,0.0,0
2320127002,2016-05-04 01:00:00,0,0.0,1
2320127002,2016-05-04 02:00:00,0,0.0,2
2320127002,2016-05-04 03:00:00,0,0.0,3
2320127002,2016-05-04 04:00:00,3,0.05,4
2320127002,2016-05-04 05:00:00,0,0.0,5
2320127002,2016-05-04 06:00:00,16,0.266667,6
2320127002,2016-05-04 07:00:00,33,0.55,7
2320127002,2016-05-04 08:00:00,0,0.0,8
2320127002,2016-05-04 09:00:00,0,0.0,9
2320127002,2016-05-04 10:00:00,0,0.0,10
2320127002,2016-05-04 11:00:00,0,0.0,11
2320127002,2016-05-04 12:00:00,0,0.0,12
2320127002,2016-05-04 13:00:00,0,0.0,13
2320127002,2016-05-04 14:00:00,0,0.0,14
2320127002,2016-05-04 15:00:00,0,0.0,15
2320127002,2016-05-04 16:00:00,0,0.0,16
2320127002,2016-05-04 17:00:00,0,0.0,17
2320127002,2016-05-04 18:00:00,0,0.0,18
2320127002,2016-05-04 19:00:00,0,0.0,19
2320127002,2016-05-04 20:00:00,0,0.0,20
2320127002,2016-05-04 21:00:00,0,0.0,21
2320127002,2016-05-04 22:00:00,0,0.0,22
2320127002,2016-05-04 23:00:00,0,0.0,23
2320127002,2016-05-05 00:00:00,0,0.0,0
2320127002,2016-05-05 01:00:00,0,0.0,1
2320127002,2016-05-05 02:00:00,0,0.0,2
2320127002,2016-05-05 03:00:00,0,0.0,3
2320127002,2016-05-05 04:00:00,0,0.0,4
2320127002,2016-05-05 05:00:00,0,0.0,5
2320127002,2016-05-05 06:00:00,18,0.3,6
2320127002,2016-05-05 07:00:00,31,0.516667,7
2320127002,2016-05-05 08:00:00,26,0.433333,8
2320127002,2016-05-05 09:00:00,34,0.566667,9
2320127002,2016-05-05 10:00:00,27,0.45,10
2320127002,2016-05-05 11:00:00,23,0.383333,11
2320127002,2016-05-05 12:00:00,18,0.3,12
2320127002,2016-05-05 13:00:00,8,0.133333,13
2320127002,2016-05-05 14:00:00,0,0.0,14
2320127002,2016-05-05 15:00:00,0,0.0,15
2320127002,2016-05-05 16:00:00,0,0.0,16
2320127002,2016-05-05 17:00:00,4,0.066667,17
2320127002,2016-05-05 18:00:00,6,0.1,18
2320127002,2016-05-05 19:00:00,20,0.333333,19
2320127002,2016-05-05 20:00:00,15,0.25,20
2320127002,2016-05-05 21:00:00,11,0.183333,21
2320127002,2016-05-05 22:00:00,4,0.066667,22
2320127002,2016-05-05 23:00:00,0,0.0,23
2320127002,2016-05-06 00:00:00,0,0.0,0
2320127002,2016-05-06 01:00:00,0,0.0,1
2320127002,2016-05-06 02:00:00,0,0.0,2
2320127002,2016-05-06 03:00:00,0,0.0,3
2320127002,2016-05-06 04:00:00,0,0.0,4
2320127002,2016-05-06 05:00:00,7,0.116667,5
2320127002,2016-05-06 06:00:00,29,0.483333,6
2320127002,2016-05-06 07:00:00,19,0.316667,7
2320127002,2016-05-06 08:00:00,13,0.216667,8
2320127002,2016-05-06 09:00:00,17,0.283333,9
2320127002,2016-05-06 10:00:00,25,0.416667,10
2320127002,2016-05-06 11:00:00,27,0.45,11
2320127002,2016-05-06 12:00:00,15,0.25,12
2320127002,2016-05-06 13:00:00,0,0.0,13
2320127002,2016-05-06 14:00:00,0,0.0,14
2320127002,2016-05-06 15:00:00,0,0.0,15
2320127002,2016-05-06 16:00:00,0,0.0,16
2320127002,2016-05-06 17:00:00,0,0.0,17
2320127002,2016-05-06 18:00:00,0,0.0,18
2320127002,2016-05-06 19:00:00,0,0.0,19
2320127002,2016-05-06 20:00:00,12,0.2,20
2320127002,2016-05-06 21:00:00,15,0.25,21
2320127002,2016-05-06 22:00:00,17,0.283333,22
2320127002,2016-05-06 23:00:00,8,0.133333,23
2320127002,2016-05-07 00:00:00,0,0.0,0
2320127002,2016-05-07 01:00:00,0,0.0,1
2320127002,2016-05-07 02:00:00,0,0.0,2
2320127002,2016-05-07 03:00:00,0,0.0,3
2320127002,2016-05-07 04:00:00,0,0.0,4
2320127002,2016-05-07 05:00:00,13,0.216667,5
2320127002,2016-05-07 06:00:00,10,0.166667,6
2320127002,2016-05-07 07:00:00,14,0.233333,7
2320127002,2016-05-07 08:00:00,18,0.3,8
2320127002,2016-05-07 09:00:00,33,0.55,9
2320127002,2016-05-07 10:00:00,16,0.266667,10
2320127002,2016-05-07 11:00:00,15,0.25,11
2320127002,2016-05-07 12:00:00,25,0.416667,12
2320127002,2016-05-07 13:00:00,12,0.2,13
2320127002,2016-05-07 14:00:00,25,0.416667,14
2320127002,2016-05-07 15:00:00,32,0.533333,15
2320127002,2016-05-07 16:00:00,26,0.433333,16
2320127002,2016-05-07 17:00:00,16,0.266667,17
2320127002,2016-05-07 18:00:00,0,0.0,18
2320127002,2016-05-07 19:00:00,0,0.0,19
2320127002,2016-05-07 20:00:00,6,0.1,20
2320127002,2016-05-07 21:00:00,16,0.266667,21
2320127002,2016-05-07 22:00:00,27,0.45,22
2320127002,2016-05-07 23:00:00,15,0.25,23
2320127002,2016-05-08 00:00:00,0,0.0,0
2320127002,2016-05-08 01:00:00,0,0.0,1
2320127002,2016-05-08 02:00:00,0,0.0,2
2320127002,2016-05-08 03:00:00,0,0.0,3
2320127002,2016-05-08 04:00:00,0,0.0,4
2320127002,2016-05-08 05:00:00,0,0.0,5
2320127002,2016-05-08 06:00:00,0,0.0,6
2320127002,2016-05-08 07:00:00,0,0.0,7
2320127002,2016-05-08 08:00:00,9,0.15,8
2320127002,2016-05-08 09:00:00,14,0.233333,9
2320127002,2016-05-08 10:00:00,22,0.366667,10
2320127002,2016-05-08 11:00:00,24,0.4,11
2320127002,2016-05-08 12:00:00,22,0.366667,12
2320127002,2016-05-08 13:00:00,27,0.45,13
2320127002,2016-05-08 14:00:00,2,0.033333,14
2320127002,2016-05-08 15:00:00,0,0.0,15
2320127002,2016-05-08 16:00:00,9,0.15,16
2320127002,2016-05-08 17:00:00,24,0.4,17
2320127002,2016-05-08 18:00:00,19,0.316667,18
2320127002,2016-05-08 19:00:00,23,0.383333,19
2320127002,2016-05-08 20:00:00,11,0.183333,20
2320127002,2016-05-08 21:00:00,18,0.3,21
2320127002,2016-05-08 22:00:00,12,0.2,22
2320127002,2016-05-08 23:00:00,11,0.183333,23
2320127002,2016-05-09 00:00:00,16,0.266667,0
2320127002,2016-05-09 01:00:00,18,0.3,1
2320127002,2016-05-09 02:00:00,0,0.0,2
2320127002,2016-05-09 03:00:00,0,0.0,3
2320127002,2016-05-09 04:00:00,0,0.0,4
2320127002,2016-05-09 05:00:00,4,0.066667,5
2320127002,2016-05-09 06:00:00,12,0.2,6
2320127002,2016-05-09 07:00:00,22,0.366667,7
2320127002,2016-05-09 08:00:00,11,0.183333,8
2320127002,2016-05-09 09:00:00,10,0.166667,9
2320127002,2016-05-09 10:00:00,11,0.183333,10
2320127002,2016-05-09 11:00:00,0,0.0,11
2320127002,2016-05-09 12:00:00,0,0.0,12
2320127002,2016-05-09 13:00:00,0,0.0,13
2320127002,2016-05-09 14:00:00,0,0.0,14
2320127002,2016-05-09 15:00:00,19,0.316667,15
2320127002,2016-05-09 16:00:00,12,0.2,16
2320127002,2016-05-09 17:00:00,10,0.166667,17
2320127002,2016-05-09 18:00:00,0,0.0,18
2320127002,2016-05-09 19:00:00,0,0.0,19
2320127002,2016-05-09 20:00:00,0,0.0,20
2320127002,2016-05-09 21:00:00,0,0.0,21
2320127002,2016-05-09 22:00:00,0,0.0,22
2320127002,2016-05-09 23:00:00,0,0.0,23
2320127002,2016-05-10 00:00:00,0,0.0,0
2320127002,2016-05-10 01:00:00,0,0.0,1
2320127002,2016-05-10 02:00:00,0,0.0,2
2320127002,2016-05-10 03:00:00,0,0.0,3
2320127002,2016-05-10 04:00:00,0,0.0,4
2320127002,2016-05-10 05:00:00,0,0.0,5
2320127002,2016-05-10 06:00:00,6,0.1,6
2320127002,2016-05-10 07:00:00,21,0.35,7
2320127002,2016-05-10 08:00:00,11,0.183333,8
2320127002,2016-05-10 09:00:00,20,0.333333,9
2320127002,2016-05-10 10:00:00,18,0.3,10
2320127002,2016-05-10 11:00:00,38,0.633333,11
2320127002,2016-05-10 12:00:00,32,0.533333,12
2320127002,2016-05-10 13:00:00,17,0.283333,13
2320127002,2016-05-10 14:00:00,17,0.283333,14
2320127002,2016-05-10 15:00:00,19,0.316667,15
2320127002,2016-05-10 16:00:00,25,0.416667,16
2320127002,2016-05-10 17:00:00,13,0.216667,17
2320127002,2016-05-10 18:00:00,20,0.333333,18
2320127002,2016-05-10 19:00:00,13,0.216667,19
2320127002,2016-05-10 20:00:00,18,0.3,20
2320127002,2016-05-10 21:00:00,2,0.033333,21
2320127002,2016-05-10 22:00:00,0,0.0,22
2320127002,2016-05-10 23:00:00,0,0.0,23
2320127002,2016-05-11 00:00:00,0,0.0,0
2320127002,2016-05-11 01:00:00,0,0.0,1
2320127002,2016-05-11 02:00:00,0,0.0,2
2320127002,2016-05-11 03:00:00,0,0.0,3
2320127002,2016-05-11 04:00:00,0,0.0,4
2320127002,2016-05-11 05:00:00,0,0.0,5
2320127002,2016-05-11 06:00:00,0,0.0,6
2320127002,2016-05-11 07:00:00,0,0.0,7
2320127002,2016-05-11 08:00:00,0,0.0,8
2320127002,2016-05-11 09:00:00,1,0.016667,9
2320127002,2016-05-11 10:00:00,25,0.416667,10
2320127002,2016-05-11 11:00:00,17,0.283333,11
2320127002,2016-05-11 12:00:00,24,0.4,12
2320127002,2016-05-11 13:00:00,14,0.233333,13
2320127002,2016-05-11 14:00:00,11,0.183333,14
2320127002,2016-05-11 15:00:00,20,0.333333,15
2320127002,2016-05-11 16:00:00,20,0.333333,16
2320127002,2016-05-11 17:00:00,34,0.566667,17
2320127002,2016-05-11 18:00:00,9,0.15,18
2320127002,2016-05-11 19:00:00,17,0.283333,19
2320127002,2016-05-11 20:00:00,30,0.5,20
2320127002,2016-05-11 21:00:00,25,0.416667,21
2320127002,2016-05-11 22:00:00,32,0.533333,22
2320127002,2016-05-11 23:00:00,21,0.35,23
2320127002,2016-05-12 00:00:00,0,0.0,0
2320127002,2016-05-12 01:00:00,0,0.0,1
2320127002,2016-05-12 02:00:00,0,0.0,2
2320127002,2016-05-12 03:00:00,0,0.0,3
2320127002,2016-05-12 04:00:00,0,0.0,4
2320127002,2016-05-12 05:00:00,0,0.0,5
2320127002,2016-05-12 06:00:00,0,0.0,6
2320127002,2016-05-12 07:00:00,0,0.0,7
2320127002,2016-05-12 08:00:00,0,0.0,8
2320127002,2016-05-12 09:00:00,8,0.133333,9
2320127002,2016-05-12 10:00:00,30,0.5,10
2320127002,2016-05-12 11:00:00,26,0.433333,11
2320127002,2016-05-12 12:00:00,28,0.466667,12
2320127002,2016-05-12 13:00:00,16,0.266667,13
2320127002,2016-05-12 14:00:00,16,0.266667,14
2347167796,2016-04-12 00:00:00,0,0.0,0
2347167796,2016-04-12 01:00:00,0,0.0,1
2347167796,2016-04-12 02:00:00,0,0.0,2
2347167796,2016-04-12 03:00:00,0,0.0,3
2347167796,2016-04-12 04:00:00,0,0.0,4
2347167796,2016-04-12 05:00:00,0,0.0,5
2347167796,2016-04-12 06:00:00,0,0.0,6
2347167796,2016-04-12 07:00:00,22,0.366667,7
2347167796,2016-04-12 08:00:00,48,0.8,8
2347167796,2016-04-12 09:00:00,13,0.216667,9
2347167796,2016-04-12 10:00:00,7,0.116667,10
2347167796,2016-04-12 11:00:00,29,0.483333,11
2347167796,2016-04-12 12:00:00,11,0.183333,12
2347167796,2016-04-12 13:00:00,22,0.366667,13
2347167796,2016-04-12 14:00:00,32,0.533333,14
2347167796,2016-04-12 15:00:00,41,0.683333,15
2347167796,2016-04-12 16:00:00,13,0.216667,16
2347167796,2016-04-12 17:00:00,17,0.283333,17
2347167796,2016-04-12 18:00:00,36,0.6,18
2347167796,2016-04-12 19:00:00,19,0.316667,19
2347167796,2016-04-12 20:00:00,46,0.766667,20
2347167796,2016-04-12 21:00:00,73,1.216667,21
2347167796,2016-04-12 22:00:00,1,0.016667,22
2347167796,2016-04-12 23:00:00,0,0.0,23
2347167796,2016-04-13 00:00:00,0,0.0,0
2347167796,2016-04-13 01:00:00,0,0.0,1
2347167796,2016-04-13 02:00:00,0,0.0,2
2347167796,2016-04-13 03:00:00,0,0.0,3
2347167796,2016-04-13 04:00:00,0,0.0,4
2347167796,2016-04-13 05:00:00,0,0.0,5
2347167796,2016-04-13 06:00:00,1,0.016667,6
2347167796,2016-04-13 07:00:00,62,1.033333,7
2347167796,2016-04-13 08:00:00,25,0.416667,8
2347167796,2016-04-13 09:00:00,2,0.033333,9
2347167796,2016-04-13 10:00:00,11,0.183333,10
2347167796,2016-04-13 11:00:00,5,0.083333,11
2347167796,2016-04-13 12:00:00,17,0.283333,12
2347167796,2016-04-13 13:00:00,34,0.566667,13
2347167796,2016-04-13 14:00:00,11,0.183333,14
2347167796,2016-04-13 15:00:00,9,0.15,15
2347167796,2016-04-13 16:00:00,16,0.266667,16
2347167796,2016-04-13 17:00:00,8,0.133333,17
2347167796,2016-04-13 18:00:00,35,0.583333,18
2347167796,2016-04-13 19:00:00,2,0.033333,19
2347167796,2016-04-13 20:00:00,15,0.25,20
2347167796,2016-04-13 21:00:00,59,0.983333,21
2347167796,2016-04-13 22:00:00,4,0.066667,22
2347167796,2016-04-13 23:00:00,0,0.0,23
2347167796,2016-04-14 00:00:00,1,0.016667,0
2347167796,2016-04-14 01:00:00,0,0.0,1
2347167796,2016-04-14 02:00:00,0,0.0,2
2347167796,2016-04-14 03:00:00,0,0.0,3
2347167796,2016-04-14 04:00:00,0,0.0,4
2347167796,2016-04-14 05:00:00,0,0.0,5
2347167796,2016-04-14 06:00:00,2,0.033333,6
2347167796,2016-04-14 07:00:00,72,1.2,7
2347167796,2016-04-14 08:00:00,24,0.4,8
2347167796,2016-04-14 09:00:00,10,0.166667,9
2347167796,2016-04-14 10:00:00,12,0.2,10
2347167796,2016-04-14 11:00:00,12,0.2,11
2347167796,2016-04-14 12:00:00,10,0.166667,12
2347167796,2016-04-14 13:00:00,56,0.933333,13
2347167796,2016-04-14 14:00:00,16,0.266667,14
2347167796,2016-04-14 15:00:00,9,0.15,15
2347167796,2016-04-14 16:00:00,12,0.2,16
2347167796,2016-04-14 17:00:00,8,0.133333,17
2347167796,2016-04-14 18:00:00,39,0.65,18
2347167796,2016-04-14 19:00:00,8,0.133333,19
2347167796,2016-04-14 20:00:00,2,0.033333,20
2347167796,2016-04-14 21:00:00,7,0.116667,21
2347167796,2016-04-14 22:00:00,5,0.083333,22
2347167796,2016-04-14 23:00:00,0,0.0,23
2347167796,2016-04-15 00:00:00,0,0.0,0
2347167796,2016-04-15 01:00:00,0,0.0,1
2347167796,2016-04-15 02:00:00,2,0.033333,2
2347167796,2016-04-15 03:00:00,0,0.0,3
2347167796,2016-04-15 04:00:00,0,0.0,4
2347167796,2016-04-15 05:00:00,0,0.0,5
2347167796,2016-04-15 06:00:00,1,0.016667,6
2347167796,2016-04-15 07:00:00,69,1.15,7
2347167796,2016-04-15 08:00:00,25,0.416667,8
2347167796,2016-04-15 09:00:00,16,0.266667,9
2347167796,2016-04-15 10:00:00,4,0.066667,10
2347167796,2016-04-15 11:00:00,10,0.166667,11
2347167796,2016-04-15 12:00:00,14,0.233333,12
2347167796,2016-04-15 13:00:00,15,0.25,13
2347167796,2016-04-15 14:00:00,8,0.133333,14
2347167796,2016-04-15 15:00:00,2,0.033333,15
2347167796,2016-04-15 16:00:00,16,0.266667,16
2347167796,2016-04-15 17:00:00,2,0.033333,17
2347167796,2016-04-15 18:00:00,51,0.85,18
2347167796,2016-04-15 19:00:00,39,0.65,19
2347167796,2016-04-15 20:00:00,28,0.466667,20
2347167796,2016-04-15 21:00:00,16,0.266667,21
2347167796,2016-04-15 22:00:00,17,0.283333,22
2347167796,2016-04-15 23:00:00,0,0.0,23
2347167796,2016-04-16 00:00:00,0,0.0,0
2347167796,2016-04-16 01:00:00,0,0.0,1
2347167796,2016-04-16 02:00:00,0,0.0,2
2347167796,2016-04-16 03:00:00,0,0.0,3
2347167796,2016-04-16 04:00:00,0,0.0,4
2347167796,2016-04-16 05:00:00,0,0.0,5
2347167796,2016-04-16 06:00:00,0,0.0,6
2347167796,2016-04-16 07:00:00,34,0.566667,7
2347167796,2016-04-16 08:00:00,130,2.166667,8
2347167796,2016-04-16 09:00:00,132,2.2,9
2347167796,2016-04-16 10:00:00,24,0.4,10
2347167796,2016-04-16 11:00:00,31,0.516667,11
2347167796,2016-04-16 12:00:00,23,0.383333,12
2347167796,2016-04-16 13:00:00,13,0.216667,13
2347167796,2016-04-16 14:00:00,0,0.0,14
2347167796,2016-04-16 15:00:00,0,0.0,15
2347167796,2016-04-16 16:00:00,0,0.0,16
2347167796,2016-04-16 17:00:00,36,0.6,17
2347167796,2016-04-16 18:00:00,40,0.666667,18
2347167796,2016-04-16 19:00:00,35,0.583333,19
2347167796,2016-04-16 20:00:00,48,0.8,20
2347167796,2016-04-16 21:00:00,47,0.783333,21
2347167796,2016-04-16 22:00:00,17,0.283333,22
2347167796,2016-04-16 23:00:00,0,0.0,23
2347167796,2016-04-17 00:00:00,0,0.0,0
2347167796,2016-04-17 01:00:00,0,0.0,1
2347167796,2016-04-17 02:00:00,0,0.0,2
2347167796,2016-04-17 03:00:00,0,0.0,3
2347167796,2016-04-17 04:00:00,1,0.016667,4
2347167796,2016-04-17 05:00:00,0,0.0,5
2347167796,2016-04-17 06:00:00,0,0.0,6
2347167796,2016-04-17 07:00:00,3,0.05,7
2347167796,2016-04-17 08:00:00,3,0.05,8
2347167796,2016-04-17 09:00:00,8,0.133333,9
2347167796,2016-04-17 10:00:00,31,0.516667,10
2347167796,2016-04-17 11:00:00,48,0.8,11
2347167796,2016-04-17 12:00:00,2,0.033333,12
2347167796,2016-04-17 13:00:00,35,0.583333,13
2347167796,2016-04-17 14:00:00,32,0.533333,14
2347167796,2016-04-17 15:00:00,11,0.183333,15
2347167796,2016-04-17 16:00:00,8,0.133333,16
2347167796,2016-04-17 17:00:00,17,0.283333,17
2347167796,2016-04-17 18:00:00,19,0.316667,18
2347167796,2016-04-17 19:00:00,17,0.283333,19
2347167796,2016-04-17 20:00:00,16,0.266667,20
2347167796,2016-04-17 21:00:00,15,0.25,21
2347167796,2016-04-17 22:00:00,0,0.0,22
2347167796,2016-04-17 23:00:00,0,0.0,23
2347167796,2016-04-18 00:00:00,1,0.016667,0
2347167796,2016-04-18 01:00:00,0,0.0,1
2347167796,2016-04-18 02:00:00,0,0.0,2
2347167796,2016-04-18 03:00:00,0,0.0,3
2347167796,2016-04-18 04:00:00,0,0.0,4
2347167796,2016-04-18 05:00:00,0,0.0,5
2347167796,2016-04-18 06:00:00,2,0.033333,6
2347167796,2016-04-18 07:00:00,20,0.333333,7
2347167796,2016-04-18 08:00:00,23,0.383333,8
2347167796,2016-04-18 09:00:00,4,0.066667,9
2347167796,2016-04-18 10:00:00,10,0.166667,10
2347167796,2016-04-18 11:00:00,8,0.133333,11
2347167796,2016-04-18 12:00:00,7,0.116667,12
2347167796,2016-04-18 13:00:00,38,0.633333,13
2347167796,2016-04-18 14:00:00,21,0.35,14
2347167796,2016-04-18 15:00:00,6,0.1,15
2347167796,2016-04-18 16:00:00,12,0.2,16
2347167796,2016-04-18 17:00:00,5,0.083333,17
2347167796,2016-04-18 18:00:00,31,0.516667,18
2347167796,2016-04-18 19:00:00,11,0.183333,19
2347167796,2016-04-18 20:00:00,64,1.066667,20
2347167796,2016-04-18 21:00:00,6,0.1,21
2347167796,2016-04-18 22:00:00,2,0.033333,22
2347167796,2016-04-18 23:00:00,0,0.0,23
2347167796,2016-04-19 00:00:00,0,0.0,0
2347167796,2016-04-19 01:00:00,0,0.0,1
2347167796,2016-04-19 02:00:00,0,0.0,2
2347167796,2016-04-19 03:00:00,0,0.0,3
2347167796,2016-04-19 04:00:00,0,0.0,4
2347167796,2016-04-19 05:00:00,1,0.016667,5
2347167796,2016-04-19 06:00:00,4,0.066667,6
2347167796,2016-04-19 07:00:00,13,0.216667,7
2347167796,2016-04-19 08:00:00,28,0.466667,8
2347167796,2016-04-19 09:00:00,17,0.283333,9
2347167796,2016-04-19 10:00:00,30,0.5,10
2347167796,2016-04-19 11:00:00,57,0.95,11
2347167796,2016-04-19 12:00:00,44,0.733333,12
2347167796,2016-04-19 13:00:00,22,0.366667,13
2347167796,2016-04-19 14:00:00,20,0.333333,14
2347167796,2016-04-19 15:00:00,30,0.5,15
2347167796,2016-04-19 16:00:00,26,0.433333,16
2347167796,2016-04-19 17:00:00,7,0.116667,17
2347167796,2016-04-19 18:00:00,37,0.616667,18
2347167796,2016-04-19 19:00:00,26,0.433333,19
2347167796,2016-04-19 20:00:00,20,0.333333,20
2347167796,2016-04-19 21:00:00,14,0.233333,21
2347167796,2016-04-19 22:00:00,0,0.0,22
2347167796,2016-04-19 23:00:00,0,0.0,23
2347167796,2016-04-20 00:00:00,0,0.0,0
2347167796,2016-04-20 01:00:00,0,0.0,1
2347167796,2016-04-20 02:00:00,0,0.0,2
2347167796,2016-04-20 03:00:00,0,0.0,3
2347167796,2016-04-20 04:00:00,0,0.0,4
2347167796,2016-04-20 05:00:00,0,0.0,5
2347167796,2016-04-20 06:00:00,0,0.0,6
2347167796,2016-04-20 07:00:00,67,1.116667,7
2347167796,2016-04-20 08:00:00,27,0.45,8
2347167796,2016-04-20 09:00:00,5,0.083333,9
2347167796,2016-04-20 10:00:00,8,0.133333,10
2347167796,2016-04-20 11:00:00,5,0.083333,11
2347167796,2016-04-20 12:00:00,15,0.25,12
2347167796,2016-04-20 13:00:00,17,0.283333,13
2347167796,2016-04-20 14:00:00,14,0.233333,14
2347167796,2016-04-20 15:00:00,10,0.166667,15
2347167796,2016-04-20 16:00:00,18,0.3,16
2347167796,2016-04-20 17:00:00,25,0.416667,17
2347167796,2016-04-20 18:00:00,68,1.133333,18
2347167796,2016-04-20 19:00:00,38,0.633333,19
2347167796,2016-04-20 20:00:00,51,0.85,20
2347167796,2016-04-20 21:00:00,12,0.2,21
2347167796,2016-04-20 22:00:00,8,0.133333,22
2347167796,2016-04-20 23:00:00,0,0.0,23
2347167796,2016-04-21 00:00:00,1,0.016667,0
2347167796,2016-04-21 01:00:00,0,0.0,1
2347167796,2016-04-21 02:00:00,1,0.016667,2
2347167796,2016-04-21 03:00:00,0,0.0,3
2347167796,2016-04-21 04:00:00,0,0.0,4
2347167796,2016-04-21 05:00:00,0,0.0,5
2347167796,2016-04-21 06:00:00,5,0.083333,6
2347167796,2016-04-21 07:00:00,13,0.216667,7
2347167796,2016-04-21 08:00:00,24,0.4,8
2347167796,2016-04-21 09:00:00,2,0.033333,9
2347167796,2016-04-21 10:00:00,10,0.166667,10
2347167796,2016-04-21 11:00:00,11,0.183333,11
2347167796,2016-04-21 12:00:00,21,0.35,12
2347167796,2016-04-21 13:00:00,13,0.216667,13
2347167796,2016-04-21 14:00:00,20,0.333333,14
2347167796,2016-04-21 15:00:00,9,0.15,15
2347167796,2016-04-21 16:00:00,8,0.133333,16
2347167796,2016-04-21 17:00:00,5,0.083333,17
2347167796,2016-04-21 18:00:00,29,0.483333,18
2347167796,2016-04-21 19:00:00,18,0.3,19
2347167796,2016-04-21 20:00:00,47,0.783333,20
2347167796,2016-04-21 21:00:00,88,1.466667,21
2347167796,2016-04-21 22:00:00,4,0.066667,22
2347167796,2016-04-21 23:00:00,0,0.0,23
2347167796,2016-04-22 00:00:00,0,0.0,0
2347167796,2016-04-22 01:00:00,0,0.0,1
2347167796,2016-04-22 02:00:00,0,0.0,2
2347167796,2016-04-22 03:00:00,0,0.0,3
2347167796,2016-04-22 04:00:00,4,0.066667,4
2347167796,2016-04-22 05:00:00,1,0.016667,5
2347167796,2016-04-22 06:00:00,1,0.016667,6
2347167796,2016-04-22 07:00:00,95,1.583333,7
2347167796,2016-04-22 08:00:00,22,0.366667,8
2347167796,2016-04-22 09:00:00,5,0.083333,9
2347167796,2016-04-22 10:00:00,7,0.116667,10
2347167796,2016-04-22 11:00:00,7,0.116667,11
2347167796,2016-04-22 12:00:00,18,0.3,12
2347167796,2016-04-22 13:00:00,21,0.35,13
2347167796,2016-04-22 14:00:00,18,0.3,14
2347167796,2016-04-22 15:00:00,19,0.316667,15
2347167796,2016-04-22 16:00:00,14,0.233333,16
2347167796,2016-04-22 17:00:00,20,0.333333,17
2347167796,2016-04-22 18:00:00,26,0.433333,18
2347167796,2016-04-22 19:00:00,2,0.033333,19
2347167796,2016-04-22 20:00:00,5,0.083333,20
2347167796,2016-04-22 21:00:00,0,0.0,21
2347167796,2016-04-22 22:00:00,0,0.0,22
2347167796,2016-04-22 23:00:00,2,0.033333,23
2347167796,2016-04-23 00:00:00,0,0.0,0
2347167796,2016-04-23 01:00:00,0,0.0,1
2347167796,2016-04-23 02:00:00,0,0.0,2
2347167796,2016-04-23 03:00:00,1,0.016667,3
2347167796,2016-04-23 04:00:00,0,0.0,4
2347167796,2016-04-23 05:00:00,0,0.0,5
2347167796,2016-04-23 06:00:00,2,0.033333,6
2347167796,2016-04-23 07:00:00,7,0.116667,7
2347167796,2016-04-23 08:00:00,105,1.75,8
2347167796,2016-04-23 09:00:00,13,0.216667,9
2347167796,2016-04-23 10:00:00,27,0.45,10
2347167796,2016-04-23 11:00:00,53,0.883333,11
2347167796,2016-04-23 12:00:00,36,0.6,12
2347167796,2016-04-23 13:00:00,72,1.2,13
2347167796,2016-04-23 14:00:00,18,0.3,14
2347167796,2016-04-23 15:00:00,8,0.133333,15
2347167796,2016-04-23 16:00:00,12,0.2,16
2347167796,2016-04-23 17:00:00,38,0.633333,17
2347167796,2016-04-23 18:00:00,27,0.45,18
2347167796,2016-04-23 19:00:00,23,0.383333,19
2347167796,2016-04-23 20:00:00,33,0.55,20
2347167796,2016-04-23 21:00:00,14,0.233333,21
2347167796,2016-04-23 22:00:00,29,0.483333,22
2347167796,2016-04-23 23:00:00,8,0.133333,23
2347167796,2016-04-24 00:00:00,0,0.0,0
2347167796,2016-04-24 01:00:00,0,0.0,1
2347167796,2016-04-24 02:00:00,0,0.0,2
2347167796,2016-04-24 03:00:00,0,0.0,3
2347167796,2016-04-24 04:00:00,0,0.0,4
2347167796,2016-04-24 05:00:00,0,0.0,5
2347167796,2016-04-24 06:00:00,1,0.016667,6
2347167796,2016-04-24 07:00:00,12,0.2,7
2347167796,2016-04-24 08:00:00,32,0.533333,8
2347167796,2016-04-24 09:00:00,24,0.4,9
2347167796,2016-04-24 10:00:00,26,0.433333,10
2347167796,2016-04-24 11:00:00,36,0.6,11
2347167796,2016-04-24 12:00:00,7,0.116667,12
2347167796,2016-04-24 13:00:00,29,0.483333,13
2347167796,2016-04-24 14:00:00,17,0.283333,14
2347167796,2016-04-24 15:00:00,15,0.25,15
2347167796,2016-04-24 16:00:00,8,0.133333,16
2347167796,2016-04-24 17:00:00,11,0.183333,17
2347167796,2016-04-24 18:00:00,35,0.583333,18
2347167796,2016-04-24 19:00:00,49,0.816667,19
2347167796,2016-04-24 20:00:00,31,0.516667,20
2347167796,2016-04-24 21:00:00,27,0.45,21
2347167796,2016-04-24 22:00:00,0,0.0,22
2347167796,2016-04-24 23:00:00,0,0.0,23
2347167796,2016-04-25 00:00:00,0,0.0,0
2347167796,2016-04-25 01:00:00,0,0.0,1
2347167796,2016-04-25 02:00:00,1,0.016667,2
2347167796,2016-04-25 03:00:00,0,0.0,3
2347167796,2016-04-25 04:00:00,0,0.0,4
2347167796,2016-04-25 05:00:00,1,0.016667,5
2347167796,2016-04-25 06:00:00,2,0.033333,6
2347167796,2016-04-25 07:00:00,14,0.233333,7
2347167796,2016-04-25 08:00:00,28,0.466667,8
2347167796,2016-04-25 09:00:00,11,0.183333,9
2347167796,2016-04-25 10:00:00,14,0.233333,10
2347167796,2016-04-25 11:00:00,7,0.116667,11
2347167796,2016-04-25 12:00:00,20,0.333333,12
2347167796,2016-04-25 13:00:00,8,0.133333,13
2347167796,2016-04-25 14:00:00,15,0.25,14
2347167796,2016-04-25 15:00:00,15,0.25,15
2347167796,2016-04-25 16:00:00,10,0.166667,16
2347167796,2016-04-25 17:00:00,16,0.266667,17
2347167796,2016-04-25 18:00:00,67,1.116667,18
2347167796,2016-04-25 19:00:00,65,1.083333,19
2347167796,2016-04-25 20:00:00,23,0.383333,20
2347167796,2016-04-25 21:00:00,10,0.166667,21
2347167796,2016-04-25 22:00:00,17,0.283333,22
2347167796,2016-04-25 23:00:00,0,0.0,23
2347167796,2016-04-26 00:00:00,0,0.0,0
2347167796,2016-04-26 01:00:00,0,0.0,1
2347167796,2016-04-26 02:00:00,0,0.0,2
2347167796,2016-04-26 03:00:00,0,0.0,3
2347167796,2016-04-26 04:00:00,0,0.0,4
2347167796,2016-04-26 05:00:00,0,0.0,5
2347167796,2016-04-26 06:00:00,8,0.133333,6
2347167796,2016-04-26 07:00:00,7,0.116667,7
2347167796,2016-04-26 08:00:00,26,0.433333,8
2347167796,2016-04-26 09:00:00,11,0.183333,9
2347167796,2016-04-26 10:00:00,13,0.216667,10
2347167796,2016-04-26 11:00:00,12,0.2,11
2347167796,2016-04-26 12:00:00,14,0.233333,12
2347167796,2016-04-26 13:00:00,29,0.483333,13
2347167796,2016-04-26 14:00:00,11,0.183333,14
2347167796,2016-04-26 15:00:00,1,0.016667,15
2347167796,2016-04-26 16:00:00,7,0.116667,16
2347167796,2016-04-26 17:00:00,3,0.05,17
2347167796,2016-04-26 18:00:00,37,0.616667,18
2347167796,2016-04-26 19:00:00,19,0.316667,19
2347167796,2016-04-26 20:00:00,14,0.233333,20
2347167796,2016-04-26 21:00:00,12,0.2,21
2347167796,2016-04-26 22:00:00,3,0.05,22
2347167796,2016-04-26 23:00:00,0,0.0,23
2347167796,2016-04-27 00:00:00,0,0.0,0
2347167796,2016-04-27 01:00:00,0,0.0,1
2347167796,2016-04-27 02:00:00,0,0.0,2
2347167796,2016-04-27 03:00:00,0,0.0,3
2347167796,2016-04-27 04:00:00,0,0.0,4
2347167796,2016-04-27 05:00:00,0,0.0,5
2347167796,2016-04-27 06:00:00,2,0.033333,6
2347167796,2016-04-27 07:00:00,9,0.15,7
2347167796,2016-04-27 08:00:00,18,0.3,8
2347167796,2016-04-27 09:00:00,9,0.15,9
2347167796,2016-04-27 10:00:00,17,0.283333,10
2347167796,2016-04-27 11:00:00,14,0.233333,11
2347167796,2016-04-27 12:00:00,15,0.25,12
2347167796,2016-04-27 13:00:00,14,0.233333,13
2347167796,2016-04-27 14:00:00,25,0.416667,14
2347167796,2016-04-27 15:00:00,15,0.25,15
2347167796,2016-04-27 16:00:00,13,0.216667,16
2347167796,2016-04-27 17:00:00,24,0.4,17
2347167796,2016-04-27 18:00:00,36,0.6,18
2347167796,2016-04-27 19:00:00,117,1.95,19
2347167796,2016-04-27 20:00:00,36,0.6,20
2347167796,2016-04-27 21:00:00,21,0.35,21
2347167796,2016-04-27 22:00:00,5,0.083333,22
2347167796,2016-04-27 23:00:00,1,0.016667,23
2347167796,2016-04-28 00:00:00,1,0.016667,0
2347167796,2016-04-28 01:00:00,0,0.0,1
2347167796,2016-04-28 02:00:00,3,0.05,2
2347167796,2016-04-28 03:00:00,0,0.0,3
2347167796,2016-04-28 04:00:00,0,0.0,4
2347167796,2016-04-28 05:00:00,0,0.0,5
2347167796,2016-04-28 06:00:00,9,0.15,6
2347167796,2016-04-28 07:00:00,1,0.016667,7
2347167796,2016-04-28 08:00:00,34,0.566667,8
2347167796,2016-04-28 09:00:00,10,0.166667,9
2347167796,2016-04-28 10:00:00,4,0.066667,10
2347167796,2016-04-28 11:00:00,20,0.333333,11
2347167796,2016-04-28 12:00:00,13,0.216667,12
2347167796,2016-04-28 13:00:00,11,0.183333,13
2347167796,2016-04-28 14:00:00,14,0.233333,14
2347167796,2016-04-28 15:00:00,17,0.283333,15
2347167796,2016-04-28 16:00:00,14,0.233333,16
2347167796,2016-04-28 17:00:00,13,0.216667,17
2347167796,2016-04-28 18:00:00,25,0.416667,18
2347167796,2016-04-28 19:00:00,8,0.133333,19
2347167796,2016-04-28 20:00:00,13,0.216667,20
2347167796,2016-04-28 21:00:00,5,0.083333,21
2347167796,2016-04-28 22:00:00,14,0.233333,22
2347167796,2016-04-28 23:00:00,0,0.0,23
2347167796,2016-04-29 00:00:00,0,0.0,0
2347167796,2016-04-29 01:00:00,1,0.016667,1
2347167796,2016-04-29 02:00:00,0,0.0,2
2347167796,2016-04-29 03:00:00,0,0.0,3
2347167796,2016-04-29 04:00:00,1,0.016667,4
2347167796,2016-04-29 05:00:00,0,0.0,5
2873212765,2016-04-12 00:00:00,0,0.0,0
2873212765,2016-04-12 01:00:00,0,0.0,1
2873212765,2016-04-12 02:00:00,0,0.0,2
2873212765,2016-04-12 03:00:00,0,0.0,3
2873212765,2016-04-12 04:00:00,0,0.0,4
2873212765,2016-04-12 05:00:00,28,0.466667,5
2873212765,2016-04-12 06:00:00,8,0.133333,6
2873212765,2016-04-12 07:00:00,39,0.65,7
2873212765,2016-04-12 08:00:00,43,0.716667,8
2873212765,2016-04-12 09:00:00,49,0.816667,9
2873212765,2016-04-12 10:00:00,35,0.583333,10
2873212765,2016-04-12 11:00:00,7,0.116667,11
2873212765,2016-04-12 12:00:00,58,0.966667,12
2873212765,2016-04-12 13:00:00,29,0.483333,13
2873212765,2016-04-12 14:00:00,9,0.15,14
2873212765,2016-04-12 15:00:00,7,0.116667,15
2873212765,2016-04-12 16:00:00,12,0.2,16
2873212765,2016-04-12 17:00:00,12,0.2,17
2873212765,2016-04-12 18:00:00,40,0.666667,18
2873212765,2016-04-12 19:00:00,12,0.2,19
2873212765,2016-04-12 20:00:00,13,0.216667,20
2873212765,2016-04-12 21:00:00,3,0.05,21
2873212765,2016-04-12 22:00:00,0,0.0,22
2873212765,2016-04-12 23:00:00,0,0.0,23
2873212765,2016-04-13 00:00:00,0,0.0,0
2873212765,2016-04-13 01:00:00,0,0.0,1
2873212765,2016-04-13 02:00:00,0,0.0,2
2873212765,2016-04-13 03:00:00,0,0.0,3
2873212765,2016-04-13 04:00:00,0,0.0,4
2873212765,2016-04-13 05:00:00,24,0.4,5
2873212765,2016-04-13 06:00:00,15,0.25,6
2873212765,2016-04-13 07:00:00,20,0.333333,7
2873212765,2016-04-13 08:00:00,39,0.65,8
2873212765,2016-04-13 09:00:00,47,0.783333,9
2873212765,2016-04-13 10:00:00,38,0.633333,10
2873212765,2016-04-13 11:00:00,15,0.25,11
2873212765,2016-04-13 12:00:00,46,0.766667,12
2873212765,2016-04-13 13:00:00,32,0.533333,13
2873212765,2016-04-13 14:00:00,9,0.15,14
2873212765,2016-04-13 15:00:00,17,0.283333,15
2873212765,2016-04-13 16:00:00,20,0.333333,16
2873212765,2016-04-13 17:00:00,32,0.533333,17
2873212765,2016-04-13 18:00:00,17,0.283333,18
2873212765,2016-04-13 19:00:00,14,0.233333,19
2873212765,2016-04-13 20:00:00,10,0.166667,20
2873212765,2016-04-13 21:00:00,3,0.05,21
2873212765,2016-04-13 22:00:00,19,0.316667,22
2873212765,2016-04-13 23:00:00,3,0.05,23
2873212765,2016-04-14 00:00:00,0,0.0,0
2873212765,2016-04-14 01:00:00,0,0.0,1
2873212765,2016-04-14 02:00:00,0,0.0,2
2873212765,2016-04-14 03:00:00,0,0.0,3
2873212765,2016-04-14 04:00:00,0,0.0,4
2873212765,2016-04-14 05:00:00,0,0.0,5
2873212765,2016-04-14 06:00:00,16,0.266667,6
2873212765,2016-04-14 07:00:00,33,0.55,7
2873212765,2016-04-14 08:00:00,43,0.716667,8
2873212765,2016-04-14 09:00:00,28,0.466667,9
2873212765,2016-04-14 10:00:00,25,0.416667,10
2873212765,2016-04-14 11:00:00,10,0.166667,11
2873212765,2016-04-14 12:00:00,16,0.266667,12
2873212765,2016-04-14 13:00:00,29,0.483333,13
2873212765,2016-04-14 14:00:00,19,0.316667,14
2873212765,2016-04-14 15:00:00,17,0.283333,15
2873212765,2016-04-14 16:00:00,1,0.016667,16
2873212765,2016-04-14 17:00:00,20,0.333333,17
2873212765,2016-04-14 18:00:00,29,0.483333,18
2873212765,2016-04-14 19:00:00,14,0.233333,19
2873212765,2016-04-14 20:00:00,19,0.316667,20
2873212765,2016-04-14 21:00:00,12,0.2,21
2873212765,2016-04-14 22:00:00,0,0.0,22
2873212765,2016-04-14 23:00:00,0,0.0,23
2873212765,2016-04-15 00:00:00,0,0.0,0
2873212765,2016-04-15 01:00:00,0,0.0,1
2873212765,2016-04-15 02:00:00,0,0.0,2
2873212765,2016-04-15 03:00:00,0,0.0,3
2873212765,2016-04-15 04:00:00,0,0.0,4
2873212765,2016-04-15 05:00:00,27,0.45,5
2873212765,2016-04-15 06:00:00,29,0.483333,6
2873212765,2016-04-15 07:00:00,26,0.433333,7
2873212765,2016-04-15 08:00:00,24,0.4,8
2873212765,2016-04-15 09:00:00,34,0.566667,9
2873212765,2016-04-15 10:00:00,33,0.55,10
2873212765,2016-04-15 11:00:00,20,0.333333,11
2873212765,2016-04-15 12:00:00,43,0.716667,12
2873212765,2016-04-15 13:00:00,25,0.416667,13
2873212765,2016-04-15 14:00:00,40,0.666667,14
2873212765,2016-04-15 15:00:00,27,0.45,15
2873212765,2016-04-15 16:00:00,31,0.516667,16
2873212765,2016-04-15 17:00:00,16,0.266667,17
2873212765,2016-04-15 18:00:00,27,0.45,18
2873212765,2016-04-15 19:00:00,11,0.183333,19
2873212765,2016-04-15 20:00:00,27,0.45,20
2873212765,2016-04-15 21:00:00,8,0.133333,21
2873212765,2016-04-15 22:00:00,0,0.0,22
2873212765,2016-04-15 23:00:00,0,0.0,23
2873212765,2016-04-16 00:00:00,0,0.0,0
2873212765,2016-04-16 01:00:00,0,0.0,1
2873212765,2016-04-16 02:00:00,0,0.0,2
2873212765,2016-04-16 03:00:00,0,0.0,3
2873212765,2016-04-16 04:00:00,0,0.0,4
2873212765,2016-04-16 05:00:00,0,0.0,5
2873212765,2016-04-16 06:00:00,0,0.0,6
2873212765,2016-04-16 07:00:00,99,1.65,7
2873212765,2016-04-16 08:00:00,63,1.05,8
2873212765,2016-04-16 09:00:00,12,0.2,9
2873212765,2016-04-16 10:00:00,17,0.283333,10
2873212765,2016-04-16 11:00:00,28,0.466667,11
2873212765,2016-04-16 12:00:00,33,0.55,12
2873212765,2016-04-16 13:00:00,1,0.016667,13
2873212765,2016-04-16 14:00:00,25,0.416667,14
2873212765,2016-04-16 15:00:00,32,0.533333,15
2873212765,2016-04-16 16:00:00,19,0.316667,16
2873212765,2016-04-16 17:00:00,28,0.466667,17
2873212765,2016-04-16 18:00:00,13,0.216667,18
2873212765,2016-04-16 19:00:00,24,0.4,19
2873212765,2016-04-16 20:00:00,30,0.5,20
2873212765,2016-04-16 21:00:00,11,0.183333,21
2873212765,2016-04-16 22:00:00,7,0.116667,22
2873212765,2016-04-16 23:00:00,6,0.1,23
2873212765,2016-04-17 00:00:00,18,0.3,0
2873212765,2016-04-17 01:00:00,0,0.0,1
2873212765,2016-04-17 02:00:00,0,0.0,2
2873212765,2016-04-17 03:00:00,0,0.0,3
2873212765,2016-04-17 04:00:00,0,0.0,4
2873212765,2016-04-17 05:00:00,0,0.0,5
2873212765,2016-04-17 06:00:00,0,0.0,6
2873212765,2016-04-17 07:00:00,0,0.0,7
2873212765,2016-04-17 08:00:00,0,0.0,8
2873212765,2016-04-17 09:00:00,0,0.0,9
2873212765,2016-04-17 10:00:00,6,0.1,10
2873212765,2016-04-17 11:00:00,1,0.016667,11
2873212765,2016-04-17 12:00:00,2,0.033333,12
2873212765,2016-04-17 13:00:00,42,0.7,13
2873212765,2016-04-17 14:00:00,28,0.466667,14
2873212765,2016-04-17 15:00:00,8,0.133333,15
2873212765,2016-04-17 16:00:00,4,0.066667,16
2873212765,2016-04-17 17:00:00,19,0.316667,17
2873212765,2016-04-17 18:00:00,10,0.166667,18
2873212765,2016-04-17 19:00:00,22,0.366667,19
2873212765,2016-04-17 20:00:00,13,0.216667,20
2873212765,2016-04-17 21:00:00,3,0.05,21
2873212765,2016-04-17 22:00:00,0,0.0,22
2873212765,2016-04-17 23:00:00,0,0.0,23
2873212765,2016-04-18 00:00:00,0,0.0,0
2873212765,2016-04-18 01:00:00,0,0.0,1
2873212765,2016-04-18 02:00:00,0,0.0,2
2873212765,2016-04-18 03:00:00,0,0.0,3
2873212765,2016-04-18 04:00:00,0,0.0,4
2873212765,2016-04-18 05:00:00,17,0.283333,5
2873212765,2016-04-18 06:00:00,12,0.2,6
2873212765,2016-04-18 07:00:00,30,0.5,7
2873212765,2016-04-18 08:00:00,41,0.683333,8
2873212765,2016-04-18 09:00:00,38,0.633333,9
2873212765,2016-04-18 10:00:00,21,0.35,10
2873212765,2016-04-18 11:00:00,9,0.15,11
2873212765,2016-04-18 12:00:00,51,0.85,12
2873212765,2016-04-18 13:00:00,26,0.433333,13
2873212765,2016-04-18 14:00:00,8,0.133333,14
2873212765,2016-04-18 15:00:00,9,0.15,15
2873212765,2016-04-18 16:00:00,16,0.266667,16
2873212765,2016-04-18 17:00:00,19,0.316667,17
2873212765,2016-04-18 18:00:00,13,0.216667,18
2873212765,2016-04-18 19:00:00,7,0.116667,19
2873212765,2016-04-18 20:00:00,9,0.15,20
2873212765,2016-04-18 21:00:00,0,0.0,21
2873212765,2016-04-18 22:00:00,0,0.0,22
2873212765,2016-04-18 23:00:00,0,0.0,23
2873212765,2016-04-19 00:00:00,0,0.0,0
2873212765,2016-04-19 01:00:00,0,0.0,1
2873212765,2016-04-19 02:00:00,0,0.0,2
2873212765,2016-04-19 03:00:00,0,0.0,3
2873212765,2016-04-19 04:00:00,0,0.0,4
2873212765,2016-04-19 05:00:00,19,0.316667,5
2873212765,2016-04-19 06:00:00,8,0.133333,6
2873212765,2016-04-19 07:00:00,17,0.283333,7
2873212765,2016-04-19 08:00:00,39,0.65,8
2873212765,2016-04-19 09:00:00,32,0.533333,9
2873212765,2016-04-19 10:00:00,41,0.683333,10
2873212765,2016-04-19 11:00:00,15,0.25,11
2873212765,2016-04-19 12:00:00,45,0.75,12
2873212765,2016-04-19 13:00:00,35,0.583333,13
2873212765,2016-04-19 14:00:00,28,0.466667,14
2873212765,2016-04-19 15:00:00,11,0.183333,15
2873212765,2016-04-19 16:00:00,20,0.333333,16
2873212765,2016-04-19 17:00:00,25,0.416667,17
2873212765,2016-04-19 18:00:00,30,0.5,18
2873212765,2016-04-19 19:00:00,7,0.116667,19
2873212765,2016-04-19 20:00:00,6,0.1,20
2873212765,2016-04-19 21:00:00,7,0.116667,21
2873212765,2016-04-19 22:00:00,4,0.066667,22
2873212765,2016-04-19 23:00:00,0,0.0,23
2873212765,2016-04-20 00:00:00,0,0.0,0
2873212765,2016-04-20 01:00:00,0,0.0,1
2873212765,2016-04-20 02:00:00,0,0.0,2
2873212765,2016-04-20 03:00:00,0,0.0,3
2873212765,2016-04-20 04:00:00,0,0.0,4
2873212765,2016-04-20 05:00:00,24,0.4,5
2873212765,2016-04-20 06:00:00,14,0.233333,6
2873212765,2016-04-20 07:00:00,23,0.383333,7
2873212765,2016-04-20 08:00:00,27,0.45,8
2873212765,2016-04-20 09:00:00,42,0.7,9
2873212765,2016-04-20 10:00:00,30,0.5,10
2873212765,2016-04-20 11:00:00,18,0.3,11
2873212765,2016-04-20 12:00:00,57,0.95,12
2873212765,2016-04-20 13:00:00,31,0.516667,13
2873212765,2016-04-20 14:00:00,8,0.133333,14
2873212765,2016-04-20 15:00:00,11,0.183333,15
2873212765,2016-04-20 16:00:00,31,0.516667,16
2873212765,2016-04-20 17:00:00,77,1.283333,17
2873212765,2016-04-20 18:00:00,3,0.05,18
2873212765,2016-04-20 19:00:00,8,0.133333,19
2873212765,2016-04-20 20:00:00,22,0.366667,20
2873212765,2016-04-20 21:00:00,24,0.4,21
2873212765,2016-04-20 22:00:00,4,0.066667,22
2873212765,2016-04-20 23:00:00,0,0.0,23
2873212765,2016-04-21 00:00:00,0,0.0,0
2873212765,2016-04-21 01:00:00,0,0.0,1
2873212765,2016-04-21 02:00:00,0,0.0,2
2873212765,2016-04-21 03:00:00,0,0.0,3
2873212765,2016-04-21 04:00:00,0,0.0,4
2873212765,2016-04-21 05:00:00,0,0.0,5
2873212765,2016-04-21 06:00:00,17,0.283333,6
2873212765,2016-04-21 07:00:00,39,0.65,7
2873212765,2016-04-21 08:00:00,33,0.55,8
2873212765,2016-04-21 09:00:00,42,0.7,9
2873212765,2016-04-21 10:00:00,27,0.45,10
2873212765,2016-04-21 11:00:00,7,0.116667,11
2873212765,2016-04-21 12:00:00,20,0.333333,12
2873212765,2016-04-21 13:00:00,35,0.583333,13
2873212765,2016-04-21 14:00:00,26,0.433333,14
2873212765,2016-04-21 15:00:00,26,0.433333,15
2873212765,2016-04-21 16:00:00,38,0.633333,16
2873212765,2016-04-21 17:00:00,36,0.6,17
2873212765,2016-04-21 18:00:00,19,0.316667,18
2873212765,2016-04-21 19:00:00,5,0.083333,19
2873212765,2016-04-21 20:00:00,16,0.266667,20
2873212765,2016-04-21 21:00:00,11,0.183333,21
2873212765,2016-04-21 22:00:00,0,0.0,22
2873212765,2016-04-21 23:00:00,0,0.0,23
2873212765,2016-04-22 00:00:00,0,0.0,0
2873212765,2016-04-22 01:00:00,0,0.0,1
2873212765,2016-04-22 02:00:00,0,0.0,2
2873212765,2016-04-22 03:00:00,0,0.0,3
2873212765,2016-04-22 04:00:00,0,0.0,4
2873212765,2016-04-22 05:00:00,19,0.316667,5
2873212765,2016-04-22 06:00:00,16,0.266667,6
2873212765,2016-04-22 07:00:00,25,0.416667,7
2873212765,2016-04-22 08:00:00,29,0.483333,8
2873212765,2016-04-22 09:00:00,37,0.616667,9
2873212765,2016-04-22 10:00:00,43,0.716667,10
2873212765,2016-04-22 11:00:00,15,0.25,11
2873212765,2016-04-22 12:00:00,42,0.7,12
2873212765,2016-04-22 13:00:00,31,0.516667,13
2873212765,2016-04-22 14:00:00,12,0.2,14
2873212765,2016-04-22 15:00:00,21,0.35,15
2873212765,2016-04-22 16:00:00,24,0.4,16
2873212765,2016-04-22 17:00:00,34,0.566667,17
2873212765,2016-04-22 18:00:00,15,0.25,18
2873212765,2016-04-22 19:00:00,8,0.133333,19
2873212765,2016-04-22 20:00:00,3,0.05,20
2873212765,2016-04-22 21:00:00,1,0.016667,21
2873212765,2016-04-22 22:00:00,7,0.116667,22
2873212765,2016-04-22 23:00:00,7,0.116667,23
2873212765,2016-04-23 00:00:00,0,0.0,0
2873212765,2016-04-23 01:00:00,0,0.0,1
2873212765,2016-04-23 02:00:00,0,0.0,2
2873212765,2016-04-23 03:00:00,0,0.0,3
2873212765,2016-04-23 04:00:00,0,0.0,4
2873212765,2016-04-23 05:00:00,0,0.0,5
2873212765,2016-04-23 06:00:00,0,0.0,6
2873212765,2016-04-23 07:00:00,20,0.333333,7
2873212765,2016-04-23 08:00:00,115,1.916667,8
2873212765,2016-04-23 09:00:00,19,0.316667,9
2873212765,2016-04-23 10:00:00,26,0.433333,10
2873212765,2016-04-23 11:00:00,23,0.383333,11
2873212765,2016-04-23 12:00:00,18,0.3,12
2873212765,2016-04-23 13:00:00,42,0.7,13
2873212765,2016-04-23 14:00:00,34,0.566667,14
2873212765,2016-04-23 15:00:00,37,0.616667,15
2873212765,2016-04-23 16:00:00,13,0.216667,16
2873212765,2016-04-23 17:00:00,10,0.166667,17
2873212765,2016-04-23 18:00:00,24,0.4,18
2873212765,2016-04-23 19:00:00,23,0.383333,19
2873212765,2016-04-23 20:00:00,5,0.083333,20
2873212765,2016-04-23 21:00:00,2,0.033333,21
2873212765,2016-04-23 22:00:00,13,0.216667,22
2873212765,2016-04-23 23:00:00,0,0.0,23
2873212765,2016-04-24 00:00:00,0,0.0,0
2873212765,2016-04-24 01:00:00,0,0.0,1
2873212765,2016-04-24 02:00:00,0,0.0,2
2873212765,2016-04-24 03:00:00,0,0.0,3
2873212765,2016-04-24 04:00:00,0,0.0,4
2873212765,2016-04-24 05:00:00,0,0.0,5
2873212765,2016-04-24 06:00:00,0,0.0,6
2873212765,2016-04-24 07:00:00,18,0.3,7
2873212765,2016-04-24 08:00:00,148,2.466667,8
2873212765,2016-04-24 09:00:00,14,0.233333,9
2873212765,2016-04-24 10:00:00,13,0.216667,10
2873212765,2016-04-24 11:00:00,25,0.416667,11
2873212765,2016-04-24 12:00:00,24,0.4,12
2873212765,2016-04-24 13:00:00,2,0.033333,13
2873212765,2016-04-24 14:00:00,14,0.233333,14
2873212765,2016-04-24 15:00:00,14,0.233333,15
2873212765,2016-04-24 16:00:00,19,0.316667,16
2873212765,2016-04-24 17:00:00,12,0.2,17
2873212765,2016-04-24 18:00:00,3,0.05,18
2873212765,2016-04-24 19:00:00,5,0.083333,19
2873212765,2016-04-24 20:00:00,8,0.133333,20
2873212765,2016-04-24 21:00:00,11,0.183333,21
2873212765,2016-04-24 22:00:00,0,0.0,22
2873212765,2016-04-24 23:00:00,0,0.0,23
2873212765,2016-04-25 00:00:00,0,0.0,0
2873212765,2016-04-25 01:00:00,0,0.0,1
2873212765,2016-04-25 02:00:00,0,0.0,2
2873212765,2016-04-25 03:00:00,0,0.0,3
2873212765,2016-04-25 04:00:00,0,0.0,4
2873212765,2016-04-25 05:00:00,21,0.35,5
2873212765,2016-04-25 06:00:00,10,0.166667,6
2873212765,2016-04-25 07:00:00,20,0.333333,7
2873212765,2016-04-25 08:00:00,27,0.45,8
2873212765,2016-04-25 09:00:00,49,0.816667,9
2873212765,2016-04-25 10:00:00,48,0.8,10
2873212765,2016-04-25 11:00:00,22,0.366667,11
2873212765,2016-04-25 12:00:00,41,0.683333,12
2873212765,2016-04-25 13:00:00,25,0.416667,13
2873212765,2016-04-25 14:00:00,3,0.05,14
2873212765,2016-04-25 15:00:00,9,0.15,15
2873212765,2016-04-25 16:00:00,26,0.433333,16
2873212765,2016-04-25 17:00:00,21,0.35,17
2873212765,2016-04-25 18:00:00,20,0.333333,18
2873212765,2016-04-25 19:00:00,10,0.166667,19
2873212765,2016-04-25 20:00:00,0,0.0,20
2873212765,2016-04-25 21:00:00,7,0.116667,21
2873212765,2016-04-25 22:00:00,0,0.0,22
2873212765,2016-04-25 23:00:00,0,0.0,23
2873212765,2016-04-26 00:00:00,0,0.0,0
2873212765,2016-04-26 01:00:00,0,0.0,1
2873212765,2016-04-26 02:00:00,0,0.0,2
2873212765,2016-04-26 03:00:00,0,0.0,3
2873212765,2016-04-26 04:00:00,0,0.0,4
2873212765,2016-04-26 05:00:00,16,0.266667,5
2873212765,2016-04-26 06:00:00,8,0.133333,6
2873212765,2016-04-26 07:00:00,21,0.35,7
2873212765,2016-04-26 08:00:00,33,0.55,8
2873212765,2016-04-26 09:00:00,36,0.6,9
2873212765,2016-04-26 10:00:00,33,0.55,10
2873212765,2016-04-26 11:00:00,12,0.2,11
2873212765,2016-04-26 12:00:00,38,0.633333,12
2873212765,2016-04-26 13:00:00,33,0.55,13
2873212765,2016-04-26 14:00:00,4,0.066667,14
2873212765,2016-04-26 15:00:00,6,0.1,15
2873212765,2016-04-26 16:00:00,10,0.166667,16
2873212765,2016-04-26 17:00:00,15,0.25,17
2873212765,2016-04-26 18:00:00,25,0.416667,18
2873212765,2016-04-26 19:00:00,25,0.416667,19
2873212765,2016-04-26 20:00:00,4,0.066667,20
2873212765,2016-04-26 21:00:00,6,0.1,21
2873212765,2016-04-26 22:00:00,0,0.0,22
2873212765,2016-04-26 23:00:00,0,0.0,23
2873212765,2016-04-27 00:00:00,0,0.0,0
2873212765,2016-04-27 01:00:00,0,0.0,1
2873212765,2016-04-27 02:00:00,0,0.0,2
2873212765,2016-04-27 03:00:00,0,0.0,3
2873212765,2016-04-27 04:00:00,0,0.0,4
2873212765,2016-04-27 05:00:00,0,0.0,5
2873212765,2016-04-27 06:00:00,96,1.6,6
2873212765,2016-04-27 07:00:00,53,0.883333,7
2873212765,2016-04-27 08:00:00,17,0.283333,8
2873212765,2016-04-27 09:00:00,27,0.45,9
2873212765,2016-04-27 10:00:00,33,0.55,10
2873212765,2016-04-27 11:00:00,12,0.2,11
2873212765,2016-04-27 12:00:00,22,0.366667,12
2873212765,2016-04-27 13:00:00,4,0.066667,13
2873212765,2016-04-27 14:00:00,3,0.05,14
2873212765,2016-04-27 15:00:00,7,0.116667,15
2873212765,2016-04-27 16:00:00,0,0.0,16
2873212765,2016-04-27 17:00:00,15,0.25,17
2873212765,2016-04-27 18:00:00,24,0.4,18
2873212765,2016-04-27 19:00:00,10,0.166667,19
2873212765,2016-04-27 20:00:00,6,0.1,20
2873212765,2016-04-27 21:00:00,6,0.1,21
2873212765,2016-04-27 22:00:00,0,0.0,22
2873212765,2016-04-27 23:00:00,0,0.0,23
2873212765,2016-04-28 00:00:00,0,0.0,0
2873212765,2016-04-28 01:00:00,0,0.0,1
2873212765,2016-04-28 02:00:00,0,0.0,2
2873212765,2016-04-28 03:00:00,0,0.0,3
2873212765,2016-04-28 04:00:00,0,0.0,4
2873212765,2016-04-28 05:00:00,0,0.0,5
2873212765,2016-04-28 06:00:00,92,1.533333,6
2873212765,2016-04-28 07:00:00,39,0.65,7
2873212765,2016-04-28 08:00:00,10,0.166667,8
2873212765,2016-04-28 09:00:00,33,0.55,9
2873212765,2016-04-28 10:00:00,16,0.266667,10
2873212765,2016-04-28 11:00:00,2,0.033333,11
2873212765,2016-04-28 12:00:00,13,0.216667,12
2873212765,2016-04-28 13:00:00,11,0.183333,13
2873212765,2016-04-28 14:00:00,2,0.033333,14
2873212765,2016-04-28 15:00:00,6,0.1,15
2873212765,2016-04-28 16:00:00,5,0.083333,16
2873212765,2016-04-28 17:00:00,18,0.3,17
2873212765,2016-04-28 18:00:00,30,0.5,18
2873212765,2016-04-28 19:00:00,13,0.216667,19
2873212765,2016-04-28 20:00:00,6,0.1,20
2873212765,2016-04-28 21:00:00,15,0.25,21
2873212765,2016-04-28 22:00:00,0,0.0,22
2873212765,2016-04-28 23:00:00,0,0.0,23
2873212765,2016-04-29 00:00:00,0,0.0,0
2873212765,2016-04-29 01:00:00,0,0.0,1
2873212765,2016-04-29 02:00:00,0,0.0,2
2873212765,2016-04-29 03:00:00,0,0.0,3
2873212765,2016-04-29 04:00:00,0,0.0,4
2873212765,2016-04-29 05:00:00,0,0.0,5
2873212765,2016-04-29 06:00:00,23,0.383333,6
2873212765,2016-04-29 07:00:00,12,0.2,7
2873212765,2016-04-29 08:00:00,13,0.216667,8
2873212765,2016-04-29 09:00:00,7,0.116667,9
2873212765,2016-04-29 10:00:00,12,0.2,10
2873212765,2016-04-29 11:00:00,16,0.266667,11
2873212765,2016-04-29 12:00:00,108,1.8,12
2873212765,2016-04-29 13:00:00,4,0.066667,13
2873212765,2016-04-29 14:00:00,32,0.533333,14
2873212765,2016-04-29 15:00:00,24,0.4,15
2873212765,2016-04-29 16:00:00,9,0.15,16
2873212765,2016-04-29 17:00:00,11,0.183333,17
2873212765,2016-04-29 18:00:00,10,0.166667,18
2873212765,2016-04-29 19:00:00,12,0.2,19
2873212765,2016-04-29 20:00:00,5,0.083333,20
2873212765,2016-04-29 21:00:00,14,0.233333,21
2873212765,2016-04-29 22:00:00,0,0.0,22
2873212765,2016-04-29 23:00:00,0,0.0,23
2873212765,2016-04-30 00:00:00,0,0.0,0
2873212765,2016-04-30 01:00:00,0,0.0,1
2873212765,2016-04-30 02:00:00,0,0.0,2
2873212765,2016-04-30 03:00:00,0,0.0,3
2873212765,2016-04-30 04:00:00,0,0.0,4
2873212765,2016-04-30 05:00:00,0,0.0,5
2873212765,2016-04-30 06:00:00,0,0.0,6
2873212765,2016-04-30 07:00:00,2,0.033333,7
2873212765,2016-04-30 08:00:00,14,0.233333,8
2873212765,2016-04-30 09:00:00,37,0.616667,9
2873212765,2016-04-30 10:00:00,23,0.383333,10
2873212765,2016-04-30 11:00:00,25,0.416667,11
2873212765,2016-04-30 12:00:00,21,0.35,12
2873212765,2016-04-30 13:00:00,11,0.183333,13
2873212765,2016-04-30 14:00:00,8,0.133333,14
2873212765,2016-04-30 15:00:00,16,0.266667,15
2873212765,2016-04-30 16:00:00,8,0.133333,16
2873212765,2016-04-30 17:00:00,20,0.333333,17
2873212765,2016-04-30 18:00:00,26,0.433333,18
2873212765,2016-04-30 19:00:00,56,0.933333,19
2873212765,2016-04-30 20:00:00,33,0.55,20
2873212765,2016-04-30 21:00:00,3,0.05,21
2873212765,2016-04-30 22:00:00,0,0.0,22
2873212765,2016-04-30 23:00:00,0,0.0,23
2873212765,2016-05-01 00:00:00,0,0.0,0
2873212765,2016-05-01 01:00:00,0,0.0,1
2873212765,2016-05-01 02:00:00,0,0.0,2
2873212765,2016-05-01 03:00:00,0,0.0,3
2873212765,2016-05-01 04:00:00,0,0.0,4
2873212765,2016-05-01 05:00:00,0,0.0,5
2873212765,2016-05-01 06:00:00,0,0.0,6
2873212765,2016-05-01 07:00:00,0,0.0,7
2873212765,2016-05-01 08:00:00,16,0.266667,8
2873212765,2016-05-01 09:00:00,20,0.333333,9
2873212765,2016-05-01 10:00:00,44,0.733333,10
2873212765,2016-05-01 11:00:00,26,0.433333,11
2873212765,2016-05-01 12:00:00,34,0.566667,12
2873212765,2016-05-01 13:00:00,10,0.166667,13
2873212765,2016-05-01 14:00:00,15,0.25,14
2873212765,2016-05-01 15:00:00,11,0.183333,15
2873212765,2016-05-01 16:00:00,5,0.083333,16
2873212765,2016-05-01 17:00:00,18,0.3,17
2873212765,2016-05-01 18:00:00,15,0.25,18
2873212765,2016-05-01 19:00:00,21,0.35,19
2873212765,2016-05-01 20:00:00,15,0.25,20
2873212765,2016-05-01 21:00:00,3,0.05,21
2873212765,2016-05-01 22:00:00,0,0.0,22
2873212765,2016-05-01 23:00:00,0,0.0,23
2873212765,2016-05-02 00:00:00,0,0.0,0
2873212765,2016-05-02 01:00:00,0,0.0,1
2873212765,2016-05-02 02:00:00,0,0.0,2
2873212765,2016-05-02 03:00:00,0,0.0,3
2873212765,2016-05-02 04:00:00,0,0.0,4
2873212765,2016-05-02 05:00:00,17,0.283333,5
2873212765,2016-05-02 06:00:00,9,0.15,6
2873212765,2016-05-02 07:00:00,31,0.516667,7
2873212765,2016-05-02 08:00:00,33,0.55,8
2873212765,2016-05-02 09:00:00,42,0.7,9
2873212765,2016-05-02 10:00:00,25,0.416667,10
2873212765,2016-05-02 11:00:00,11,0.183333,11
2873212765,2016-05-02 12:00:00,52,0.866667,12
2873212765,2016-05-02 13:00:00,29,0.483333,13
2873212765,2016-05-02 14:00:00,7,0.116667,14
2873212765,2016-05-02 15:00:00,11,0.183333,15
2873212765,2016-05-02 16:00:00,24,0.4,16
2873212765,2016-05-02 17:00:00,20,0.333333,17
2873212765,2016-05-02 18:00:00,13,0.216667,18
2873212765,2016-05-02 19:00:00,9,0.15,19
2873212765,2016-05-02 20:00:00,9,0.15,20
2873212765,2016-05-02 21:00:00,6,0.1,21
2873212765,2016-05-02 22:00:00,0,0.0,22
2873212765,2016-05-02 23:00:00,0,0.0,23
2873212765,2016-05-03 00:00:00,0,0.0,0
2873212765,2016-05-03 01:00:00,0,0.0,1
2873212765,2016-05-03 02:00:00,0,0.0,2
2873212765,2016-05-03 03:00:00,0,0.0,3
2873212765,2016-05-03 04:00:00,0,0.0,4
2873212765,2016-05-03 05:00:00,19,0.316667,5
2873212765,2016-05-03 06:00:00,7,0.116667,6
2873212765,2016-05-03 07:00:00,19,0.316667,7
2873212765,2016-05-03 08:00:00,43,0.716667,8
2873212765,2016-05-03 09:00:00,48,0.8,9
2873212765,2016-05-03 10:00:00,32,0.533333,10
2873212765,2016-05-03 11:00:00,14,0.233333,11
2873212765,2016-05-03 12:00:00,43,0.716667,12
2873212765,2016-05-03 13:00:00,35,0.583333,13
2873212765,2016-05-03 14:00:00,7,0.116667,14
2873212765,2016-05-03 15:00:00,5,0.083333,15
2873212765,2016-05-03 16:00:00,13,0.216667,16
2873212765,2016-05-03 17:00:00,24,0.4,17
2873212765,2016-05-03 18:00:00,38,0.633333,18
2873212765,2016-05-03 19:00:00,10,0.166667,19
2873212765,2016-05-03 20:00:00,7,0.116667,20
2873212765,2016-05-03 21:00:00,14,0.233333,21
2873212765,2016-05-03 22:00:00,0,0.0,22
2873212765,2016-05-03 23:00:00,0,0.0,23
2873212765,2016-05-04 00:00:00,0,0.0,0
2873212765,2016-05-04 01:00:00,0,0.0,1
2873212765,2016-05-04 02:00:00,0,0.0,2
2873212765,2016-05-04 03:00:00,0,0.0,3
2873212765,2016-05-04 04:00:00,0,0.0,4
2873212765,2016-05-04 05:00:00,21,0.35,5
2873212765,2016-05-04 06:00:00,11,0.183333,6
2873212765,2016-05-04 07:00:00,26,0.433333,7
2873212765,2016-05-04 08:00:00,28,0.466667,8
2873212765,2016-05-04 09:00:00,46,0.766667,9
2873212765,2016-05-04 10:00:00,41,0.683333,10
2873212765,2016-05-04 11:00:00,24,0.4,11
2873212765,2016-05-04 12:00:00,38,0.633333,12
2873212765,2016-05-04 13:00:00,24,0.4,13
2873212765,2016-05-04 14:00:00,15,0.25,14
2873212765,2016-05-04 15:00:00,14,0.233333,15
2873212765,2016-05-04 16:00:00,28,0.466667,16
2873212765,2016-05-04 17:00:00,46,0.766667,17
2873212765,2016-05-04 18:00:00,4,0.066667,18
2873212765,2016-05-04 19:00:00,20,0.333333,19
2873212765,2016-05-04 20:00:00,9,0.15,20
2873212765,2016-05-04 21:00:00,8,0.133333,21
2873212765,2016-05-04 22:00:00,17,0.283333,22
2873212765,2016-05-04 23:00:00,0,0.0,23
2873212765,2016-05-05 00:00:00,0,0.0,0
2873212765,2016-05-05 01:00:00,0,0.0,1
2873212765,2016-05-05 02:00:00,0,0.0,2
2873212765,2016-05-05 03:00:00,0,0.0,3
2873212765,2016-05-05 04:00:00,0,0.0,4
2873212765,2016-05-05 05:00:00,0,0.0,5
2873212765,2016-05-05 06:00:00,14,0.233333,6
2873212765,2016-05-05 07:00:00,41,0.683333,7
2873212765,2016-05-05 08:00:00,40,0.666667,8
2873212765,2016-05-05 09:00:00,53,0.883333,9
2873212765,2016-05-05 10:00:00,56,0.933333,10
2873212765,2016-05-05 11:00:00,9,0.15,11
2873212765,2016-05-05 12:00:00,20,0.333333,12
2873212765,2016-05-05 13:00:00,27,0.45,13
2873212765,2016-05-05 14:00:00,20,0.333333,14
2873212765,2016-05-05 15:00:00,46,0.766667,15
2873212765,2016-05-05 16:00:00,28,0.466667,16
2873212765,2016-05-05 17:00:00,3,0.05,17
2873212765,2016-05-05 18:00:00,8,0.133333,18
2873212765,2016-05-05 19:00:00,16,0.266667,19
2873212765,2016-05-05 20:00:00,1,0.016667,20
2873212765,2016-05-05 21:00:00,14,0.233333,21
2873212765,2016-05-05 22:00:00,0,0.0,22
2873212765,2016-05-05 23:00:00,0,0.0,23
2873212765,2016-05-06 00:00:00,0,0.0,0
2873212765,2016-05-06 01:00:00,0,0.0,1
2873212765,2016-05-06 02:00:00,0,0.0,2
2873212765,2016-05-06 03:00:00,0,0.0,3
2873212765,2016-05-06 04:00:00,0,0.0,4
2873212765,2016-05-06 05:00:00,23,0.383333,5
2873212765,2016-05-06 06:00:00,15,0.25,6
2873212765,2016-05-06 07:00:00,24,0.4,7
2873212765,2016-05-06 08:00:00,33,0.55,8
2873212765,2016-05-06 09:00:00,45,0.75,9
2873212765,2016-05-06 10:00:00,41,0.683333,10
2873212765,2016-05-06 11:00:00,18,0.3,11
2873212765,2016-05-06 12:00:00,33,0.55,12
2873212765,2016-05-06 13:00:00,32,0.533333,13
2873212765,2016-05-06 14:00:00,5,0.083333,14
2873212765,2016-05-06 15:00:00,18,0.3,15
2873212765,2016-05-06 16:00:00,31,0.516667,16
2873212765,2016-05-06 17:00:00,20,0.333333,17
2873212765,2016-05-06 18:00:00,9,0.15,18
2873212765,2016-05-06 19:00:00,12,0.2,19
2873212765,2016-05-06 20:00:00,7,0.116667,20
2873212765,2016-05-06 21:00:00,1,0.016667,21
2873212765,2016-05-06 22:00:00,2,0.033333,22
2873212765,2016-05-06 23:00:00,11,0.183333,23
2873212765,2016-05-07 00:00:00,0,0.0,0
2873212765,2016-05-07 01:00:00,0,0.0,1
2873212765,2016-05-07 02:00:00,0,0.0,2
2873212765,2016-05-07 03:00:00,0,0.0,3
2873212765,2016-05-07 04:00:00,0,0.0,4
2873212765,2016-05-07 05:00:00,0,0.0,5
2873212765,2016-05-07 06:00:00,0,0.0,6
2873212765,2016-05-07 07:00:00,81,1.35,7
2873212765,2016-05-07 08:00:00,131,2.183333,8
2873212765,2016-05-07 09:00:00,72,1.2,9
2873212765,2016-05-07 10:00:00,0,0.0,10
2873212765,2016-05-07 11:00:00,0,0.0,11
2873212765,2016-05-07 12:00:00,0,0.0,12
2873212765,2016-05-07 13:00:00,0,0.0,13
2873212765,2016-05-07 14:00:00,0,0.0,14
2873212765,2016-05-07 15:00:00,0,0.0,15
2873212765,2016-05-07 16:00:00,0,0.0,16
2873212765,2016-05-07 17:00:00,0,0.0,17
2873212765,2016-05-07 18:00:00,0,0.0,18
2873212765,2016-05-07 19:00:00,0,0.0,19
2873212765,2016-05-07 20:00:00,0,0.0,20
2873212765,2016-05-07 21:00:00,9,0.15,21
2873212765,2016-05-07 22:00:00,4,0.066667,22
2873212765,2016-05-07 23:00:00,2,0.033333,23
2873212765,2016-05-08 00:00:00,1,0.016667,0
2873212765,2016-05-08 01:00:00,0,0.0,1
2873212765,2016-05-08 02:00:00,0,0.0,2
2873212765,2016-05-08 03:00:00,0,0.0,3
2873212765,2016-05-08 04:00:00,0,0.0,4
2873212765,2016-05-08 05:00:00,0,0.0,5
2873212765,2016-05-08 06:00:00,0,0.0,6
2873212765,2016-05-08 07:00:00,93,1.55,7
2873212765,2016-05-08 08:00:00,90,1.5,8
2873212765,2016-05-08 09:00:00,42,0.7,9
2873212765,2016-05-08 10:00:00,43,0.716667,10
2873212765,2016-05-08 11:00:00,29,0.483333,11
2873212765,2016-05-08 12:00:00,24,0.4,12
2873212765,2016-05-08 13:00:00,15,0.25,13
2873212765,2016-05-08 14:00:00,19,0.316667,14
2873212765,2016-05-08 15:00:00,4,0.066667,15
2873212765,2016-05-08 16:00:00,30,0.5,16
2873212765,2016-05-08 17:00:00,33,0.55,17
2873212765,2016-05-08 18:00:00,25,0.416667,18
2873212765,2016-05-08 19:00:00,4,0.066667,19
2873212765,2016-05-08 20:00:00,0,0.0,20
2873212765,2016-05-08 21:00:00,12,0.2,21
2873212765,2016-05-08 22:00:00,0,0.0,22
2873212765,2016-05-08 23:00:00,0,0.0,23
2873212765,2016-05-09 00:00:00,0,0.0,0
2873212765,2016-05-09 01:00:00,0,0.0,1
2873212765,2016-05-09 02:00:00,0,0.0,2
2873212765,2016-05-09 03:00:00,0,0.0,3
2873212765,2016-05-09 04:00:00,0,0.0,4
2873212765,2016-05-09 05:00:00,15,0.25,5
2873212765,2016-05-09 06:00:00,7,0.116667,6
2873212765,2016-05-09 07:00:00,24,0.4,7
2873212765,2016-05-09 08:00:00,33,0.55,8
2873212765,2016-05-09 09:00:00,41,0.683333,9
2873212765,2016-05-09 10:00:00,39,0.65,10
2873212765,2016-05-09 11:00:00,13,0.216667,11
2873212765,2016-05-09 12:00:00,41,0.683333,12
2873212765,2016-05-09 13:00:00,34,0.566667,13
2873212765,2016-05-09 14:00:00,9,0.15,14
2873212765,2016-05-09 15:00:00,13,0.216667,15
2873212765,2016-05-09 16:00:00,29,0.483333,16
2873212765,2016-05-09 17:00:00,20,0.333333,17
2873212765,2016-05-09 18:00:00,10,0.166667,18
2873212765,2016-05-09 19:00:00,11,0.183333,19
2873212765,2016-05-09 20:00:00,2,0.033333,20
2873212765,2016-05-09 21:00:00,4,0.066667,21
2873212765,2016-05-09 22:00:00,0,0.0,22
2873212765,2016-05-09 23:00:00,0,0.0,23
2873212765,2016-05-10 00:00:00,0,0.0,0
2873212765,2016-05-10 01:00:00,0,0.0,1
2873212765,2016-05-10 02:00:00,0,0.0,2
2873212765,2016-05-10 03:00:00,0,0.0,3
2873212765,2016-05-10 04:00:00,0,0.0,4
2873212765,2016-05-10 05:00:00,21,0.35,5
2873212765,2016-05-10 06:00:00,11,0.183333,6
2873212765,2016-05-10 07:00:00,25,0.416667,7
2873212765,2016-05-10 08:00:00,35,0.583333,8
2873212765,2016-05-10 09:00:00,42,0.7,9
2873212765,2016-05-10 10:00:00,38,0.633333,10
2873212765,2016-05-10 11:00:00,7,0.116667,11
2873212765,2016-05-10 12:00:00,48,0.8,12
2873212765,2016-05-10 13:00:00,33,0.55,13
2873212765,2016-05-10 14:00:00,8,0.133333,14
2873212765,2016-05-10 15:00:00,5,0.083333,15
2873212765,2016-05-10 16:00:00,19,0.316667,16
2873212765,2016-05-10 17:00:00,15,0.25,17
2873212765,2016-05-10 18:00:00,29,0.483333,18
2873212765,2016-05-10 19:00:00,17,0.283333,19
2873212765,2016-05-10 20:00:00,8,0.133333,20
2873212765,2016-05-10 21:00:00,12,0.2,21
2873212765,2016-05-10 22:00:00,0,0.0,22
2873212765,2016-05-10 23:00:00,0,0.0,23
2873212765,2016-05-11 00:00:00,0,0.0,0
2873212765,2016-05-11 01:00:00,0,0.0,1
2873212765,2016-05-11 02:00:00,0,0.0,2
2873212765,2016-05-11 03:00:00,0,0.0,3
2873212765,2016-05-11 04:00:00,0,0.0,4
2873212765,2016-05-11 05:00:00,27,0.45,5
2873212765,2016-05-11 06:00:00,4,0.066667,6
2873212765,2016-05-11 07:00:00,15,0.25,7
2873212765,2016-05-11 08:00:00,28,0.466667,8
2873212765,2016-05-11 09:00:00,42,0.7,9
2873212765,2016-05-11 10:00:00,33,0.55,10
2873212765,2016-05-11 11:00:00,18,0.3,11
2873212765,2016-05-11 12:00:00,30,0.5,12
2873212765,2016-05-11 13:00:00,22,0.366667,13
2873212765,2016-05-11 14:00:00,3,0.05,14
2873212765,2016-05-11 15:00:00,18,0.3,15
2873212765,2016-05-11 16:00:00,17,0.283333,16
2873212765,2016-05-11 17:00:00,18,0.3,17
2873212765,2016-05-11 18:00:00,27,0.45,18
2873212765,2016-05-11 19:00:00,1,0.016667,19
2873212765,2016-05-11 20:00:00,8,0.133333,20
2873212765,2016-05-11 21:00:00,0,0.0,21
2873212765,2016-05-11 22:00:00,8,0.133333,22
2873212765,2016-05-11 23:00:00,0,0.0,23
2873212765,2016-05-12 00:00:00,0,0.0,0
2873212765,2016-05-12 01:00:00,0,0.0,1
2873212765,2016-05-12 02:00:00,0,0.0,2
2873212765,2016-05-12 03:00:00,0,0.0,3
2873212765,2016-05-12 04:00:00,0,0.0,4
2873212765,2016-05-12 05:00:00,0,0.0,5
2873212765,2016-05-12 06:00:00,23,0.383333,6
2873212765,2016-05-12 07:00:00,38,0.633333,7
2873212765,2016-05-12 08:00:00,43,0.716667,8
2873212765,2016-05-12 09:00:00,30,0.5,9
2873212765,2016-05-12 10:00:00,32,0.533333,10
2873212765,2016-05-12 11:00:00,12,0.2,11
2873212765,2016-05-12 12:00:00,11,0.183333,12
2873212765,2016-05-12 13:00:00,23,0.383333,13
2873212765,2016-05-12 14:00:00,21,0.35,14
2873212765,2016-05-12 15:00:00,26,0.433333,15
3372868164,2016-04-12 00:00:00,0,0.0,0
3372868164,2016-04-12 01:00:00,0,0.0,1
3372868164,2016-04-12 02:00:00,2,0.033333,2
3372868164,2016-04-12 03:00:00,0,0.0,3
3372868164,2016-04-12 04:00:00,0,0.0,4
3372868164,2016-04-12 05:00:00,0,0.0,5
3372868164,2016-04-12 06:00:00,6,0.1,6
3372868164,2016-04-12 07:00:00,4,0.066667,7
3372868164,2016-04-12 08:00:00,17,0.283333,8
3372868164,2016-04-12 09:00:00,28,0.466667,9
3372868164,2016-04-12 10:00:00,30,0.5,10
3372868164,2016-04-12 11:00:00,16,0.266667,11
3372868164,2016-04-12 12:00:00,12,0.2,12
3372868164,2016-04-12 13:00:00,18,0.3,13
3372868164,2016-04-12 14:00:00,30,0.5,14
3372868164,2016-04-12 15:00:00,15,0.25,15
3372868164,2016-04-12 16:00:00,11,0.183333,16
3372868164,2016-04-12 17:00:00,20,0.333333,17
3372868164,2016-04-12 18:00:00,20,0.333333,18
3372868164,2016-04-12 19:00:00,16,0.266667,19
3372868164,2016-04-12 20:00:00,12,0.2,20
3372868164,2016-04-12 21:00:00,18,0.3,21
3372868164,2016-04-12 22:00:00,5,0.083333,22
3372868164,2016-04-12 23:00:00,0,0.0,23
3372868164,2016-04-13 00:00:00,3,0.05,0
3372868164,2016-04-13 01:00:00,1,0.016667,1
3372868164,2016-04-13 02:00:00,0,0.0,2
3372868164,2016-04-13 03:00:00,0,0.0,3
3372868164,2016-04-13 04:00:00,0,0.0,4
3372868164,2016-04-13 05:00:00,0,0.0,5
3372868164,2016-04-13 06:00:00,0,0.0,6
3372868164,2016-04-13 07:00:00,6,0.1,7
3372868164,2016-04-13 08:00:00,16,0.266667,8
3372868164,2016-04-13 09:00:00,35,0.583333,9
3372868164,2016-04-13 10:00:00,94,1.566667,10
3372868164,2016-04-13 11:00:00,27,0.45,11
3372868164,2016-04-13 12:00:00,44,0.733333,12
3372868164,2016-04-13 13:00:00,21,0.35,13
3372868164,2016-04-13 14:00:00,43,0.716667,14
3372868164,2016-04-13 15:00:00,24,0.4,15
3372868164,2016-04-13 16:00:00,31,0.516667,16
3372868164,2016-04-13 17:00:00,24,0.4,17
3372868164,2016-04-13 18:00:00,25,0.416667,18
3372868164,2016-04-13 19:00:00,18,0.3,19
3372868164,2016-04-13 20:00:00,20,0.333333,20
3372868164,2016-04-13 21:00:00,3,0.05,21
3372868164,2016-04-13 22:00:00,0,0.0,22
3372868164,2016-04-13 23:00:00,0,0.0,23
3372868164,2016-04-14 00:00:00,1,0.016667,0
3372868164,2016-04-14 01:00:00,0,0.0,1
3372868164,2016-04-14 02:00:00,1,0.016667,2
3372868164,2016-04-14 03:00:00,0,0.0,3
3372868164,2016-04-14 04:00:00,0,0.0,4
3372868164,2016-04-14 05:00:00,8,0.133333,5
3372868164,2016-04-14 06:00:00,12,0.2,6
3372868164,2016-04-14 07:00:00,20,0.333333,7
3372868164,2016-04-14 08:00:00,30,0.5,8
3372868164,2016-04-14 09:00:00,24,0.4,9
3372868164,2016-04-14 10:00:00,32,0.533333,10
3372868164,2016-04-14 11:00:00,74,1.233333,11
3372868164,2016-04-14 12:00:00,11,0.183333,12
3372868164,2016-04-14 13:00:00,25,0.416667,13
3372868164,2016-04-14 14:00:00,40,0.666667,14
3372868164,2016-04-14 15:00:00,37,0.616667,15
3372868164,2016-04-14 16:00:00,19,0.316667,16
3372868164,2016-04-14 17:00:00,22,0.366667,17
3372868164,2016-04-14 18:00:00,25,0.416667,18
3372868164,2016-04-14 19:00:00,34,0.566667,19
3372868164,2016-04-14 20:00:00,15,0.25,20
3372868164,2016-04-14 21:00:00,4,0.066667,21
3372868164,2016-04-14 22:00:00,4,0.066667,22
3372868164,2016-04-14 23:00:00,0,0.0,23
3372868164,2016-04-15 00:00:00,2,0.033333,0
3372868164,2016-04-15 01:00:00,0,0.0,1
3372868164,2016-04-15 02:00:00,0,0.0,2
3372868164,2016-04-15 03:00:00,0,0.0,3
3372868164,2016-04-15 04:00:00,0,0.0,4
3372868164,2016-04-15 05:00:00,3,0.05,5
3372868164,2016-04-15 06:00:00,0,0.0,6
3372868164,2016-04-15 07:00:00,0,0.0,7
3372868164,2016-04-15 08:00:00,18,0.3,8
3372868164,2016-04-15 09:00:00,29,0.483333,9
3372868164,2016-04-15 10:00:00,14,0.233333,10
3372868164,2016-04-15 11:00:00,39,0.65,11
3372868164,2016-04-15 12:00:00,32,0.533333,12
3372868164,2016-04-15 13:00:00,8,0.133333,13
3372868164,2016-04-15 14:00:00,0,0.0,14
3372868164,2016-04-15 15:00:00,32,0.533333,15
3372868164,2016-04-15 16:00:00,24,0.4,16
3372868164,2016-04-15 17:00:00,25,0.416667,17
3372868164,2016-04-15 18:00:00,37,0.616667,18
3372868164,2016-04-15 19:00:00,32,0.533333,19
3372868164,2016-04-15 20:00:00,26,0.433333,20
3372868164,2016-04-15 21:00:00,14,0.233333,21
3372868164,2016-04-15 22:00:00,0,0.0,22
3372868164,2016-04-15 23:00:00,0,0.0,23
3372868164,2016-04-16 00:00:00,0,0.0,0
3372868164,2016-04-16 01:00:00,0,0.0,1
3372868164,2016-04-16 02:00:00,0,0.0,2
3372868164,2016-04-16 03:00:00,0,0.0,3
3372868164,2016-04-16 04:00:00,0,0.0,4
3372868164,2016-04-16 05:00:00,13,0.216667,5
3372868164,2016-04-16 06:00:00,17,0.283333,6
3372868164,2016-04-16 07:00:00,40,0.666667,7
3372868164,2016-04-16 08:00:00,34,0.566667,8
3372868164,2016-04-16 09:00:00,22,0.366667,9
3372868164,2016-04-16 10:00:00,41,0.683333,10
3372868164,2016-04-16 11:00:00,23,0.383333,11
3372868164,2016-04-16 12:00:00,34,0.566667,12
3372868164,2016-04-16 13:00:00,17,0.283333,13
3372868164,2016-04-16 14:00:00,9,0.15,14
3372868164,2016-04-16 15:00:00,28,0.466667,15
3372868164,2016-04-16 16:00:00,8,0.133333,16
3372868164,2016-04-16 17:00:00,16,0.266667,17
3372868164,2016-04-16 18:00:00,0,0.0,18
3372868164,2016-04-16 19:00:00,16,0.266667,19
3372868164,2016-04-16 20:00:00,25,0.416667,20
3372868164,2016-04-16 21:00:00,12,0.2,21
3372868164,2016-04-16 22:00:00,0,0.0,22
3372868164,2016-04-16 23:00:00,1,0.016667,23
3372868164,2016-04-17 00:00:00,2,0.033333,0
3372868164,2016-04-17 01:00:00,0,0.0,1
3372868164,2016-04-17 02:00:00,1,0.016667,2
3372868164,2016-04-17 03:00:00,2,0.033333,3
3372868164,2016-04-17 04:00:00,0,0.0,4
3372868164,2016-04-17 05:00:00,1,0.016667,5
3372868164,2016-04-17 06:00:00,6,0.1,6
3372868164,2016-04-17 07:00:00,28,0.466667,7
3372868164,2016-04-17 08:00:00,24,0.4,8
3372868164,2016-04-17 09:00:00,10,0.166667,9
3372868164,2016-04-17 10:00:00,5,0.083333,10
3372868164,2016-04-17 11:00:00,18,0.3,11
3372868164,2016-04-17 12:00:00,29,0.483333,12
3372868164,2016-04-17 13:00:00,4,0.066667,13
3372868164,2016-04-17 14:00:00,20,0.333333,14
3372868164,2016-04-17 15:00:00,71,1.183333,15
3372868164,2016-04-17 16:00:00,15,0.25,16
3372868164,2016-04-17 17:00:00,26,0.433333,17
3372868164,2016-04-17 18:00:00,20,0.333333,18
3372868164,2016-04-17 19:00:00,37,0.616667,19
3372868164,2016-04-17 20:00:00,28,0.466667,20
3372868164,2016-04-17 21:00:00,7,0.116667,21
3372868164,2016-04-17 22:00:00,5,0.083333,22
3372868164,2016-04-17 23:00:00,0,0.0,23
3372868164,2016-04-18 00:00:00,1,0.016667,0
3372868164,2016-04-18 01:00:00,0,0.0,1
3372868164,2016-04-18 02:00:00,0,0.0,2
3372868164,2016-04-18 03:00:00,1,0.016667,3
3372868164,2016-04-18 04:00:00,2,0.033333,4
3372868164,2016-04-18 05:00:00,6,0.1,5
3372868164,2016-04-18 06:00:00,10,0.166667,6
3372868164,2016-04-18 07:00:00,3,0.05,7
3372868164,2016-04-18 08:00:00,40,0.666667,8
3372868164,2016-04-18 09:00:00,31,0.516667,9
3372868164,2016-04-18 10:00:00,101,1.683333,10
3372868164,2016-04-18 11:00:00,31,0.516667,11
3372868164,2016-04-18 12:00:00,5,0.083333,12
3372868164,2016-04-18 13:00:00,0,0.0,13
3372868164,2016-04-18 14:00:00,22,0.366667,14
3372868164,2016-04-18 15:00:00,25,0.416667,15
3372868164,2016-04-18 16:00:00,31,0.516667,16
3372868164,2016-04-18 17:00:00,27,0.45,17
3372868164,2016-04-18 18:00:00,29,0.483333,18
3372868164,2016-04-18 19:00:00,21,0.35,19
3372868164,2016-04-18 20:00:00,26,0.433333,20
3372868164,2016-04-18 21:00:00,0,0.0,21
3372868164,2016-04-18 22:00:00,5,0.083333,22
3372868164,2016-04-18 23:00:00,0,0.0,23
3372868164,2016-04-19 00:00:00,0,0.0,0
3372868164,2016-04-19 01:00:00,1,0.016667,1
3372868164,2016-04-19 02:00:00,0,0.0,2
3372868164,2016-04-19 03:00:00,0,0.0,3
3372868164,2016-04-19 04:00:00,0,0.0,4
3372868164,2016-04-19 05:00:00,0,0.0,5
3372868164,2016-04-19 06:00:00,1,0.016667,6
3372868164,2016-04-19 07:00:00,6,0.1,7
3372868164,2016-04-19 08:00:00,4,0.066667,8
3372868164,2016-04-19 09:00:00,26,0.433333,9
3372868164,2016-04-19 10:00:00,27,0.45,10
3372868164,2016-04-19 11:00:00,46,0.766667,11
3372868164,2016-04-19 12:00:00,25,0.416667,12
3372868164,2016-04-19 13:00:00,29,0.483333,13
3372868164,2016-04-19 14:00:00,39,0.65,14
3372868164,2016-04-19 15:00:00,23,0.383333,15
3372868164,2016-04-19 16:00:00,8,0.133333,16
3372868164,2016-04-19 17:00:00,28,0.466667,17
3372868164,2016-04-19 18:00:00,40,0.666667,18
3372868164,2016-04-19 19:00:00,15,0.25,19
3372868164,2016-04-19 20:00:00,5,0.083333,20
3372868164,2016-04-19 21:00:00,14,0.233333,21
3372868164,2016-04-19 22:00:00,22,0.366667,22
3372868164,2016-04-19 23:00:00,17,0.283333,23
3372868164,2016-04-20 00:00:00,0,0.0,0
3372868164,2016-04-20 01:00:00,0,0.0,1
3372868164,2016-04-20 02:00:00,0,0.0,2
3372868164,2016-04-20 03:00:00,2,0.033333,3
3372868164,2016-04-20 04:00:00,0,0.0,4
3372868164,2016-04-20 05:00:00,1,0.016667,5
3372868164,2016-04-20 06:00:00,0,0.0,6
3372868164,2016-04-20 07:00:00,2,0.033333,7
3372868164,2016-04-20 08:00:00,23,0.383333,8
3372868164,2016-04-20 09:00:00,32,0.533333,9
3372868164,2016-04-20 10:00:00,11,0.183333,10
3372868164,2016-04-20 11:00:00,6,0.1,11
3372868164,2016-04-20 12:00:00,14,0.233333,12
3372868164,2016-04-20 13:00:00,14,0.233333,13
3372868164,2016-04-20 14:00:00,86,1.433333,14
3372868164,2016-04-20 15:00:00,22,0.366667,15
3372868164,2016-04-20 16:00:00,41,0.683333,16
3372868164,2016-04-20 17:00:00,20,0.333333,17
3372868164,2016-04-20 18:00:00,6,0.1,18
3372868164,2016-04-20 19:00:00,9,0.15,19
3372868164,2016-04-20 20:00:00,27,0.45,20
3372868164,2016-04-20 21:00:00,4,0.066667,21
3372868164,2016-04-20 22:00:00,5,0.083333,22
3372868164,2016-04-20 23:00:00,0,0.0,23
3372868164,2016-04-21 00:00:00,0,0.0,0
3372868164,2016-04-21 01:00:00,2,0.033333,1
3372868164,2016-04-21 02:00:00,0,0.0,2
3372868164,2016-04-21 03:00:00,0,0.0,3
3372868164,2016-04-21 04:00:00,0,0.0,4
3372868164,2016-04-21 05:00:00,17,0.283333,5
3372868164,2016-04-21 06:00:00,11,0.183333,6
3372868164,2016-04-21 07:00:00,16,0.266667,7
3372868164,2016-04-21 08:00:00,46,0.766667,8
3372868164,2016-04-21 09:00:00,20,0.333333,9
3372868164,2016-04-21 10:00:00,62,1.033333,10
3372868164,2016-04-21 11:00:00,81,1.35,11
3372868164,2016-04-21 12:00:00,5,0.083333,12
3372868164,2016-04-21 13:00:00,26,0.433333,13
3372868164,2016-04-21 14:00:00,22,0.366667,14
3372868164,2016-04-21 15:00:00,22,0.366667,15
3372868164,2016-04-21 16:00:00,9,0.15,16
3372868164,2016-04-21 17:00:00,3,0.05,17
3372868164,2016-04-21 18:00:00,29,0.483333,18
3372868164,2016-04-21 19:00:00,41,0.683333,19
3372868164,2016-04-21 20:00:00,25,0.416667,20
3372868164,2016-04-21 21:00:00,5,0.083333,21
3372868164,2016-04-21 22:00:00,6,0.1,22
3372868164,2016-04-21 23:00:00,0,0.0,23
3372868164,2016-04-22 00:00:00,0,0.0,0
3372868164,2016-04-22 01:00:00,0,0.0,1
3372868164,2016-04-22 02:00:00,0,0.0,2
3372868164,2016-04-22 03:00:00,0,0.0,3
3372868164,2016-04-22 04:00:00,0,0.0,4
3372868164,2016-04-22 05:00:00,2,0.033333,5
3372868164,2016-04-22 06:00:00,0,0.0,6
3372868164,2016-04-22 07:00:00,0,0.0,7
3372868164,2016-04-22 08:00:00,6,0.1,8
3372868164,2016-04-22 09:00:00,16,0.266667,9
3372868164,2016-04-22 10:00:00,24,0.4,10
3372868164,2016-04-22 11:00:00,5,0.083333,11
3372868164,2016-04-22 12:00:00,0,0.0,12
3372868164,2016-04-22 13:00:00,20,0.333333,13
3372868164,2016-04-22 14:00:00,15,0.25,14
3372868164,2016-04-22 15:00:00,28,0.466667,15
3372868164,2016-04-22 16:00:00,22,0.366667,16
3372868164,2016-04-22 17:00:00,4,0.066667,17
3372868164,2016-04-22 18:00:00,23,0.383333,18
3372868164,2016-04-22 19:00:00,12,0.2,19
3372868164,2016-04-22 20:00:00,13,0.216667,20
3372868164,2016-04-22 21:00:00,2,0.033333,21
3372868164,2016-04-22 22:00:00,6,0.1,22
3372868164,2016-04-22 23:00:00,8,0.133333,23
3372868164,2016-04-23 00:00:00,0,0.0,0
3372868164,2016-04-23 01:00:00,2,0.033333,1
3372868164,2016-04-23 02:00:00,1,0.016667,2
3372868164,2016-04-23 03:00:00,0,0.0,3
3372868164,2016-04-23 04:00:00,0,0.0,4
3372868164,2016-04-23 05:00:00,2,0.033333,5
3372868164,2016-04-23 06:00:00,0,0.0,6
3372868164,2016-04-23 07:00:00,3,0.05,7
3372868164,2016-04-23 08:00:00,7,0.116667,8
3372868164,2016-04-23 09:00:00,24,0.4,9
3372868164,2016-04-23 10:00:00,96,1.6,10
3372868164,2016-04-23 11:00:00,43,0.716667,11
3372868164,2016-04-23 12:00:00,19,0.316667,12
3372868164,2016-04-23 13:00:00,0,0.0,13
3372868164,2016-04-23 14:00:00,13,0.216667,14
3372868164,2016-04-23 15:00:00,17,0.283333,15
3372868164,2016-04-23 16:00:00,28,0.466667,16
3372868164,2016-04-23 17:00:00,39,0.65,17
3372868164,2016-04-23 18:00:00,10,0.166667,18
3372868164,2016-04-23 19:00:00,41,0.683333,19
3372868164,2016-04-23 20:00:00,17,0.283333,20
3372868164,2016-04-23 21:00:00,0,0.0,21
3372868164,2016-04-23 22:00:00,5,0.083333,22
3372868164,2016-04-23 23:00:00,0,0.0,23
3372868164,2016-04-24 00:00:00,1,0.016667,0
3372868164,2016-04-24 01:00:00,1,0.016667,1
3372868164,2016-04-24 02:00:00,0,0.0,2
3372868164,2016-04-24 03:00:00,0,0.0,3
3372868164,2016-04-24 04:00:00,0,0.0,4
3372868164,2016-04-24 05:00:00,1,0.016667,5
3372868164,2016-04-24 06:00:00,5,0.083333,6
3372868164,2016-04-24 07:00:00,28,0.466667,7
3372868164,2016-04-24 08:00:00,16,0.266667,8
3372868164,2016-04-24 09:00:00,10,0.166667,9
3372868164,2016-04-24 10:00:00,6,0.1,10
3372868164,2016-04-24 11:00:00,24,0.4,11
3372868164,2016-04-24 12:00:00,17,0.283333,12
3372868164,2016-04-24 13:00:00,15,0.25,13
3372868164,2016-04-24 14:00:00,24,0.4,14
3372868164,2016-04-24 15:00:00,74,1.233333,15
3372868164,2016-04-24 16:00:00,16,0.266667,16
3372868164,2016-04-24 17:00:00,31,0.516667,17
3372868164,2016-04-24 18:00:00,11,0.183333,18
3372868164,2016-04-24 19:00:00,35,0.583333,19
3372868164,2016-04-24 20:00:00,25,0.416667,20
3372868164,2016-04-24 21:00:00,7,0.116667,21
3372868164,2016-04-24 22:00:00,1,0.016667,22
3372868164,2016-04-24 23:00:00,0,0.0,23
3372868164,2016-04-25 00:00:00,0,0.0,0
3372868164,2016-04-25 01:00:00,1,0.016667,1
3372868164,2016-04-25 02:00:00,1,0.016667,2
3372868164,2016-04-25 03:00:00,0,0.0,3
3372868164,2016-04-25 04:00:00,0,0.0,4
3372868164,2016-04-25 05:00:00,4,0.066667,5
3372868164,2016-04-25 06:00:00,11,0.183333,6
3372868164,2016-04-25 07:00:00,33,0.55,7
3372868164,2016-04-25 08:00:00,53,0.883333,8
3372868164,2016-04-25 09:00:00,32,0.533333,9
3372868164,2016-04-25 10:00:00,46,0.766667,10
3372868164,2016-04-25 11:00:00,38,0.633333,11
3372868164,2016-04-25 12:00:00,25,0.416667,12
3372868164,2016-04-25 13:00:00,7,0.116667,13
3372868164,2016-04-25 14:00:00,16,0.266667,14
3372868164,2016-04-25 15:00:00,12,0.2,15
3372868164,2016-04-25 16:00:00,30,0.5,16
3372868164,2016-04-25 17:00:00,23,0.383333,17
3372868164,2016-04-25 18:00:00,21,0.35,18
3372868164,2016-04-25 19:00:00,14,0.233333,19
3372868164,2016-04-25 20:00:00,28,0.466667,20
3372868164,2016-04-25 21:00:00,16,0.266667,21
3372868164,2016-04-25 22:00:00,5,0.083333,22
3372868164,2016-04-25 23:00:00,0,0.0,23
3372868164,2016-04-26 00:00:00,1,0.016667,0
3372868164,2016-04-26 01:00:00,1,0.016667,1
3372868164,2016-04-26 02:00:00,1,0.016667,2
3372868164,2016-04-26 03:00:00,0,0.0,3
3372868164,2016-04-26 04:00:00,1,0.016667,4
3372868164,2016-04-26 05:00:00,1,0.016667,5
3372868164,2016-04-26 06:00:00,7,0.116667,6
3372868164,2016-04-26 07:00:00,6,0.1,7
3372868164,2016-04-26 08:00:00,41,0.683333,8
3372868164,2016-04-26 09:00:00,97,1.616667,9
3372868164,2016-04-26 10:00:00,35,0.583333,10
3372868164,2016-04-26 11:00:00,29,0.483333,11
3372868164,2016-04-26 12:00:00,18,0.3,12
3372868164,2016-04-26 13:00:00,26,0.433333,13
3372868164,2016-04-26 14:00:00,23,0.383333,14
3372868164,2016-04-26 15:00:00,4,0.066667,15
3372868164,2016-04-26 16:00:00,25,0.416667,16
3372868164,2016-04-26 17:00:00,23,0.383333,17
3372868164,2016-04-26 18:00:00,10,0.166667,18
3372868164,2016-04-26 19:00:00,16,0.266667,19
3372868164,2016-04-26 20:00:00,11,0.183333,20
3372868164,2016-04-26 21:00:00,14,0.233333,21
3372868164,2016-04-26 22:00:00,9,0.15,22
3372868164,2016-04-26 23:00:00,4,0.066667,23
3372868164,2016-04-27 00:00:00,0,0.0,0
3372868164,2016-04-27 01:00:00,1,0.016667,1
3372868164,2016-04-27 02:00:00,6,0.1,2
3372868164,2016-04-27 03:00:00,2,0.033333,3
3372868164,2016-04-27 04:00:00,1,0.016667,4
3372868164,2016-04-27 05:00:00,0,0.0,5
3372868164,2016-04-27 06:00:00,9,0.15,6
3372868164,2016-04-27 07:00:00,12,0.2,7
3372868164,2016-04-27 08:00:00,36,0.6,8
3372868164,2016-04-27 09:00:00,7,0.116667,9
3372868164,2016-04-27 10:00:00,32,0.533333,10
3372868164,2016-04-27 11:00:00,105,1.75,11
3372868164,2016-04-27 12:00:00,21,0.35,12
3372868164,2016-04-27 13:00:00,29,0.483333,13
3372868164,2016-04-27 14:00:00,44,0.733333,14
3372868164,2016-04-27 15:00:00,17,0.283333,15
3372868164,2016-04-27 16:00:00,30,0.5,16
3372868164,2016-04-27 17:00:00,31,0.516667,17
3372868164,2016-04-27 18:00:00,10,0.166667,18
3372868164,2016-04-27 19:00:00,11,0.183333,19
3372868164,2016-04-27 20:00:00,20,0.333333,20
3372868164,2016-04-27 21:00:00,0,0.0,21
3372868164,2016-04-27 22:00:00,15,0.25,22
3372868164,2016-04-27 23:00:00,5,0.083333,23
3372868164,2016-04-28 00:00:00,1,0.016667,0
3372868164,2016-04-28 01:00:00,0,0.0,1
3372868164,2016-04-28 02:00:00,0,0.0,2
3372868164,2016-04-28 03:00:00,0,0.0,3
3372868164,2016-04-28 04:00:00,0,0.0,4
3372868164,2016-04-28 05:00:00,16,0.266667,5
3372868164,2016-04-28 06:00:00,3,0.05,6
3372868164,2016-04-28 07:00:00,33,0.55,7
3372868164,2016-04-28 08:00:00,39,0.65,8
3372868164,2016-04-28 09:00:00,13,0.216667,9
3372868164,2016-04-28 10:00:00,39,0.65,10
3372868164,2016-04-28 11:00:00,39,0.65,11
3372868164,2016-04-28 12:00:00,32,0.533333,12
3372868164,2016-04-28 13:00:00,16,0.266667,13
3372868164,2016-04-28 14:00:00,16,0.266667,14
3372868164,2016-04-28 15:00:00,28,0.466667,15
3372868164,2016-04-28 16:00:00,12,0.2,16
3372868164,2016-04-28 17:00:00,25,0.416667,17
3372868164,2016-04-28 18:00:00,31,0.516667,18
3372868164,2016-04-28 19:00:00,11,0.183333,19
3372868164,2016-04-28 20:00:00,20,0.333333,20
3372868164,2016-04-28 21:00:00,10,0.166667,21
3372868164,2016-04-28 22:00:00,1,0.016667,22
3372868164,2016-04-28 23:00:00,0,0.0,23
3372868164,2016-04-29 00:00:00,0,0.0,0
3372868164,2016-04-29 01:00:00,1,0.016667,1
3372868164,2016-04-29 02:00:00,0,0.0,2
3372868164,2016-04-29 03:00:00,0,0.0,3
3372868164,2016-04-29 04:00:00,1,0.016667,4
3372868164,2016-04-29 05:00:00,17,0.283333,5
3372868164,2016-04-29 06:00:00,9,0.15,6
3372868164,2016-04-29 07:00:00,11,0.183333,7
3372868164,2016-04-29 08:00:00,34,0.566667,8
3372868164,2016-04-29 09:00:00,26,0.433333,9
3372868164,2016-04-29 10:00:00,33,0.55,10
3372868164,2016-04-29 11:00:00,49,0.816667,11
3372868164,2016-04-29 12:00:00,34,0.566667,12
3372868164,2016-04-29 13:00:00,28,0.466667,13
3372868164,2016-04-29 14:00:00,34,0.566667,14
3372868164,2016-04-29 15:00:00,40,0.666667,15
3372868164,2016-04-29 16:00:00,22,0.366667,16
3372868164,2016-04-29 17:00:00,9,0.15,17
3372868164,2016-04-29 18:00:00,13,0.216667,18
3372868164,2016-04-29 19:00:00,8,0.133333,19
3372868164,2016-04-29 20:00:00,13,0.216667,20
3372868164,2016-04-29 21:00:00,20,0.333333,21
3372868164,2016-04-29 22:00:00,0,0.0,22
3372868164,2016-04-29 23:00:00,0,0.0,23
3372868164,2016-04-30 00:00:00,1,0.016667,0
3372868164,2016-04-30 01:00:00,0,0.0,1
3372868164,2016-04-30 02:00:00,1,0.016667,2
3372868164,2016-04-30 03:00:00,0,0.0,3
3372868164,2016-04-30 04:00:00,0,0.0,4
3372868164,2016-04-30 05:00:00,0,0.0,5
3372868164,2016-04-30 06:00:00,5,0.083333,6
3372868164,2016-04-30 07:00:00,15,0.25,7
3372868164,2016-04-30 08:00:00,8,0.133333,8
3372868164,2016-04-30 09:00:00,90,1.5,9
3372868164,2016-04-30 10:00:00,34,0.566667,10
3372868164,2016-04-30 11:00:00,3,0.05,11
3372868164,2016-04-30 12:00:00,22,0.366667,12
3372868164,2016-04-30 13:00:00,18,0.3,13
3372868164,2016-04-30 14:00:00,46,0.766667,14
3372868164,2016-04-30 15:00:00,21,0.35,15
3372868164,2016-04-30 16:00:00,23,0.383333,16
3372868164,2016-04-30 17:00:00,19,0.316667,17
3372868164,2016-04-30 18:00:00,21,0.35,18
3372868164,2016-04-30 19:00:00,6,0.1,19
3372868164,2016-04-30 20:00:00,15,0.25,20
3372868164,2016-04-30 21:00:00,5,0.083333,21
3372868164,2016-04-30 22:00:00,6,0.1,22
3372868164,2016-04-30 23:00:00,0,0.0,23
3372868164,2016-05-01 00:00:00,2,0.033333,0
3372868164,2016-05-01 01:00:00,0,0.0,1
3372868164,2016-05-01 02:00:00,0,0.0,2
3372868164,2016-05-01 03:00:00,0,0.0,3
3372868164,2016-05-01 04:00:00,1,0.016667,4
3372868164,2016-05-01 05:00:00,7,0.116667,5
3372868164,2016-05-01 06:00:00,7,0.116667,6
3372868164,2016-05-01 07:00:00,22,0.366667,7
3372868164,2016-05-01 08:00:00,16,0.266667,8
3372868164,2016-05-01 09:00:00,11,0.183333,9
3372868164,2016-05-01 10:00:00,5,0.083333,10
3372868164,2016-05-01 11:00:00,21,0.35,11
3372868164,2016-05-01 12:00:00,18,0.3,12
3372868164,2016-05-01 13:00:00,15,0.25,13
3372868164,2016-05-01 14:00:00,31,0.516667,14
3372868164,2016-05-01 15:00:00,4,0.066667,15
3977333714,2016-04-12 00:00:00,16,0.266667,0
3977333714,2016-04-12 01:00:00,0,0.0,1
3977333714,2016-04-12 02:00:00,0,0.0,2
3977333714,2016-04-12 03:00:00,2,0.033333,3
3977333714,2016-04-12 04:00:00,0,0.0,4
3977333714,2016-04-12 05:00:00,0,0.0,5
3977333714,2016-04-12 06:00:00,0,0.0,6
3977333714,2016-04-12 07:00:00,0,0.0,7
3977333714,2016-04-12 08:00:00,2,0.033333,8
3977333714,2016-04-12 09:00:00,2,0.033333,9
3977333714,2016-04-12 10:00:00,4,0.066667,10
3977333714,2016-04-12 11:00:00,0,0.0,11
3977333714,2016-04-12 12:00:00,20,0.333333,12
3977333714,2016-04-12 13:00:00,118,1.966667,13
3977333714,2016-04-12 14:00:00,72,1.2,14
3977333714,2016-04-12 15:00:00,5,0.083333,15
3977333714,2016-04-12 16:00:00,5,0.083333,16
3977333714,2016-04-12 17:00:00,8,0.133333,17
3977333714,2016-04-12 18:00:00,12,0.2,18
3977333714,2016-04-12 19:00:00,12,0.2,19
3977333714,2016-04-12 20:00:00,2,0.033333,20
3977333714,2016-04-12 21:00:00,10,0.166667,21
3977333714,2016-04-12 22:00:00,7,0.116667,22
3977333714,2016-04-12 23:00:00,4,0.066667,23
3977333714,2016-04-13 00:00:00,4,0.066667,0
3977333714,2016-04-13 01:00:00,0,0.0,1
3977333714,2016-04-13 02:00:00,1,0.016667,2
3977333714,2016-04-13 03:00:00,0,0.0,3
3977333714,2016-04-13 04:00:00,0,0.0,4
3977333714,2016-04-13 05:00:00,0,0.0,5
3977333714,2016-04-13 06:00:00,1,0.016667,6
3977333714,2016-04-13 07:00:00,3,0.05,7
3977333714,2016-04-13 08:00:00,2,0.033333,8
3977333714,2016-04-13 09:00:00,2,0.033333,9
3977333714,2016-04-13 10:00:00,6,0.1,10
3977333714,2016-04-13 11:00:00,5,0.083333,11
3977333714,2016-04-13 12:00:00,4,0.066667,12
3977333714,2016-04-13 13:00:00,7,0.116667,13
3977333714,2016-04-13 14:00:00,16,0.266667,14
3977333714,2016-04-13 15:00:00,26,0.433333,15
3977333714,2016-04-13 16:00:00,22,0.366667,16
3977333714,2016-04-13 17:00:00,116,1.933333,17
3977333714,2016-04-13 18:00:00,76,1.266667,18
3977333714,2016-04-13 19:00:00,19,0.316667,19
3977333714,2016-04-13 20:00:00,1,0.016667,20
3977333714,2016-04-13 21:00:00,12,0.2,21
3977333714,2016-04-13 22:00:00,7,0.116667,22
3977333714,2016-04-13 23:00:00,8,0.133333,23
3977333714,2016-04-14 00:00:00,4,0.066667,0
3977333714,2016-04-14 01:00:00,6,0.1,1
3977333714,2016-04-14 02:00:00,0,0.0,2
3977333714,2016-04-14 03:00:00,0,0.0,3
3977333714,2016-04-14 04:00:00,0,0.0,4
3977333714,2016-04-14 05:00:00,1,0.016667,5
3977333714,2016-04-14 06:00:00,0,0.0,6
3977333714,2016-04-14 07:00:00,0,0.0,7
3977333714,2016-04-14 08:00:00,6,0.1,8
3977333714,2016-04-14 09:00:00,21,0.35,9
3977333714,2016-04-14 10:00:00,53,0.883333,10
3977333714,2016-04-14 11:00:00,56,0.933333,11
3977333714,2016-04-14 12:00:00,4,0.066667,12
3977333714,2016-04-14 13:00:00,20,0.333333,13
3977333714,2016-04-14 14:00:00,3,0.05,14
3977333714,2016-04-14 15:00:00,0,0.0,15
3977333714,2016-04-14 16:00:00,8,0.133333,16
3977333714,2016-04-14 17:00:00,53,0.883333,17
3977333714,2016-04-14 18:00:00,19,0.316667,18
3977333714,2016-04-14 19:00:00,7,0.116667,19
3977333714,2016-04-14 20:00:00,8,0.133333,20
3977333714,2016-04-14 21:00:00,6,0.1,21
3977333714,2016-04-14 22:00:00,0,0.0,22
3977333714,2016-04-14 23:00:00,0,0.0,23
3977333714,2016-04-15 00:00:00,7,0.116667,0
3977333714,2016-04-15 01:00:00,5,0.083333,1
3977333714,2016-04-15 02:00:00,3,0.05,2
3977333714,2016-04-15 03:00:00,0,0.0,3
3977333714,2016-04-15 04:00:00,0,0.0,4
3977333714,2016-04-15 05:00:00,0,0.0,5
3977333714,2016-04-15 06:00:00,0,0.0,6
3977333714,2016-04-15 07:00:00,1,0.016667,7
3977333714,2016-04-15 08:00:00,1,0.016667,8
3977333714,2016-04-15 09:00:00,0,0.0,9
3977333714,2016-04-15 10:00:00,1,0.016667,10
3977333714,2016-04-15 11:00:00,17,0.283333,11
3977333714,2016-04-15 12:00:00,12,0.2,12
3977333714,2016-04-15 13:00:00,1,0.016667,13
3977333714,2016-04-15 14:00:00,20,0.333333,14
3977333714,2016-04-15 15:00:00,13,0.216667,15
3977333714,2016-04-15 16:00:00,88,1.466667,16
3977333714,2016-04-15 17:00:00,44,0.733333,17
3977333714,2016-04-15 18:00:00,51,0.85,18
3977333714,2016-04-15 19:00:00,21,0.35,19
3977333714,2016-04-15 20:00:00,0,0.0,20
3977333714,2016-04-15 21:00:00,1,0.016667,21
3977333714,2016-04-15 22:00:00,8,0.133333,22
3977333714,2016-04-15 23:00:00,18,0.3,23
3977333714,2016-04-16 00:00:00,2,0.033333,0
3977333714,2016-04-16 01:00:00,0,0.0,1
3977333714,2016-04-16 02:00:00,0,0.0,2
3977333714,2016-04-16 03:00:00,0,0.0,3
3977333714,2016-04-16 04:00:00,0,0.0,4
3977333714,2016-04-16 05:00:00,2,0.033333,5
3977333714,2016-04-16 06:00:00,0,0.0,6
3977333714,2016-04-16 07:00:00,0,0.0,7
3977333714,2016-04-16 08:00:00,2,0.033333,8
3977333714,2016-04-16 09:00:00,3,0.05,9
3977333714,2016-04-16 10:00:00,6,0.1,10
3977333714,2016-04-16 11:00:00,95,1.583333,11
3977333714,2016-04-16 12:00:00,78,1.3,12
3977333714,2016-04-16 13:00:00,64,1.066667,13
3977333714,2016-04-16 14:00:00,35,0.583333,14
3977333714,2016-04-16 15:00:00,6,0.1,15
3977333714,2016-04-16 16:00:00,9,0.15,16
3977333714,2016-04-16 17:00:00,68,1.133333,17
3977333714,2016-04-16 18:00:00,11,0.183333,18
3977333714,2016-04-16 19:00:00,9,0.15,19
3977333714,2016-04-16 20:00:00,0,0.0,20
3977333714,2016-04-16 21:00:00,1,0.016667,21
3977333714,2016-04-16 22:00:00,13,0.216667,22
3977333714,2016-04-16 23:00:00,8,0.133333,23
3977333714,2016-04-17 00:00:00,1,0.016667,0
3977333714,2016-04-17 01:00:00,0,0.0,1
3977333714,2016-04-17 02:00:00,0,0.0,2
3977333714,2016-04-17 03:00:00,0,0.0,3
3977333714,2016-04-17 04:00:00,0,0.0,4
3977333714,2016-04-17 05:00:00,0,0.0,5
3977333714,2016-04-17 06:00:00,1,0.016667,6
3977333714,2016-04-17 07:00:00,0,0.0,7
3977333714,2016-04-17 08:00:00,0,0.0,8
3977333714,2016-04-17 09:00:00,6,0.1,9
3977333714,2016-04-17 10:00:00,20,0.333333,10
3977333714,2016-04-17 11:00:00,10,0.166667,11
3977333714,2016-04-17 12:00:00,7,0.116667,12
3977333714,2016-04-17 13:00:00,7,0.116667,13
3977333714,2016-04-17 14:00:00,16,0.266667,14
3977333714,2016-04-17 15:00:00,18,0.3,15
3977333714,2016-04-17 16:00:00,22,0.366667,16
3977333714,2016-04-17 17:00:00,99,1.65,17
3977333714,2016-04-17 18:00:00,27,0.45,18
3977333714,2016-04-17 19:00:00,89,1.483333,19
3977333714,2016-04-17 20:00:00,3,0.05,20
3977333714,2016-04-17 21:00:00,10,0.166667,21
3977333714,2016-04-17 22:00:00,18,0.3,22
3977333714,2016-04-17 23:00:00,0,0.0,23
3977333714,2016-04-18 00:00:00,1,0.016667,0
3977333714,2016-04-18 01:00:00,0,0.0,1
3977333714,2016-04-18 02:00:00,0,0.0,2
3977333714,2016-04-18 03:00:00,0,0.0,3
3977333714,2016-04-18 04:00:00,0,0.0,4
3977333714,2016-04-18 05:00:00,1,0.016667,5
3977333714,2016-04-18 06:00:00,0,0.0,6
3977333714,2016-04-18 07:00:00,0,0.0,7
3977333714,2016-04-18 08:00:00,3,0.05,8
3977333714,2016-04-18 09:00:00,3,0.05,9
3977333714,2016-04-18 10:00:00,0,0.0,10
3977333714,2016-04-18 11:00:00,9,0.15,11
3977333714,2016-04-18 12:00:00,30,0.5,12
3977333714,2016-04-18 13:00:00,95,1.583333,13
3977333714,2016-04-18 14:00:00,77,1.283333,14
3977333714,2016-04-18 15:00:00,3,0.05,15
3977333714,2016-04-18 16:00:00,14,0.233333,16
3977333714,2016-04-18 17:00:00,24,0.4,17
3977333714,2016-04-18 18:00:00,62,1.033333,18
3977333714,2016-04-18 19:00:00,48,0.8,19
3977333714,2016-04-18 20:00:00,36,0.6,20
3977333714,2016-04-18 21:00:00,1,0.016667,21
3977333714,2016-04-18 22:00:00,8,0.133333,22
3977333714,2016-04-18 23:00:00,1,0.016667,23
3977333714,2016-04-19 00:00:00,1,0.016667,0
3977333714,2016-04-19 01:00:00,3,0.05,1
3977333714,2016-04-19 02:00:00,0,0.0,2
3977333714,2016-04-19 03:00:00,2,0.033333,3
3977333714,2016-04-19 04:00:00,0,0.0,4
3977333714,2016-04-19 05:00:00,0,0.0,5
3977333714,2016-04-19 06:00:00,0,0.0,6
3977333714,2016-04-19 07:00:00,0,0.0,7
3977333714,2016-04-19 08:00:00,4,0.066667,8
3977333714,2016-04-19 09:00:00,0,0.0,9
3977333714,2016-04-19 10:00:00,0,0.0,10
3977333714,2016-04-19 11:00:00,8,0.133333,11
3977333714,2016-04-19 12:00:00,29,0.483333,12
3977333714,2016-04-19 13:00:00,55,0.916667,13
3977333714,2016-04-19 14:00:00,15,0.25,14
3977333714,2016-04-19 15:00:00,60,1.0,15
3977333714,2016-04-19 16:00:00,81,1.35,16
3977333714,2016-04-19 17:00:00,7,0.116667,17
3977333714,2016-04-19 18:00:00,4,0.066667,18
3977333714,2016-04-19 19:00:00,3,0.05,19
3977333714,2016-04-19 20:00:00,32,0.533333,20
3977333714,2016-04-19 21:00:00,17,0.283333,21
3977333714,2016-04-19 22:00:00,11,0.183333,22
3977333714,2016-04-19 23:00:00,80,1.333333,23
3977333714,2016-04-20 00:00:00,10,0.166667,0
3977333714,2016-04-20 01:00:00,0,0.0,1
3977333714,2016-04-20 02:00:00,0,0.0,2
3977333714,2016-04-20 03:00:00,0,0.0,3
3977333714,2016-04-20 04:00:00,0,0.0,4
3977333714,2016-04-20 05:00:00,1,0.016667,5
3977333714,2016-04-20 06:00:00,0,0.0,6
3977333714,2016-04-20 07:00:00,0,0.0,7
3977333714,2016-04-20 08:00:00,2,0.033333,8
3977333714,2016-04-20 09:00:00,0,0.0,9
3977333714,2016-04-20 10:00:00,23,0.383333,10
3977333714,2016-04-20 11:00:00,25,0.416667,11
3977333714,2016-04-20 12:00:00,0,0.0,12
3977333714,2016-04-20 13:00:00,14,0.233333,13
3977333714,2016-04-20 14:00:00,10,0.166667,14
3977333714,2016-04-20 15:00:00,17,0.283333,15
3977333714,2016-04-20 16:00:00,12,0.2,16
3977333714,2016-04-20 17:00:00,6,0.1,17
3977333714,2016-04-20 18:00:00,21,0.35,18
3977333714,2016-04-20 19:00:00,94,1.566667,19
3977333714,2016-04-20 20:00:00,109,1.816667,20
3977333714,2016-04-20 21:00:00,21,0.35,21
3977333714,2016-04-20 22:00:00,0,0.0,22
3977333714,2016-04-20 23:00:00,1,0.016667,23
3977333714,2016-04-21 00:00:00,2,0.033333,0
3977333714,2016-04-21 01:00:00,0,0.0,1
3977333714,2016-04-21 02:00:00,1,0.016667,2
3977333714,2016-04-21 03:00:00,0,0.0,3
3977333714,2016-04-21 04:00:00,0,0.0,4
3977333714,2016-04-21 05:00:00,0,0.0,5
3977333714,2016-04-21 06:00:00,1,0.016667,6
3977333714,2016-04-21 07:00:00,1,0.016667,7
3977333714,2016-04-21 08:00:00,34,0.566667,8
3977333714,2016-04-21 09:00:00,10,0.166667,9
3977333714,2016-04-21 10:00:00,25,0.416667,10
3977333714,2016-04-21 11:00:00,19,0.316667,11
3977333714,2016-04-21 12:00:00,8,0.133333,12
3977333714,2016-04-21 13:00:00,24,0.4,13
3977333714,2016-04-21 14:00:00,3,0.05,14
3977333714,2016-04-21 15:00:00,6,0.1,15
3977333714,2016-04-21 16:00:00,32,0.533333,16
3977333714,2016-04-21 17:00:00,17,0.283333,17
3977333714,2016-04-21 18:00:00,26,0.433333,18
3977333714,2016-04-21 19:00:00,24,0.4,19
3977333714,2016-04-21 20:00:00,2,0.033333,20
3977333714,2016-04-21 21:00:00,3,0.05,21
3977333714,2016-04-21 22:00:00,3,0.05,22
3977333714,2016-04-21 23:00:00,1,0.016667,23
3977333714,2016-04-22 00:00:00,8,0.133333,0
3977333714,2016-04-22 01:00:00,8,0.133333,1
3977333714,2016-04-22 02:00:00,0,0.0,2
3977333714,2016-04-22 03:00:00,1,0.016667,3
3977333714,2016-04-22 04:00:00,0,0.0,4
3977333714,2016-04-22 05:00:00,1,0.016667,5
3977333714,2016-04-22 06:00:00,2,0.033333,6
3977333714,2016-04-22 07:00:00,0,0.0,7
3977333714,2016-04-22 08:00:00,0,0.0,8
3977333714,2016-04-22 09:00:00,10,0.166667,9
3977333714,2016-04-22 10:00:00,25,0.416667,10
3977333714,2016-04-22 11:00:00,26,0.433333,11
3977333714,2016-04-22 12:00:00,7,0.116667,12
3977333714,2016-04-22 13:00:00,101,1.683333,13
3977333714,2016-04-22 14:00:00,50,0.833333,14
3977333714,2016-04-22 15:00:00,14,0.233333,15
3977333714,2016-04-22 16:00:00,11,0.183333,16
3977333714,2016-04-22 17:00:00,10,0.166667,17
3977333714,2016-04-22 18:00:00,3,0.05,18
3977333714,2016-04-22 19:00:00,18,0.3,19
3977333714,2016-04-22 20:00:00,12,0.2,20
3977333714,2016-04-22 21:00:00,0,0.0,21
3977333714,2016-04-22 22:00:00,4,0.066667,22
3977333714,2016-04-22 23:00:00,0,0.0,23
3977333714,2016-04-23 00:00:00,6,0.1,0
3977333714,2016-04-23 01:00:00,2,0.033333,1
3977333714,2016-04-23 02:00:00,0,0.0,2
3977333714,2016-04-23 03:00:00,0,0.0,3
3977333714,2016-04-23 04:00:00,0,0.0,4
3977333714,2016-04-23 05:00:00,1,0.016667,5
3977333714,2016-04-23 06:00:00,0,0.0,6
3977333714,2016-04-23 07:00:00,11,0.183333,7
3977333714,2016-04-23 08:00:00,24,0.4,8
3977333714,2016-04-23 09:00:00,26,0.433333,9
3977333714,2016-04-23 10:00:00,14,0.233333,10
3977333714,2016-04-23 11:00:00,15,0.25,11
3977333714,2016-04-23 12:00:00,9,0.15,12
3977333714,2016-04-23 13:00:00,35,0.583333,13
3977333714,2016-04-23 14:00:00,31,0.516667,14
3977333714,2016-04-23 15:00:00,30,0.5,15
3977333714,2016-04-23 16:00:00,15,0.25,16
3977333714,2016-04-23 17:00:00,7,0.116667,17
3977333714,2016-04-23 18:00:00,1,0.016667,18
3977333714,2016-04-23 19:00:00,1,0.016667,19
3977333714,2016-04-23 20:00:00,26,0.433333,20
3977333714,2016-04-23 21:00:00,115,1.916667,21
3977333714,2016-04-23 22:00:00,67,1.116667,22
3977333714,2016-04-23 23:00:00,0,0.0,23
3977333714,2016-04-24 00:00:00,3,0.05,0
3977333714,2016-04-24 01:00:00,0,0.0,1
3977333714,2016-04-24 02:00:00,0,0.0,2
3977333714,2016-04-24 03:00:00,0,0.0,3
3977333714,2016-04-24 04:00:00,0,0.0,4
3977333714,2016-04-24 05:00:00,0,0.0,5
3977333714,2016-04-24 06:00:00,0,0.0,6
3977333714,2016-04-24 07:00:00,1,0.016667,7
3977333714,2016-04-24 08:00:00,0,0.0,8
3977333714,2016-04-24 09:00:00,4,0.066667,9
3977333714,2016-04-24 10:00:00,7,0.116667,10
3977333714,2016-04-24 11:00:00,0,0.0,11
3977333714,2016-04-24 12:00:00,4,0.066667,12
3977333714,2016-04-24 13:00:00,15,0.25,13
3977333714,2016-04-24 14:00:00,109,1.816667,14
3977333714,2016-04-24 15:00:00,87,1.45,15
3977333714,2016-04-24 16:00:00,33,0.55,16
3977333714,2016-04-24 17:00:00,13,0.216667,17
3977333714,2016-04-24 18:00:00,11,0.183333,18
3977333714,2016-04-24 19:00:00,3,0.05,19
3977333714,2016-04-24 20:00:00,1,0.016667,20
3977333714,2016-04-24 21:00:00,9,0.15,21
3977333714,2016-04-24 22:00:00,75,1.25,22
3977333714,2016-04-24 23:00:00,34,0.566667,23
3977333714,2016-04-25 00:00:00,4,0.066667,0
3977333714,2016-04-25 01:00:00,0,0.0,1
3977333714,2016-04-25 02:00:00,1,0.016667,2
3977333714,2016-04-25 03:00:00,0,0.0,3
3977333714,2016-04-25 04:00:00,0,0.0,4
3977333714,2016-04-25 05:00:00,0,0.0,5
3977333714,2016-04-25 06:00:00,0,0.0,6
3977333714,2016-04-25 07:00:00,0,0.0,7
3977333714,2016-04-25 08:00:00,0,0.0,8
3977333714,2016-04-25 09:00:00,5,0.083333,9
3977333714,2016-04-25 10:00:00,19,0.316667,10
3977333714,2016-04-25 11:00:00,4,0.066667,11
3977333714,2016-04-25 12:00:00,8,0.133333,12
3977333714,2016-04-25 13:00:00,11,0.183333,13
3977333714,2016-04-25 14:00:00,14,0.233333,14
3977333714,2016-04-25 15:00:00,9,0.15,15
3977333714,2016-04-25 16:00:00,13,0.216667,16
3977333714,2016-04-25 17:00:00,0,0.0,17
3977333714,2016-04-25 18:00:00,6,0.1,18
3977333714,2016-04-25 19:00:00,5,0.083333,19
3977333714,2016-04-25 20:00:00,85,1.416667,20
3977333714,2016-04-25 21:00:00,98,1.633333,21
3977333714,2016-04-25 22:00:00,11,0.183333,22
3977333714,2016-04-25 23:00:00,8,0.133333,23
3977333714,2016-04-26 00:00:00,0,0.0,0
3977333714,2016-04-26 01:00:00,1,0.016667,1
3977333714,2016-04-26 02:00:00,3,0.05,2
3977333714,2016-04-26 03:00:00,2,0.033333,3
3977333714,2016-04-26 04:00:00,1,0.016667,4
3977333714,2016-04-26 05:00:00,0,0.0,5
3977333714,2016-04-26 06:00:00,0,0.0,6
3977333714,2016-04-26 07:00:00,0,0.0,7
3977333714,2016-04-26 08:00:00,1,0.016667,8
3977333714,2016-04-26 09:00:00,6,0.1,9
3977333714,2016-04-26 10:00:00,21,0.35,10
3977333714,2016-04-26 11:00:00,18,0.3,11
3977333714,2016-04-26 12:00:00,13,0.216667,12
3977333714,2016-04-26 13:00:00,0,0.0,13
3977333714,2016-04-26 14:00:00,4,0.066667,14
3977333714,2016-04-26 15:00:00,17,0.283333,15
3977333714,2016-04-26 16:00:00,12,0.2,16
3977333714,2016-04-26 17:00:00,16,0.266667,17
3977333714,2016-04-26 18:00:00,21,0.35,18
3977333714,2016-04-26 19:00:00,21,0.35,19
3977333714,2016-04-26 20:00:00,108,1.8,20
3977333714,2016-04-26 21:00:00,57,0.95,21
3977333714,2016-04-26 22:00:00,59,0.983333,22
3977333714,2016-04-26 23:00:00,0,0.0,23
3977333714,2016-04-27 00:00:00,3,0.05,0
3977333714,2016-04-27 01:00:00,0,0.0,1
3977333714,2016-04-27 02:00:00,0,0.0,2
3977333714,2016-04-27 03:00:00,1,0.016667,3
3977333714,2016-04-27 04:00:00,0,0.0,4
3977333714,2016-04-27 05:00:00,0,0.0,5
3977333714,2016-04-27 06:00:00,0,0.0,6
3977333714,2016-04-27 07:00:00,0,0.0,7
3977333714,2016-04-27 08:00:00,1,0.016667,8
3977333714,2016-04-27 09:00:00,3,0.05,9
3977333714,2016-04-27 10:00:00,29,0.483333,10
3977333714,2016-04-27 11:00:00,12,0.2,11
3977333714,2016-04-27 12:00:00,6,0.1,12
3977333714,2016-04-27 13:00:00,11,0.183333,13
3977333714,2016-04-27 14:00:00,13,0.216667,14
3977333714,2016-04-27 15:00:00,0,0.0,15
3977333714,2016-04-27 16:00:00,15,0.25,16
3977333714,2016-04-27 17:00:00,1,0.016667,17
3977333714,2016-04-27 18:00:00,40,0.666667,18
3977333714,2016-04-27 19:00:00,3,0.05,19
3977333714,2016-04-27 20:00:00,11,0.183333,20
3977333714,2016-04-27 21:00:00,2,0.033333,21
3977333714,2016-04-27 22:00:00,35,0.583333,22
3977333714,2016-04-27 23:00:00,10,0.166667,23
3977333714,2016-04-28 00:00:00,24,0.4,0
3977333714,2016-04-28 01:00:00,15,0.25,1
3977333714,2016-04-28 02:00:00,0,0.0,2
3977333714,2016-04-28 03:00:00,1,0.016667,3
3977333714,2016-04-28 04:00:00,1,0.016667,4
3977333714,2016-04-28 05:00:00,0,0.0,5
3977333714,2016-04-28 06:00:00,0,0.0,6
3977333714,2016-04-28 07:00:00,0,0.0,7
3977333714,2016-04-28 08:00:00,0,0.0,8
3977333714,2016-04-28 09:00:00,3,0.05,9
3977333714,2016-04-28 10:00:00,30,0.5,10
3977333714,2016-04-28 11:00:00,14,0.233333,11
3977333714,2016-04-28 12:00:00,6,0.1,12
3977333714,2016-04-28 13:00:00,20,0.333333,13
3977333714,2016-04-28 14:00:00,20,0.333333,14
3977333714,2016-04-28 15:00:00,21,0.35,15
3977333714,2016-04-28 16:00:00,70,1.166667,16
3977333714,2016-04-28 17:00:00,2,0.033333,17
3977333714,2016-04-28 18:00:00,2,0.033333,18
3977333714,2016-04-28 19:00:00,2,0.033333,19
3977333714,2016-04-28 20:00:00,3,0.05,20
3977333714,2016-04-28 21:00:00,4,0.066667,21
3977333714,2016-04-28 22:00:00,7,0.116667,22
3977333714,2016-04-28 23:00:00,6,0.1,23
3977333714,2016-04-29 00:00:00,10,0.166667,0
3977333714,2016-04-29 01:00:00,0,0.0,1
3977333714,2016-04-29 02:00:00,1,0.016667,2
3977333714,2016-04-29 03:00:00,0,0.0,3
3977333714,2016-04-29 04:00:00,0,0.0,4
3977333714,2016-04-29 05:00:00,0,0.0,5
3977333714,2016-04-29 06:00:00,2,0.033333,6
3977333714,2016-04-29 07:00:00,0,0.0,7
3977333714,2016-04-29 08:00:00,2,0.033333,8
3977333714,2016-04-29 09:00:00,2,0.033333,9
3977333714,2016-04-29 10:00:00,35,0.583333,10
3977333714,2016-04-29 11:00:00,7,0.116667,11
3977333714,2016-04-29 12:00:00,10,0.166667,12
3977333714,2016-04-29 13:00:00,5,0.083333,13
3977333714,2016-04-29 14:00:00,13,0.216667,14
3977333714,2016-04-29 15:00:00,7,0.116667,15
3977333714,2016-04-29 16:00:00,7,0.116667,16
3977333714,2016-04-29 17:00:00,15,0.25,17
3977333714,2016-04-29 18:00:00,19,0.316667,18
3977333714,2016-04-29 19:00:00,114,1.9,19
3977333714,2016-04-29 20:00:00,9,0.15,20
3977333714,2016-04-29 21:00:00,2,0.033333,21
3977333714,2016-04-29 22:00:00,47,0.783333,22
3977333714,2016-04-29 23:00:00,15,0.25,23
3977333714,2016-04-30 00:00:00,10,0.166667,0
3977333714,2016-04-30 01:00:00,0,0.0,1
3977333714,2016-04-30 02:00:00,1,0.016667,2
3977333714,2016-04-30 03:00:00,0,0.0,3
3977333714,2016-04-30 04:00:00,0,0.0,4
3977333714,2016-04-30 05:00:00,3,0.05,5
3977333714,2016-04-30 06:00:00,13,0.216667,6
3977333714,2016-04-30 07:00:00,25,0.416667,7
3977333714,2016-04-30 08:00:00,32,0.533333,8
3977333714,2016-04-30 09:00:00,5,0.083333,9
3977333714,2016-04-30 10:00:00,2,0.033333,10
3977333714,2016-04-30 11:00:00,55,0.916667,11
3977333714,2016-04-30 12:00:00,9,0.15,12
3977333714,2016-04-30 13:00:00,14,0.233333,13
3977333714,2016-04-30 14:00:00,11,0.183333,14
3977333714,2016-04-30 15:00:00,1,0.016667,15
3977333714,2016-04-30 16:00:00,11,0.183333,16
3977333714,2016-04-30 17:00:00,54,0.9,17
3977333714,2016-04-30 18:00:00,14,0.233333,18
3977333714,2016-04-30 19:00:00,94,1.566667,19
3977333714,2016-04-30 20:00:00,45,0.75,20
3977333714,2016-04-30 21:00:00,21,0.35,21
3977333714,2016-04-30 22:00:00,5,0.083333,22
3977333714,2016-04-30 23:00:00,2,0.033333,23
3977333714,2016-05-01 00:00:00,0,0.0,0
3977333714,2016-05-01 01:00:00,1,0.016667,1
3977333714,2016-05-01 02:00:00,0,0.0,2
3977333714,2016-05-01 03:00:00,3,0.05,3
3977333714,2016-05-01 04:00:00,0,0.0,4
3977333714,2016-05-01 05:00:00,0,0.0,5
3977333714,2016-05-01 06:00:00,0,0.0,6
3977333714,2016-05-01 07:00:00,0,0.0,7
3977333714,2016-05-01 08:00:00,0,0.0,8
3977333714,2016-05-01 09:00:00,10,0.166667,9
3977333714,2016-05-01 10:00:00,19,0.316667,10
3977333714,2016-05-01 11:00:00,19,0.316667,11
3977333714,2016-05-01 12:00:00,13,0.216667,12
3977333714,2016-05-01 13:00:00,17,0.283333,13
3977333714,2016-05-01 14:00:00,7,0.116667,14
3977333714,2016-05-01 15:00:00,3,0.05,15
3977333714,2016-05-01 16:00:00,1,0.016667,16
3977333714,2016-05-01 17:00:00,4,0.066667,17
3977333714,2016-05-01 18:00:00,72,1.2,18
3977333714,2016-05-01 19:00:00,147,2.45,19
3977333714,2016-05-01 20:00:00,4,0.066667,20
3977333714,2016-05-01 21:00:00,0,0.0,21
3977333714,2016-05-01 22:00:00,1,0.016667,22
3977333714,2016-05-01 23:00:00,6,0.1,23
3977333714,2016-05-02 00:00:00,5,0.083333,0
3977333714,2016-05-02 01:00:00,0,0.0,1
3977333714,2016-05-02 02:00:00,0,0.0,2
3977333714,2016-05-02 03:00:00,0,0.0,3
3977333714,2016-05-02 04:00:00,1,0.016667,4
3977333714,2016-05-02 05:00:00,0,0.0,5
3977333714,2016-05-02 06:00:00,3,0.05,6
3977333714,2016-05-02 07:00:00,7,0.116667,7
3977333714,2016-05-02 08:00:00,11,0.183333,8
3977333714,2016-05-02 09:00:00,2,0.033333,9
3977333714,2016-05-02 10:00:00,2,0.033333,10
3977333714,2016-05-02 11:00:00,5,0.083333,11
3977333714,2016-05-02 12:00:00,4,0.066667,12
3977333714,2016-05-02 13:00:00,51,0.85,13
3977333714,2016-05-02 14:00:00,112,1.866667,14
3977333714,2016-05-02 15:00:00,11,0.183333,15
3977333714,2016-05-02 16:00:00,10,0.166667,16
3977333714,2016-05-02 17:00:00,25,0.416667,17
3977333714,2016-05-02 18:00:00,111,1.85,18
3977333714,2016-05-02 19:00:00,24,0.4,19
3977333714,2016-05-02 20:00:00,75,1.25,20
3977333714,2016-05-02 21:00:00,64,1.066667,21
3977333714,2016-05-02 22:00:00,8,0.133333,22
3977333714,2016-05-02 23:00:00,3,0.05,23
3977333714,2016-05-03 00:00:00,2,0.033333,0
3977333714,2016-05-03 01:00:00,0,0.0,1
3977333714,2016-05-03 02:00:00,0,0.0,2
3977333714,2016-05-03 03:00:00,0,0.0,3
3977333714,2016-05-03 04:00:00,0,0.0,4
3977333714,2016-05-03 05:00:00,1,0.016667,5
3977333714,2016-05-03 06:00:00,0,0.0,6
3977333714,2016-05-03 07:00:00,0,0.0,7
3977333714,2016-05-03 08:00:00,0,0.0,8
3977333714,2016-05-03 09:00:00,27,0.45,9
3977333714,2016-05-03 10:00:00,32,0.533333,10
3977333714,2016-05-03 11:00:00,69,1.15,11
3977333714,2016-05-03 12:00:00,5,0.083333,12
3977333714,2016-05-03 13:00:00,1,0.016667,13
3977333714,2016-05-03 14:00:00,51,0.85,14
3977333714,2016-05-03 15:00:00,1,0.016667,15
3977333714,2016-05-03 16:00:00,27,0.45,16
3977333714,2016-05-03 17:00:00,16,0.266667,17
3977333714,2016-05-03 18:00:00,46,0.766667,18
3977333714,2016-05-03 19:00:00,4,0.066667,19
3977333714,2016-05-03 20:00:00,3,0.05,20
3977333714,2016-05-03 21:00:00,37,0.616667,21
3977333714,2016-05-03 22:00:00,114,1.9,22
3977333714,2016-05-03 23:00:00,45,0.75,23
3977333714,2016-05-04 00:00:00,2,0.033333,0
3977333714,2016-05-04 01:00:00,0,0.0,1
3977333714,2016-05-04 02:00:00,3,0.05,2
3977333714,2016-05-04 03:00:00,0,0.0,3
3977333714,2016-05-04 04:00:00,0,0.0,4
3977333714,2016-05-04 05:00:00,0,0.0,5
3977333714,2016-05-04 06:00:00,1,0.016667,6
3977333714,2016-05-04 07:00:00,1,0.016667,7
3977333714,2016-05-04 08:00:00,31,0.516667,8
3977333714,2016-05-04 09:00:00,13,0.216667,9
3977333714,2016-05-04 10:00:00,38,0.633333,10
3977333714,2016-05-04 11:00:00,8,0.133333,11
3977333714,2016-05-04 12:00:00,8,0.133333,12
3977333714,2016-05-04 13:00:00,10,0.166667,13
3977333714,2016-05-04 14:00:00,2,0.033333,14
3977333714,2016-05-04 15:00:00,20,0.333333,15
3977333714,2016-05-04 16:00:00,1,0.016667,16
3977333714,2016-05-04 17:00:00,3,0.05,17
3977333714,2016-05-04 18:00:00,2,0.033333,18
3977333714,2016-05-04 19:00:00,8,0.133333,19
3977333714,2016-05-04 20:00:00,5,0.083333,20
3977333714,2016-05-04 21:00:00,2,0.033333,21
3977333714,2016-05-04 22:00:00,89,1.483333,22
3977333714,2016-05-04 23:00:00,129,2.15,23
3977333714,2016-05-05 00:00:00,19,0.316667,0
3977333714,2016-05-05 01:00:00,0,0.0,1
3977333714,2016-05-05 02:00:00,0,0.0,2
3977333714,2016-05-05 03:00:00,2,0.033333,3
3977333714,2016-05-05 04:00:00,0,0.0,4
3977333714,2016-05-05 05:00:00,0,0.0,5
3977333714,2016-05-05 06:00:00,0,0.0,6
3977333714,2016-05-05 07:00:00,2,0.033333,7
3977333714,2016-05-05 08:00:00,1,0.016667,8
3977333714,2016-05-05 09:00:00,13,0.216667,9
3977333714,2016-05-05 10:00:00,17,0.283333,10
3977333714,2016-05-05 11:00:00,18,0.3,11
3977333714,2016-05-05 12:00:00,12,0.2,12
3977333714,2016-05-05 13:00:00,18,0.3,13
3977333714,2016-05-05 14:00:00,9,0.15,14
3977333714,2016-05-05 15:00:00,4,0.066667,15
3977333714,2016-05-05 16:00:00,17,0.283333,16
3977333714,2016-05-05 17:00:00,2,0.033333,17
3977333714,2016-05-05 18:00:00,7,0.116667,18
3977333714,2016-05-05 19:00:00,1,0.016667,19
3977333714,2016-05-05 20:00:00,12,0.2,20
3977333714,2016-05-05 21:00:00,75,1.25,21
3977333714,2016-05-05 22:00:00,113,1.883333,22
3977333714,2016-05-05 23:00:00,54,0.9,23
3977333714,2016-05-06 00:00:00,3,0.05,0
3977333714,2016-05-06 01:00:00,0,0.0,1
3977333714,2016-05-06 02:00:00,0,0.0,2
3977333714,2016-05-06 03:00:00,0,0.0,3
3977333714,2016-05-06 04:00:00,0,0.0,4
3977333714,2016-05-06 05:00:00,0,0.0,5
3977333714,2016-05-06 06:00:00,0,0.0,6
3977333714,2016-05-06 07:00:00,1,0.016667,7
3977333714,2016-05-06 08:00:00,0,0.0,8
3977333714,2016-05-06 09:00:00,10,0.166667,9
3977333714,2016-05-06 10:00:00,3,0.05,10
3977333714,2016-05-06 11:00:00,5,0.083333,11
3977333714,2016-05-06 12:00:00,6,0.1,12
3977333714,2016-05-06 13:00:00,7,0.116667,13
3977333714,2016-05-06 14:00:00,27,0.45,14
3977333714,2016-05-06 15:00:00,13,0.216667,15
3977333714,2016-05-06 16:00:00,11,0.183333,16
3977333714,2016-05-06 17:00:00,16,0.266667,17
3977333714,2016-05-06 18:00:00,23,0.383333,18
3977333714,2016-05-06 19:00:00,124,2.066667,19
3977333714,2016-05-06 20:00:00,93,1.55,20
3977333714,2016-05-06 21:00:00,0,0.0,21
3977333714,2016-05-06 22:00:00,18,0.3,22
3977333714,2016-05-06 23:00:00,5,0.083333,23
3977333714,2016-05-07 00:00:00,2,0.033333,0
3977333714,2016-05-07 01:00:00,2,0.033333,1
3977333714,2016-05-07 02:00:00,0,0.0,2
3977333714,2016-05-07 03:00:00,2,0.033333,3
3977333714,2016-05-07 04:00:00,1,0.016667,4
3977333714,2016-05-07 05:00:00,0,0.0,5
3977333714,2016-05-07 06:00:00,1,0.016667,6
3977333714,2016-05-07 07:00:00,0,0.0,7
3977333714,2016-05-07 08:00:00,0,0.0,8
3977333714,2016-05-07 09:00:00,1,0.016667,9
3977333714,2016-05-07 10:00:00,9,0.15,10
3977333714,2016-05-07 11:00:00,3,0.05,11
3977333714,2016-05-07 12:00:00,4,0.066667,12
3977333714,2016-05-07 13:00:00,20,0.333333,13
3977333714,2016-05-07 14:00:00,40,0.666667,14
3977333714,2016-05-07 15:00:00,30,0.5,15
3977333714,2016-05-07 16:00:00,25,0.416667,16
3977333714,2016-05-07 17:00:00,14,0.233333,17
3977333714,2016-05-07 18:00:00,34,0.566667,18
3977333714,2016-05-07 19:00:00,108,1.8,19
3977333714,2016-05-07 20:00:00,76,1.266667,20
3977333714,2016-05-07 21:00:00,6,0.1,21
3977333714,2016-05-07 22:00:00,0,0.0,22
3977333714,2016-05-07 23:00:00,2,0.033333,23
3977333714,2016-05-08 00:00:00,1,0.016667,0
3977333714,2016-05-08 01:00:00,0,0.0,1
3977333714,2016-05-08 02:00:00,0,0.0,2
3977333714,2016-05-08 03:00:00,0,0.0,3
3977333714,2016-05-08 04:00:00,0,0.0,4
3977333714,2016-05-08 05:00:00,0,0.0,5
3977333714,2016-05-08 06:00:00,0,0.0,6
3977333714,2016-05-08 07:00:00,1,0.016667,7
3977333714,2016-05-08 08:00:00,2,0.033333,8
3977333714,2016-05-08 09:00:00,1,0.016667,9
3977333714,2016-05-08 10:00:00,31,0.516667,10
3977333714,2016-05-08 11:00:00,12,0.2,11
3977333714,2016-05-08 12:00:00,29,0.483333,12
3977333714,2016-05-08 13:00:00,7,0.116667,13
3977333714,2016-05-08 14:00:00,0,0.0,14
3977333714,2016-05-08 15:00:00,6,0.1,15
3977333714,2016-05-08 16:00:00,24,0.4,16
3977333714,2016-05-08 17:00:00,20,0.333333,17
3977333714,2016-05-08 18:00:00,3,0.05,18
3977333714,2016-05-08 19:00:00,5,0.083333,19
3977333714,2016-05-08 20:00:00,45,0.75,20
3977333714,2016-05-08 21:00:00,65,1.083333,21
3977333714,2016-05-08 22:00:00,81,1.35,22
3977333714,2016-05-08 23:00:00,97,1.616667,23
3977333714,2016-05-09 00:00:00,9,0.15,0
3977333714,2016-05-09 01:00:00,0,0.0,1
3977333714,2016-05-09 02:00:00,0,0.0,2
3977333714,2016-05-09 03:00:00,0,0.0,3
3977333714,2016-05-09 04:00:00,0,0.0,4
3977333714,2016-05-09 05:00:00,0,0.0,5
3977333714,2016-05-09 06:00:00,0,0.0,6
3977333714,2016-05-09 07:00:00,0,0.0,7
3977333714,2016-05-09 08:00:00,0,0.0,8
3977333714,2016-05-09 09:00:00,0,0.0,9
3977333714,2016-05-09 10:00:00,14,0.233333,10
3977333714,2016-05-09 11:00:00,5,0.083333,11
3977333714,2016-05-09 12:00:00,14,0.233333,12
3977333714,2016-05-09 13:00:00,18,0.3,13
3977333714,2016-05-09 14:00:00,16,0.266667,14
3977333714,2016-05-09 15:00:00,7,0.116667,15
3977333714,2016-05-09 16:00:00,2,0.033333,16
3977333714,2016-05-09 17:00:00,0,0.0,17
3977333714,2016-05-09 18:00:00,18,0.3,18
3977333714,2016-05-09 19:00:00,11,0.183333,19
3977333714,2016-05-09 20:00:00,8,0.133333,20
3977333714,2016-05-09 21:00:00,98,1.633333,21
3977333714,2016-05-09 22:00:00,91,1.516667,22
3977333714,2016-05-09 23:00:00,108,1.8,23
3977333714,2016-05-10 00:00:00,15,0.25,0
3977333714,2016-05-10 01:00:00,0,0.0,1
3977333714,2016-05-10 02:00:00,0,0.0,2
3977333714,2016-05-10 03:00:00,0,0.0,3
3977333714,2016-05-10 04:00:00,1,0.016667,4
3977333714,2016-05-10 05:00:00,0,0.0,5
3977333714,2016-05-10 06:00:00,0,0.0,6
3977333714,2016-05-10 07:00:00,1,0.016667,7
3977333714,2016-05-10 08:00:00,14,0.233333,8
3977333714,2016-05-10 09:00:00,30,0.5,9
3977333714,2016-05-10 10:00:00,0,0.0,10
3977333714,2016-05-10 11:00:00,0,0.0,11
3977333714,2016-05-10 12:00:00,0,0.0,12
3977333714,2016-05-10 13:00:00,0,0.0,13
3977333714,2016-05-10 14:00:00,21,0.35,14
3977333714,2016-05-10 15:00:00,12,0.2,15
3977333714,2016-05-10 16:00:00,10,0.166667,16
3977333714,2016-05-10 17:00:00,32,0.533333,17
3977333714,2016-05-10 18:00:00,8,0.133333,18
3977333714,2016-05-10 19:00:00,13,0.216667,19
3977333714,2016-05-10 20:00:00,4,0.066667,20
3977333714,2016-05-10 21:00:00,73,1.216667,21
3977333714,2016-05-10 22:00:00,80,1.333333,22
3977333714,2016-05-10 23:00:00,115,1.916667,23
4020332650,2016-04-12 00:00:00,0,0.0,0
4020332650,2016-04-12 01:00:00,0,0.0,1
4020332650,2016-04-12 02:00:00,0,0.0,2
4020332650,2016-04-12 03:00:00,0,0.0,3
4020332650,2016-04-12 04:00:00,1,0.016667,4
4020332650,2016-04-12 05:00:00,0,0.0,5
4020332650,2016-04-12 06:00:00,3,0.05,6
4020332650,2016-04-12 07:00:00,12,0.2,7
4020332650,2016-04-12 08:00:00,6,0.1,8
4020332650,2016-04-12 09:00:00,30,0.5,9
4020332650,2016-04-12 10:00:00,22,0.366667,10
4020332650,2016-04-12 11:00:00,42,0.7,11
4020332650,2016-04-12 12:00:00,41,0.683333,12
4020332650,2016-04-12 13:00:00,19,0.316667,13
4020332650,2016-04-12 14:00:00,18,0.3,14
4020332650,2016-04-12 15:00:00,30,0.5,15
4020332650,2016-04-12 16:00:00,15,0.25,16
4020332650,2016-04-12 17:00:00,18,0.3,17
4020332650,2016-04-12 18:00:00,19,0.316667,18
4020332650,2016-04-12 19:00:00,33,0.55,19
4020332650,2016-04-12 20:00:00,26,0.433333,20
4020332650,2016-04-12 21:00:00,4,0.066667,21
4020332650,2016-04-12 22:00:00,34,0.566667,22
4020332650,2016-04-12 23:00:00,0,0.0,23
4020332650,2016-04-13 00:00:00,0,0.0,0
4020332650,2016-04-13 01:00:00,0,0.0,1
4020332650,2016-04-13 02:00:00,0,0.0,2
4020332650,2016-04-13 03:00:00,0,0.0,3
4020332650,2016-04-13 04:00:00,0,0.0,4
4020332650,2016-04-13 05:00:00,0,0.0,5
4020332650,2016-04-13 06:00:00,0,0.0,6
4020332650,2016-04-13 07:00:00,0,0.0,7
4020332650,2016-04-13 08:00:00,0,0.0,8
4020332650,2016-04-13 09:00:00,0,0.0,9
4020332650,2016-04-13 10:00:00,0,0.0,10
4020332650,2016-04-13 11:00:00,0,0.0,11
4020332650,2016-04-13 12:00:00,0,0.0,12
4020332650,2016-04-13 13:00:00,0,0.0,13
4020332650,2016-04-13 14:00:00,0,0.0,14
4020332650,2016-04-13 15:00:00,0,0.0,15
4020332650,2016-04-13 16:00:00,0,0.0,16
4020332650,2016-04-13 17:00:00,0,0.0,17
4020332650,2016-04-13 18:00:00,0,0.0,18
4020332650,2016-04-13 19:00:00,0,0.0,19
4020332650,2016-04-13 20:00:00,0,0.0,20
4020332650,2016-04-13 21:00:00,0,0.0,21
4020332650,2016-04-13 22:00:00,0,0.0,22
4020332650,2016-04-13 23:00:00,0,0.0,23
4020332650,2016-04-14 00:00:00,0,0.0,0
4020332650,2016-04-14 01:00:00,0,0.0,1
4020332650,2016-04-14 02:00:00,0,0.0,2
4020332650,2016-04-14 03:00:00,0,0.0,3
4020332650,2016-04-14 04:00:00,0,0.0,4
4020332650,2016-04-14 05:00:00,0,0.0,5
4020332650,2016-04-14 06:00:00,0,0.0,6
4020332650,2016-04-14 07:00:00,0,0.0,7
4020332650,2016-04-14 08:00:00,0,0.0,8
4020332650,2016-04-14 09:00:00,1,0.016667,9
4020332650,2016-04-14 10:00:00,0,0.0,10
4020332650,2016-04-14 11:00:00,0,0.0,11
4020332650,2016-04-14 12:00:00,0,0.0,12
4020332650,2016-04-14 13:00:00,0,0.0,13
4020332650,2016-04-14 14:00:00,1,0.016667,14
4020332650,2016-04-14 15:00:00,0,0.0,15
4020332650,2016-04-14 16:00:00,0,0.0,16
4020332650,2016-04-14 17:00:00,0,0.0,17
4020332650,2016-04-14 18:00:00,0,0.0,18
4020332650,2016-04-14 19:00:00,0,0.0,19
4020332650,2016-04-14 20:00:00,0,0.0,20
4020332650,2016-04-14 21:00:00,1,0.016667,21
4020332650,2016-04-14 22:00:00,0,0.0,22
4020332650,2016-04-14 23:00:00,0,0.0,23
4020332650,2016-04-15 00:00:00,0,0.0,0
4020332650,2016-04-15 01:00:00,0,0.0,1
4020332650,2016-04-15 02:00:00,0,0.0,2
4020332650,2016-04-15 03:00:00,0,0.0,3
4020332650,2016-04-15 04:00:00,0,0.0,4
4020332650,2016-04-15 05:00:00,0,0.0,5
4020332650,2016-04-15 06:00:00,0,0.0,6
4020332650,2016-04-15 07:00:00,0,0.0,7
4020332650,2016-04-15 08:00:00,2,0.033333,8
4020332650,2016-04-15 09:00:00,42,0.7,9
4020332650,2016-04-15 10:00:00,9,0.15,10
4020332650,2016-04-15 11:00:00,1,0.016667,11
4020332650,2016-04-15 12:00:00,0,0.0,12
4020332650,2016-04-15 13:00:00,0,0.0,13
4020332650,2016-04-15 14:00:00,0,0.0,14
4020332650,2016-04-15 15:00:00,0,0.0,15
4020332650,2016-04-15 16:00:00,0,0.0,16
4020332650,2016-04-15 17:00:00,4,0.066667,17
4020332650,2016-04-15 18:00:00,14,0.233333,18
4020332650,2016-04-15 19:00:00,21,0.35,19
4020332650,2016-04-15 20:00:00,11,0.183333,20
4020332650,2016-04-15 21:00:00,67,1.116667,21
4020332650,2016-04-15 22:00:00,31,0.516667,22
4020332650,2016-04-15 23:00:00,29,0.483333,23
4020332650,2016-04-16 00:00:00,5,0.083333,0
4020332650,2016-04-16 01:00:00,97,1.616667,1
4020332650,2016-04-16 02:00:00,118,1.966667,2
4020332650,2016-04-16 03:00:00,6,0.1,3
4020332650,2016-04-16 04:00:00,0,0.0,4
4020332650,2016-04-16 05:00:00,0,0.0,5
4020332650,2016-04-16 06:00:00,0,0.0,6
4020332650,2016-04-16 07:00:00,55,0.916667,7
4020332650,2016-04-16 08:00:00,1,0.016667,8
4020332650,2016-04-16 09:00:00,10,0.166667,9
4020332650,2016-04-16 10:00:00,0,0.0,10
4020332650,2016-04-16 11:00:00,0,0.0,11
4020332650,2016-04-16 12:00:00,0,0.0,12
4020332650,2016-04-16 13:00:00,0,0.0,13
4020332650,2016-04-16 14:00:00,0,0.0,14
4020332650,2016-04-16 15:00:00,0,0.0,15
4020332650,2016-04-16 16:00:00,0,0.0,16
4020332650,2016-04-16 17:00:00,0,0.0,17
4020332650,2016-04-16 18:00:00,0,0.0,18
4020332650,2016-04-16 19:00:00,0,0.0,19
4020332650,2016-04-16 20:00:00,0,0.0,20
4020332650,2016-04-16 21:00:00,0,0.0,21
4020332650,2016-04-16 22:00:00,0,0.0,22
4020332650,2016-04-16 23:00:00,0,0.0,23
4020332650,2016-04-17 00:00:00,0,0.0,0
4020332650,2016-04-17 01:00:00,0,0.0,1
4020332650,2016-04-17 02:00:00,0,0.0,2
4020332650,2016-04-17 03:00:00,0,0.0,3
4020332650,2016-04-17 04:00:00,0,0.0,4
4020332650,2016-04-17 05:00:00,0,0.0,5
4020332650,2016-04-17 06:00:00,0,0.0,6
4020332650,2016-04-17 07:00:00,0,0.0,7
4020332650,2016-04-17 08:00:00,0,0.0,8
4020332650,2016-04-17 09:00:00,0,0.0,9
4020332650,2016-04-17 10:00:00,0,0.0,10
4020332650,2016-04-17 11:00:00,0,0.0,11
4020332650,2016-04-17 12:00:00,0,0.0,12
4020332650,2016-04-17 13:00:00,0,0.0,13
4020332650,2016-04-17 14:00:00,0,0.0,14
4020332650,2016-04-17 15:00:00,0,0.0,15
4020332650,2016-04-17 16:00:00,0,0.0,16
4020332650,2016-04-17 17:00:00,0,0.0,17
4020332650,2016-04-17 18:00:00,0,0.0,18
4020332650,2016-04-17 19:00:00,0,0.0,19
4020332650,2016-04-17 20:00:00,2,0.033333,20
4020332650,2016-04-17 21:00:00,0,0.0,21
4020332650,2016-04-17 22:00:00,0,0.0,22
4020332650,2016-04-17 23:00:00,0,0.0,23
4020332650,2016-04-18 00:00:00,0,0.0,0
4020332650,2016-04-18 01:00:00,0,0.0,1
4020332650,2016-04-18 02:00:00,0,0.0,2
4020332650,2016-04-18 03:00:00,0,0.0,3
4020332650,2016-04-18 04:00:00,0,0.0,4
4020332650,2016-04-18 05:00:00,0,0.0,5
4020332650,2016-04-18 06:00:00,0,0.0,6
4020332650,2016-04-18 07:00:00,0,0.0,7
4020332650,2016-04-18 08:00:00,2,0.033333,8
4020332650,2016-04-18 09:00:00,0,0.0,9
4020332650,2016-04-18 10:00:00,0,0.0,10
4020332650,2016-04-18 11:00:00,0,0.0,11
4020332650,2016-04-18 12:00:00,0,0.0,12
4020332650,2016-04-18 13:00:00,0,0.0,13
4020332650,2016-04-18 14:00:00,0,0.0,14
4020332650,2016-04-18 15:00:00,0,0.0,15
4020332650,2016-04-18 16:00:00,0,0.0,16
4020332650,2016-04-18 17:00:00,0,0.0,17
4020332650,2016-04-18 18:00:00,0,0.0,18
4020332650,2016-04-18 19:00:00,0,0.0,19
4020332650,2016-04-18 20:00:00,0,0.0,20
4020332650,2016-04-18 21:00:00,0,0.0,21
4020332650,2016-04-18 22:00:00,0,0.0,22
4020332650,2016-04-18 23:00:00,0,0.0,23
4020332650,2016-04-19 00:00:00,0,0.0,0
4020332650,2016-04-19 01:00:00,0,0.0,1
4020332650,2016-04-19 02:00:00,0,0.0,2
4020332650,2016-04-19 03:00:00,0,0.0,3
4020332650,2016-04-19 04:00:00,0,0.0,4
4020332650,2016-04-19 05:00:00,0,0.0,5
4020332650,2016-04-19 06:00:00,0,0.0,6
4020332650,2016-04-19 07:00:00,0,0.0,7
4020332650,2016-04-19 08:00:00,0,0.0,8
4020332650,2016-04-19 09:00:00,0,0.0,9
4020332650,2016-04-19 10:00:00,0,0.0,10
4020332650,2016-04-19 11:00:00,0,0.0,11
4020332650,2016-04-19 12:00:00,0,0.0,12
4020332650,2016-04-19 13:00:00,0,0.0,13
4020332650,2016-04-19 14:00:00,0,0.0,14
4020332650,2016-04-19 15:00:00,0,0.0,15
4020332650,2016-04-19 16:00:00,0,0.0,16
4020332650,2016-04-19 17:00:00,0,0.0,17
4020332650,2016-04-19 18:00:00,0,0.0,18
4020332650,2016-04-19 19:00:00,0,0.0,19
4020332650,2016-04-19 20:00:00,0,0.0,20
4020332650,2016-04-19 21:00:00,0,0.0,21
4020332650,2016-04-19 22:00:00,0,0.0,22
4020332650,2016-04-19 23:00:00,0,0.0,23
4020332650,2016-04-20 00:00:00,0,0.0,0
4020332650,2016-04-20 01:00:00,0,0.0,1
4020332650,2016-04-20 02:00:00,0,0.0,2
4020332650,2016-04-20 03:00:00,0,0.0,3
4020332650,2016-04-20 04:00:00,0,0.0,4
4020332650,2016-04-20 05:00:00,0,0.0,5
4020332650,2016-04-20 06:00:00,0,0.0,6
4020332650,2016-04-20 07:00:00,0,0.0,7
4020332650,2016-04-20 08:00:00,0,0.0,8
4020332650,2016-04-20 09:00:00,0,0.0,9
4020332650,2016-04-20 10:00:00,0,0.0,10
4020332650,2016-04-20 11:00:00,0,0.0,11
4020332650,2016-04-20 12:00:00,0,0.0,12
4020332650,2016-04-20 13:00:00,0,0.0,13
4020332650,2016-04-20 14:00:00,0,0.0,14
4020332650,2016-04-20 15:00:00,0,0.0,15
4020332650,2016-04-20 16:00:00,0,0.0,16
4020332650,2016-04-20 17:00:00,0,0.0,17
4020332650,2016-04-20 18:00:00,0,0.0,18
4020332650,2016-04-20 19:00:00,0,0.0,19
4020332650,2016-04-20 20:00:00,0,0.0,20
4020332650,2016-04-20 21:00:00,0,0.0,21
4020332650,2016-04-20 22:00:00,0,0.0,22
4020332650,2016-04-20 23:00:00,0,0.0,23
4020332650,2016-04-21 00:00:00,0,0.0,0
4020332650,2016-04-21 01:00:00,0,0.0,1
4020332650,2016-04-21 02:00:00,0,0.0,2
4020332650,2016-04-21 03:00:00,0,0.0,3
4020332650,2016-04-21 04:00:00,0,0.0,4
4020332650,2016-04-21 05:00:00,0,0.0,5
4020332650,2016-04-21 06:00:00,0,0.0,6
4020332650,2016-04-21 07:00:00,0,0.0,7
4020332650,2016-04-21 08:00:00,0,0.0,8
4020332650,2016-04-21 09:00:00,0,0.0,9
4020332650,2016-04-21 10:00:00,0,0.0,10
4020332650,2016-04-21 11:00:00,0,0.0,11
4020332650,2016-04-21 12:00:00,0,0.0,12
4020332650,2016-04-21 13:00:00,0,0.0,13
4020332650,2016-04-21 14:00:00,0,0.0,14
4020332650,2016-04-21 15:00:00,0,0.0,15
4020332650,2016-04-21 16:00:00,0,0.0,16
4020332650,2016-04-21 17:00:00,0,0.0,17
4020332650,2016-04-21 18:00:00,0,0.0,18
4020332650,2016-04-21 19:00:00,0,0.0,19
4020332650,2016-04-21 20:00:00,0,0.0,20
4020332650,2016-04-21 21:00:00,0,0.0,21
4020332650,2016-04-21 22:00:00,0,0.0,22
4020332650,2016-04-21 23:00:00,0,0.0,23
4020332650,2016-04-22 00:00:00,0,0.0,0
4020332650,2016-04-22 01:00:00,0,0.0,1
4020332650,2016-04-22 02:00:00,0,0.0,2
4020332650,2016-04-22 03:00:00,0,0.0,3
4020332650,2016-04-22 04:00:00,0,0.0,4
4020332650,2016-04-22 05:00:00,0,0.0,5
4020332650,2016-04-22 06:00:00,0,0.0,6
4020332650,2016-04-22 07:00:00,0,0.0,7
4020332650,2016-04-22 08:00:00,0,0.0,8
4020332650,2016-04-22 09:00:00,0,0.0,9
4020332650,2016-04-22 10:00:00,0,0.0,10
4020332650,2016-04-22 11:00:00,0,0.0,11
4020332650,2016-04-22 12:00:00,0,0.0,12
4020332650,2016-04-22 13:00:00,0,0.0,13
4020332650,2016-04-22 14:00:00,0,0.0,14
4020332650,2016-04-22 15:00:00,0,0.0,15
4020332650,2016-04-22 16:00:00,0,0.0,16
4020332650,2016-04-22 17:00:00,0,0.0,17
4020332650,2016-04-22 18:00:00,0,0.0,18
4020332650,2016-04-22 19:00:00,0,0.0,19
4020332650,2016-04-22 20:00:00,0,0.0,20
4020332650,2016-04-22 21:00:00,0,0.0,21
4020332650,2016-04-22 22:00:00,0,0.0,22
4020332650,2016-04-22 23:00:00,0,0.0,23
4020332650,2016-04-23 00:00:00,0,0.0,0
4020332650,2016-04-23 01:00:00,0,0.0,1
4020332650,2016-04-23 02:00:00,0,0.0,2
4020332650,2016-04-23 03:00:00,0,0.0,3
4020332650,2016-04-23 04:00:00,0,0.0,4
4020332650,2016-04-23 05:00:00,0,0.0,5
4020332650,2016-04-23 06:00:00,0,0.0,6
4020332650,2016-04-23 07:00:00,0,0.0,7
4020332650,2016-04-23 08:00:00,0,0.0,8
4020332650,2016-04-23 09:00:00,0,0.0,9
4020332650,2016-04-23 10:00:00,0,0.0,10
4020332650,2016-04-23 11:00:00,0,0.0,11
4020332650,2016-04-23 12:00:00,0,0.0,12
4020332650,2016-04-23 13:00:00,0,0.0,13
4020332650,2016-04-23 14:00:00,0,0.0,14
4020332650,2016-04-23 15:00:00,0,0.0,15
4020332650,2016-04-23 16:00:00,0,0.0,16
4020332650,2016-04-23 17:00:00,0,0.0,17
4020332650,2016-04-23 18:00:00,0,0.0,18
4020332650,2016-04-23 19:00:00,0,0.0,19
4020332650,2016-04-23 20:00:00,0,0.0,20
4020332650,2016-04-23 21:00:00,0,0.0,21
4020332650,2016-04-23 22:00:00,0,0.0,22
4020332650,2016-04-23 23:00:00,0,0.0,23
4020332650,2016-04-24 00:00:00,0,0.0,0
4020332650,2016-04-24 01:00:00,0,0.0,1
4020332650,2016-04-24 02:00:00,0,0.0,2
4020332650,2016-04-24 03:00:00,0,0.0,3
4020332650,2016-04-24 04:00:00,0,0.0,4
4020332650,2016-04-24 05:00:00,0,0.0,5
4020332650,2016-04-24 06:00:00,0,0.0,6
4020332650,2016-04-24 07:00:00,0,0.0,7
4020332650,2016-04-24 08:00:00,0,0.0,8
4020332650,2016-04-24 09:00:00,0,0.0,9
4020332650,2016-04-24 10:00:00,0,0.0,10
4020332650,2016-04-24 11:00:00,0,0.0,11
4020332650,2016-04-24 12:00:00,0,0.0,12
4020332650,2016-04-24 13:00:00,0,0.0,13
4020332650,2016-04-24 14:00:00,0,0.0,14
4020332650,2016-04-24 15:00:00,0,0.0,15
4020332650,2016-04-24 16:00:00,0,0.0,16
4020332650,2016-04-24 17:00:00,0,0.0,17
4020332650,2016-04-24 18:00:00,0,0.0,18
4020332650,2016-04-24 19:00:00,0,0.0,19
4020332650,2016-04-24 20:00:00,0,0.0,20
4020332650,2016-04-24 21:00:00,0,0.0,21
4020332650,2016-04-24 22:00:00,0,0.0,22
4020332650,2016-04-24 23:00:00,0,0.0,23
4020332650,2016-04-25 00:00:00,0,0.0,0
4020332650,2016-04-25 01:00:00,0,0.0,1
4020332650,2016-04-25 02:00:00,0,0.0,2
4020332650,2016-04-25 03:00:00,0,0.0,3
4020332650,2016-04-25 04:00:00,0,0.0,4
4020332650,2016-04-25 05:00:00,0,0.0,5
4020332650,2016-04-25 06:00:00,0,0.0,6
4020332650,2016-04-25 07:00:00,0,0.0,7
4020332650,2016-04-25 08:00:00,0,0.0,8
4020332650,2016-04-25 09:00:00,0,0.0,9
4020332650,2016-04-25 10:00:00,0,0.0,10
4020332650,2016-04-25 11:00:00,0,0.0,11
4020332650,2016-04-25 12:00:00,0,0.0,12
4020332650,2016-04-25 13:00:00,0,0.0,13
4020332650,2016-04-25 14:00:00,0,0.0,14
4020332650,2016-04-25 15:00:00,0,0.0,15
4020332650,2016-04-25 16:00:00,0,0.0,16
4020332650,2016-04-25 17:00:00,0,0.0,17
4020332650,2016-04-25 18:00:00,0,0.0,18
4020332650,2016-04-25 19:00:00,0,0.0,19
4020332650,2016-04-25 20:00:00,0,0.0,20
4020332650,2016-04-25 21:00:00,0,0.0,21
4020332650,2016-04-25 22:00:00,0,0.0,22
4020332650,2016-04-25 23:00:00,0,0.0,23
4020332650,2016-04-26 00:00:00,0,0.0,0
4020332650,2016-04-26 01:00:00,0,0.0,1
4020332650,2016-04-26 02:00:00,0,0.0,2
4020332650,2016-04-26 03:00:00,0,0.0,3
4020332650,2016-04-26 04:00:00,0,0.0,4
4020332650,2016-04-26 05:00:00,0,0.0,5
4020332650,2016-04-26 06:00:00,0,0.0,6
4020332650,2016-04-26 07:00:00,0,0.0,7
4020332650,2016-04-26 08:00:00,0,0.0,8
4020332650,2016-04-26 09:00:00,0,0.0,9
4020332650,2016-04-26 10:00:00,0,0.0,10
4020332650,2016-04-26 11:00:00,0,0.0,11
4020332650,2016-04-26 12:00:00,0,0.0,12
4020332650,2016-04-26 13:00:00,0,0.0,13
4020332650,2016-04-26 14:00:00,0,0.0,14
4020332650,2016-04-26 15:00:00,0,0.0,15
4020332650,2016-04-26 16:00:00,0,0.0,16
4020332650,2016-04-26 17:00:00,0,0.0,17
4020332650,2016-04-26 18:00:00,0,0.0,18
4020332650,2016-04-26 19:00:00,0,0.0,19
4020332650,2016-04-26 20:00:00,0,0.0,20
4020332650,2016-04-26 21:00:00,0,0.0,21
4020332650,2016-04-26 22:00:00,0,0.0,22
4020332650,2016-04-26 23:00:00,0,0.0,23
4020332650,2016-04-27 00:00:00,0,0.0,0
4020332650,2016-04-27 01:00:00,0,0.0,1
4020332650,2016-04-27 02:00:00,0,0.0,2
4020332650,2016-04-27 03:00:00,0,0.0,3
4020332650,2016-04-27 04:00:00,0,0.0,4
4020332650,2016-04-27 05:00:00,0,0.0,5
4020332650,2016-04-27 06:00:00,0,0.0,6
4020332650,2016-04-27 07:00:00,0,0.0,7
4020332650,2016-04-27 08:00:00,0,0.0,8
4020332650,2016-04-27 09:00:00,0,0.0,9
4020332650,2016-04-27 10:00:00,0,0.0,10
4020332650,2016-04-27 11:00:00,0,0.0,11
4020332650,2016-04-27 12:00:00,0,0.0,12
4020332650,2016-04-27 13:00:00,0,0.0,13
4020332650,2016-04-27 14:00:00,0,0.0,14
4020332650,2016-04-27 15:00:00,0,0.0,15
4020332650,2016-04-27 16:00:00,0,0.0,16
4020332650,2016-04-27 17:00:00,0,0.0,17
4020332650,2016-04-27 18:00:00,0,0.0,18
4020332650,2016-04-27 19:00:00,0,0.0,19
4020332650,2016-04-27 20:00:00,0,0.0,20
4020332650,2016-04-27 21:00:00,0,0.0,21
4020332650,2016-04-27 22:00:00,0,0.0,22
4020332650,2016-04-27 23:00:00,0,0.0,23
4020332650,2016-04-28 00:00:00,0,0.0,0
4020332650,2016-04-28 01:00:00,0,0.0,1
4020332650,2016-04-28 02:00:00,0,0.0,2
4020332650,2016-04-28 03:00:00,0,0.0,3
4020332650,2016-04-28 04:00:00,0,0.0,4
4020332650,2016-04-28 05:00:00,0,0.0,5
4020332650,2016-04-28 06:00:00,0,0.0,6
4020332650,2016-04-28 07:00:00,0,0.0,7
4020332650,2016-04-28 08:00:00,0,0.0,8
4020332650,2016-04-28 09:00:00,0,0.0,9
4020332650,2016-04-28 10:00:00,0,0.0,10
4020332650,2016-04-28 11:00:00,0,0.0,11
4020332650,2016-04-28 12:00:00,0,0.0,12
4020332650,2016-04-28 13:00:00,0,0.0,13
4020332650,2016-04-28 14:00:00,0,0.0,14
4020332650,2016-04-28 15:00:00,0,0.0,15
4020332650,2016-04-28 16:00:00,0,0.0,16
4020332650,2016-04-28 17:00:00,0,0.0,17
4020332650,2016-04-28 18:00:00,0,0.0,18
4020332650,2016-04-28 19:00:00,0,0.0,19
4020332650,2016-04-28 20:00:00,0,0.0,20
4020332650,2016-04-28 21:00:00,0,0.0,21
4020332650,2016-04-28 22:00:00,0,0.0,22
4020332650,2016-04-28 23:00:00,0,0.0,23
4020332650,2016-04-29 00:00:00,0,0.0,0
4020332650,2016-04-29 01:00:00,0,0.0,1
4020332650,2016-04-29 02:00:00,0,0.0,2
4020332650,2016-04-29 03:00:00,0,0.0,3
4020332650,2016-04-29 04:00:00,0,0.0,4
4020332650,2016-04-29 05:00:00,0,0.0,5
4020332650,2016-04-29 06:00:00,0,0.0,6
4020332650,2016-04-29 07:00:00,0,0.0,7
4020332650,2016-04-29 08:00:00,0,0.0,8
4020332650,2016-04-29 09:00:00,0,0.0,9
4020332650,2016-04-29 10:00:00,0,0.0,10
4020332650,2016-04-29 11:00:00,0,0.0,11
4020332650,2016-04-29 12:00:00,0,0.0,12
4020332650,2016-04-29 13:00:00,0,0.0,13
4020332650,2016-04-29 14:00:00,0,0.0,14
4020332650,2016-04-29 15:00:00,0,0.0,15
4020332650,2016-04-29 16:00:00,0,0.0,16
4020332650,2016-04-29 17:00:00,0,0.0,17
4020332650,2016-04-29 18:00:00,0,0.0,18
4020332650,2016-04-29 19:00:00,0,0.0,19
4020332650,2016-04-29 20:00:00,0,0.0,20
4020332650,2016-04-29 21:00:00,0,0.0,21
4020332650,2016-04-29 22:00:00,0,0.0,22
4020332650,2016-04-29 23:00:00,0,0.0,23
4020332650,2016-04-30 00:00:00,0,0.0,0
4020332650,2016-04-30 01:00:00,0,0.0,1
4020332650,2016-04-30 02:00:00,0,0.0,2
4020332650,2016-04-30 03:00:00,0,0.0,3
4020332650,2016-04-30 04:00:00,0,0.0,4
4020332650,2016-04-30 05:00:00,0,0.0,5
4020332650,2016-04-30 06:00:00,0,0.0,6
4020332650,2016-04-30 07:00:00,0,0.0,7
4020332650,2016-04-30 08:00:00,0,0.0,8
4020332650,2016-04-30 09:00:00,0,0.0,9
4020332650,2016-04-30 10:00:00,0,0.0,10
4020332650,2016-04-30 11:00:00,0,0.0,11
4020332650,2016-04-30 12:00:00,0,0.0,12
4020332650,2016-04-30 13:00:00,0,0.0,13
4020332650,2016-04-30 14:00:00,0,0.0,14
4020332650,2016-04-30 15:00:00,0,0.0,15
4020332650,2016-04-30 16:00:00,0,0.0,16
4020332650,2016-04-30 17:00:00,0,0.0,17
4020332650,2016-04-30 18:00:00,0,0.0,18
4020332650,2016-04-30 19:00:00,0,0.0,19
4020332650,2016-04-30 20:00:00,0,0.0,20
4020332650,2016-04-30 21:00:00,0,0.0,21
4020332650,2016-04-30 22:00:00,0,0.0,22
4020332650,2016-04-30 23:00:00,0,0.0,23
4020332650,2016-05-01 00:00:00,0,0.0,0
4020332650,2016-05-01 01:00:00,0,0.0,1
4020332650,2016-05-01 02:00:00,0,0.0,2
4020332650,2016-05-01 03:00:00,0,0.0,3
4020332650,2016-05-01 04:00:00,0,0.0,4
4020332650,2016-05-01 05:00:00,0,0.0,5
4020332650,2016-05-01 06:00:00,0,0.0,6
4020332650,2016-05-01 07:00:00,0,0.0,7
4020332650,2016-05-01 08:00:00,0,0.0,8
4020332650,2016-05-01 09:00:00,0,0.0,9
4020332650,2016-05-01 10:00:00,0,0.0,10
4020332650,2016-05-01 11:00:00,0,0.0,11
4020332650,2016-05-01 12:00:00,0,0.0,12
4020332650,2016-05-01 13:00:00,0,0.0,13
4020332650,2016-05-01 14:00:00,0,0.0,14
4020332650,2016-05-01 15:00:00,0,0.0,15
4020332650,2016-05-01 16:00:00,0,0.0,16
4020332650,2016-05-01 17:00:00,0,0.0,17
4020332650,2016-05-01 18:00:00,0,0.0,18
4020332650,2016-05-01 19:00:00,0,0.0,19
4020332650,2016-05-01 20:00:00,0,0.0,20
4020332650,2016-05-01 21:00:00,0,0.0,21
4020332650,2016-05-01 22:00:00,0,0.0,22
4020332650,2016-05-01 23:00:00,0,0.0,23
4020332650,2016-05-02 00:00:00,0,0.0,0
4020332650,2016-05-02 01:00:00,0,0.0,1
4020332650,2016-05-02 02:00:00,0,0.0,2
4020332650,2016-05-02 03:00:00,0,0.0,3
4020332650,2016-05-02 04:00:00,0,0.0,4
4020332650,2016-05-02 05:00:00,0,0.0,5
4020332650,2016-05-02 06:00:00,0,0.0,6
4020332650,2016-05-02 07:00:00,0,0.0,7
4020332650,2016-05-02 08:00:00,0,0.0,8
4020332650,2016-05-02 09:00:00,0,0.0,9
4020332650,2016-05-02 10:00:00,0,0.0,10
4020332650,2016-05-02 11:00:00,0,0.0,11
4020332650,2016-05-02 12:00:00,0,0.0,12
4020332650,2016-05-02 13:00:00,0,0.0,13
4020332650,2016-05-02 14:00:00,0,0.0,14
4020332650,2016-05-02 15:00:00,0,0.0,15
4020332650,2016-05-02 16:00:00,0,0.0,16
4020332650,2016-05-02 17:00:00,0,0.0,17
4020332650,2016-05-02 18:00:00,0,0.0,18
4020332650,2016-05-02 19:00:00,0,0.0,19
4020332650,2016-05-02 20:00:00,27,0.45,20
4020332650,2016-05-02 21:00:00,13,0.216667,21
4020332650,2016-05-02 22:00:00,8,0.133333,22
4020332650,2016-05-02 23:00:00,5,0.083333,23
4020332650,2016-05-03 00:00:00,0,0.0,0
4020332650,2016-05-03 01:00:00,0,0.0,1
4020332650,2016-05-03 02:00:00,0,0.0,2
4020332650,2016-05-03 03:00:00,0,0.0,3
4020332650,2016-05-03 04:00:00,2,0.033333,4
4020332650,2016-05-03 05:00:00,0,0.0,5
4020332650,2016-05-03 06:00:00,0,0.0,6
4020332650,2016-05-03 07:00:00,0,0.0,7
4020332650,2016-05-03 08:00:00,8,0.133333,8
4020332650,2016-05-03 09:00:00,3,0.05,9
4020332650,2016-05-03 10:00:00,0,0.0,10
4020332650,2016-05-03 11:00:00,10,0.166667,11
4020332650,2016-05-03 12:00:00,2,0.033333,12
4020332650,2016-05-03 13:00:00,0,0.0,13
4020332650,2016-05-03 14:00:00,4,0.066667,14
4020332650,2016-05-03 15:00:00,24,0.4,15
4020332650,2016-05-03 16:00:00,24,0.4,16
4020332650,2016-05-03 17:00:00,17,0.283333,17
4020332650,2016-05-03 18:00:00,17,0.283333,18
4020332650,2016-05-03 19:00:00,3,0.05,19
4020332650,2016-05-03 20:00:00,17,0.283333,20
4020332650,2016-05-03 21:00:00,25,0.416667,21
4020332650,2016-05-03 22:00:00,16,0.266667,22
4020332650,2016-05-03 23:00:00,2,0.033333,23
4020332650,2016-05-04 00:00:00,0,0.0,0
4020332650,2016-05-04 01:00:00,14,0.233333,1
4020332650,2016-05-04 02:00:00,0,0.0,2
4020332650,2016-05-04 03:00:00,0,0.0,3
4020332650,2016-05-04 04:00:00,0,0.0,4
4020332650,2016-05-04 05:00:00,1,0.016667,5
4020332650,2016-05-04 06:00:00,0,0.0,6
4020332650,2016-05-04 07:00:00,0,0.0,7
4020332650,2016-05-04 08:00:00,13,0.216667,8
4020332650,2016-05-04 09:00:00,5,0.083333,9
4020332650,2016-05-04 10:00:00,10,0.166667,10
4020332650,2016-05-04 11:00:00,5,0.083333,11
4020332650,2016-05-04 12:00:00,21,0.35,12
4020332650,2016-05-04 13:00:00,24,0.4,13
4020332650,2016-05-04 14:00:00,30,0.5,14
4020332650,2016-05-04 15:00:00,20,0.333333,15
4020332650,2016-05-04 16:00:00,46,0.766667,16
4020332650,2016-05-04 17:00:00,28,0.466667,17
4020332650,2016-05-04 18:00:00,32,0.533333,18
4020332650,2016-05-04 19:00:00,21,0.35,19
4020332650,2016-05-04 20:00:00,68,1.133333,20
4020332650,2016-05-04 21:00:00,45,0.75,21
4020332650,2016-05-04 22:00:00,33,0.55,22
4020332650,2016-05-04 23:00:00,61,1.016667,23
4020332650,2016-05-05 00:00:00,7,0.116667,0
4020332650,2016-05-05 01:00:00,1,0.016667,1
4020332650,2016-05-05 02:00:00,0,0.0,2
4020332650,2016-05-05 03:00:00,0,0.0,3
4020332650,2016-05-05 04:00:00,6,0.1,4
4020332650,2016-05-05 05:00:00,0,0.0,5
4020332650,2016-05-05 06:00:00,0,0.0,6
4020332650,2016-05-05 07:00:00,0,0.0,7
4020332650,2016-05-05 08:00:00,0,0.0,8
4020332650,2016-05-05 09:00:00,0,0.0,9
4020332650,2016-05-05 10:00:00,0,0.0,10
4020332650,2016-05-05 11:00:00,0,0.0,11
4020332650,2016-05-05 12:00:00,0,0.0,12
4020332650,2016-05-05 13:00:00,0,0.0,13
4020332650,2016-05-05 14:00:00,7,0.116667,14
4020332650,2016-05-05 15:00:00,2,0.033333,15
4020332650,2016-05-05 16:00:00,93,1.55,16
4020332650,2016-05-05 17:00:00,29,0.483333,17
4020332650,2016-05-05 18:00:00,68,1.133333,18
4020332650,2016-05-05 19:00:00,23,0.383333,19
4020332650,2016-05-05 20:00:00,22,0.366667,20
4020332650,2016-05-05 21:00:00,45,0.75,21
4020332650,2016-05-05 22:00:00,70,1.166667,22
4020332650,2016-05-05 23:00:00,21,0.35,23
4020332650,2016-05-06 00:00:00,3,0.05,0
4020332650,2016-05-06 01:00:00,0,0.0,1
4020332650,2016-05-06 02:00:00,0,0.0,2
4020332650,2016-05-06 03:00:00,0,0.0,3
4020332650,2016-05-06 04:00:00,0,0.0,4
4020332650,2016-05-06 05:00:00,0,0.0,5
4020332650,2016-05-06 06:00:00,0,0.0,6
4020332650,2016-05-06 07:00:00,10,0.166667,7
4020332650,2016-05-06 08:00:00,23,0.383333,8
4020332650,2016-05-06 09:00:00,32,0.533333,9
4020332650,2016-05-06 10:00:00,34,0.566667,10
4020332650,2016-05-06 11:00:00,16,0.266667,11
4020332650,2016-05-06 12:00:00,12,0.2,12
4020332650,2016-05-06 13:00:00,7,0.116667,13
4020332650,2016-05-06 14:00:00,12,0.2,14
4020332650,2016-05-06 15:00:00,14,0.233333,15
4020332650,2016-05-06 16:00:00,14,0.233333,16
4020332650,2016-05-06 17:00:00,0,0.0,17
4020332650,2016-05-06 18:00:00,0,0.0,18
4020332650,2016-05-06 19:00:00,0,0.0,19
4020332650,2016-05-06 20:00:00,0,0.0,20
4020332650,2016-05-06 21:00:00,0,0.0,21
4020332650,2016-05-06 22:00:00,0,0.0,22
4020332650,2016-05-06 23:00:00,0,0.0,23
4020332650,2016-05-07 00:00:00,0,0.0,0
4020332650,2016-05-07 01:00:00,0,0.0,1
4020332650,2016-05-07 02:00:00,0,0.0,2
4020332650,2016-05-07 03:00:00,0,0.0,3
4020332650,2016-05-07 04:00:00,0,0.0,4
4020332650,2016-05-07 05:00:00,0,0.0,5
4020332650,2016-05-07 06:00:00,0,0.0,6
4020332650,2016-05-07 07:00:00,0,0.0,7
4020332650,2016-05-07 08:00:00,8,0.133333,8
4020332650,2016-05-07 09:00:00,29,0.483333,9
4020332650,2016-05-07 10:00:00,7,0.116667,10
4020332650,2016-05-07 11:00:00,14,0.233333,11
4020332650,2016-05-07 12:00:00,6,0.1,12
4020332650,2016-05-07 13:00:00,10,0.166667,13
4020332650,2016-05-07 14:00:00,6,0.1,14
4020332650,2016-05-07 15:00:00,23,0.383333,15
4020332650,2016-05-07 16:00:00,1,0.016667,16
4020332650,2016-05-07 17:00:00,19,0.316667,17
4020332650,2016-05-07 18:00:00,3,0.05,18
4020332650,2016-05-07 19:00:00,24,0.4,19
4020332650,2016-05-07 20:00:00,11,0.183333,20
4020332650,2016-05-07 21:00:00,8,0.133333,21
4020332650,2016-05-07 22:00:00,15,0.25,22
4020332650,2016-05-07 23:00:00,0,0.0,23
4020332650,2016-05-08 00:00:00,5,0.083333,0
4020332650,2016-05-08 01:00:00,0,0.0,1
4020332650,2016-05-08 02:00:00,7,0.116667,2
4020332650,2016-05-08 03:00:00,0,0.0,3
4020332650,2016-05-08 04:00:00,0,0.0,4
4020332650,2016-05-08 05:00:00,0,0.0,5
4020332650,2016-05-08 06:00:00,0,0.0,6
4020332650,2016-05-08 07:00:00,6,0.1,7
4020332650,2016-05-08 08:00:00,16,0.266667,8
4020332650,2016-05-08 09:00:00,19,0.316667,9
4020332650,2016-05-08 10:00:00,29,0.483333,10
4020332650,2016-05-08 11:00:00,24,0.4,11
4020332650,2016-05-08 12:00:00,9,0.15,12
4020332650,2016-05-08 13:00:00,10,0.166667,13
4020332650,2016-05-08 14:00:00,11,0.183333,14
4020332650,2016-05-08 15:00:00,14,0.233333,15
4020332650,2016-05-08 16:00:00,22,0.366667,16
4020332650,2016-05-08 17:00:00,24,0.4,17
4020332650,2016-05-08 18:00:00,27,0.45,18
4020332650,2016-05-08 19:00:00,18,0.3,19
4020332650,2016-05-08 20:00:00,11,0.183333,20
4020332650,2016-05-08 21:00:00,7,0.116667,21
4020332650,2016-05-08 22:00:00,2,0.033333,22
4020332650,2016-05-08 23:00:00,2,0.033333,23
4020332650,2016-05-09 00:00:00,0,0.0,0
4020332650,2016-05-09 01:00:00,0,0.0,1
4020332650,2016-05-09 02:00:00,0,0.0,2
4020332650,2016-05-09 03:00:00,0,0.0,3
4020332650,2016-05-09 04:00:00,0,0.0,4
4020332650,2016-05-09 05:00:00,0,0.0,5
4020332650,2016-05-09 06:00:00,0,0.0,6
4020332650,2016-05-09 07:00:00,0,0.0,7
4020332650,2016-05-09 08:00:00,0,0.0,8
4020332650,2016-05-09 09:00:00,0,0.0,9
4020332650,2016-05-09 10:00:00,0,0.0,10
4020332650,2016-05-09 11:00:00,0,0.0,11
4020332650,2016-05-09 12:00:00,0,0.0,12
4020332650,2016-05-09 13:00:00,0,0.0,13
4020332650,2016-05-09 14:00:00,19,0.316667,14
4020332650,2016-05-09 15:00:00,14,0.233333,15
4020332650,2016-05-09 16:00:00,19,0.316667,16
4020332650,2016-05-09 17:00:00,42,0.7,17
4020332650,2016-05-09 18:00:00,27,0.45,18
4020332650,2016-05-09 19:00:00,18,0.3,19
4020332650,2016-05-09 20:00:00,20,0.333333,20
4020332650,2016-05-09 21:00:00,14,0.233333,21
4020332650,2016-05-09 22:00:00,8,0.133333,22
4020332650,2016-05-09 23:00:00,11,0.183333,23
4020332650,2016-05-10 00:00:00,0,0.0,0
4020332650,2016-05-10 01:00:00,0,0.0,1
4020332650,2016-05-10 02:00:00,8,0.133333,2
4020332650,2016-05-10 03:00:00,0,0.0,3
4020332650,2016-05-10 04:00:00,0,0.0,4
4020332650,2016-05-10 05:00:00,2,0.033333,5
4020332650,2016-05-10 06:00:00,1,0.016667,6
4020332650,2016-05-10 07:00:00,7,0.116667,7
4020332650,2016-05-10 08:00:00,10,0.166667,8
4020332650,2016-05-10 09:00:00,2,0.033333,9
4020332650,2016-05-10 10:00:00,13,0.216667,10
4020332650,2016-05-10 11:00:00,19,0.316667,11
4020332650,2016-05-10 12:00:00,29,0.483333,12
4020332650,2016-05-10 13:00:00,6,0.1,13
4020332650,2016-05-10 14:00:00,5,0.083333,14
4020332650,2016-05-10 15:00:00,29,0.483333,15
4020332650,2016-05-10 16:00:00,32,0.533333,16
4020332650,2016-05-10 17:00:00,20,0.333333,17
4020332650,2016-05-10 18:00:00,0,0.0,18
4020332650,2016-05-10 19:00:00,6,0.1,19
4020332650,2016-05-10 20:00:00,4,0.066667,20
4020332650,2016-05-10 21:00:00,0,0.0,21
4020332650,2016-05-10 22:00:00,5,0.083333,22
4020332650,2016-05-10 23:00:00,8,0.133333,23
4020332650,2016-05-11 00:00:00,0,0.0,0
4020332650,2016-05-11 01:00:00,0,0.0,1
4020332650,2016-05-11 02:00:00,0,0.0,2
4020332650,2016-05-11 03:00:00,0,0.0,3
4020332650,2016-05-11 04:00:00,0,0.0,4
4020332650,2016-05-11 05:00:00,0,0.0,5
4020332650,2016-05-11 06:00:00,0,0.0,6
4020332650,2016-05-11 07:00:00,0,0.0,7
4020332650,2016-05-11 08:00:00,0,0.0,8
4020332650,2016-05-11 09:00:00,0,0.0,9
4020332650,2016-05-11 10:00:00,0,0.0,10
4020332650,2016-05-11 11:00:00,5,0.083333,11
4020332650,2016-05-11 12:00:00,12,0.2,12
4020332650,2016-05-11 13:00:00,22,0.366667,13
4020332650,2016-05-11 14:00:00,24,0.4,14
4020332650,2016-05-11 15:00:00,47,0.783333,15
4020332650,2016-05-11 16:00:00,32,0.533333,16
4020332650,2016-05-11 17:00:00,14,0.233333,17
4020332650,2016-05-11 18:00:00,0,0.0,18
4020332650,2016-05-11 19:00:00,0,0.0,19
4020332650,2016-05-11 20:00:00,0,0.0,20
4020332650,2016-05-11 21:00:00,0,0.0,21
4020332650,2016-05-11 22:00:00,0,0.0,22
4020332650,2016-05-11 23:00:00,0,0.0,23
4020332650,2016-05-12 00:00:00,0,0.0,0
4020332650,2016-05-12 01:00:00,0,0.0,1
4020332650,2016-05-12 02:00:00,0,0.0,2
4020332650,2016-05-12 03:00:00,0,0.0,3
4020332650,2016-05-12 04:00:00,0,0.0,4
4020332650,2016-05-12 05:00:00,0,0.0,5
4020332650,2016-05-12 06:00:00,0,0.0,6
4020332650,2016-05-12 07:00:00,0,0.0,7
4020332650,2016-05-12 08:00:00,0,0.0,8
4020332650,2016-05-12 09:00:00,0,0.0,9
4020332650,2016-05-12 10:00:00,0,0.0,10
4020332650,2016-05-12 11:00:00,11,0.183333,11
4057192912,2016-04-12 00:00:00,1,0.016667,0
4057192912,2016-04-12 01:00:00,0,0.0,1
4057192912,2016-04-12 02:00:00,0,0.0,2
4057192912,2016-04-12 03:00:00,8,0.133333,3
4057192912,2016-04-12 04:00:00,0,0.0,4
4057192912,2016-04-12 05:00:00,0,0.0,5
4057192912,2016-04-12 06:00:00,2,0.033333,6
4057192912,2016-04-12 07:00:00,15,0.25,7
4057192912,2016-04-12 08:00:00,22,0.366667,8
4057192912,2016-04-12 09:00:00,9,0.15,9
4057192912,2016-04-12 10:00:00,0,0.0,10
4057192912,2016-04-12 11:00:00,6,0.1,11
4057192912,2016-04-12 12:00:00,5,0.083333,12
4057192912,2016-04-12 13:00:00,11,0.183333,13
4057192912,2016-04-12 14:00:00,6,0.1,14
4057192912,2016-04-12 15:00:00,7,0.116667,15
4057192912,2016-04-12 16:00:00,17,0.283333,16
4057192912,2016-04-12 17:00:00,5,0.083333,17
4057192912,2016-04-12 18:00:00,20,0.333333,18
4057192912,2016-04-12 19:00:00,20,0.333333,19
4057192912,2016-04-12 20:00:00,7,0.116667,20
4057192912,2016-04-12 21:00:00,1,0.016667,21
4057192912,2016-04-12 22:00:00,2,0.033333,22
4057192912,2016-04-12 23:00:00,0,0.0,23
4057192912,2016-04-13 00:00:00,0,0.0,0
4057192912,2016-04-13 01:00:00,0,0.0,1
4057192912,2016-04-13 02:00:00,0,0.0,2
4057192912,2016-04-13 03:00:00,0,0.0,3
4057192912,2016-04-13 04:00:00,0,0.0,4
4057192912,2016-04-13 05:00:00,0,0.0,5
4057192912,2016-04-13 06:00:00,0,0.0,6
4057192912,2016-04-13 07:00:00,26,0.433333,7
4057192912,2016-04-13 08:00:00,16,0.266667,8
4057192912,2016-04-13 09:00:00,22,0.366667,9
4057192912,2016-04-13 10:00:00,3,0.05,10
4057192912,2016-04-13 11:00:00,11,0.183333,11
4057192912,2016-04-13 12:00:00,6,0.1,12
4057192912,2016-04-13 13:00:00,13,0.216667,13
4057192912,2016-04-13 14:00:00,7,0.116667,14
4057192912,2016-04-13 15:00:00,4,0.066667,15
4057192912,2016-04-13 16:00:00,11,0.183333,16
4057192912,2016-04-13 17:00:00,7,0.116667,17
4057192912,2016-04-13 18:00:00,15,0.25,18
4057192912,2016-04-13 19:00:00,12,0.2,19
4057192912,2016-04-13 20:00:00,7,0.116667,20
4057192912,2016-04-13 21:00:00,0,0.0,21
4057192912,2016-04-13 22:00:00,0,0.0,22
4057192912,2016-04-13 23:00:00,0,0.0,23
4057192912,2016-04-14 00:00:00,0,0.0,0
4057192912,2016-04-14 01:00:00,0,0.0,1
4057192912,2016-04-14 02:00:00,0,0.0,2
4057192912,2016-04-14 03:00:00,0,0.0,3
4057192912,2016-04-14 04:00:00,0,0.0,4
4057192912,2016-04-14 05:00:00,0,0.0,5
4057192912,2016-04-14 06:00:00,0,0.0,6
4057192912,2016-04-14 07:00:00,0,0.0,7
4057192912,2016-04-14 08:00:00,0,0.0,8
4057192912,2016-04-14 09:00:00,0,0.0,9
4057192912,2016-04-14 10:00:00,0,0.0,10
4057192912,2016-04-14 11:00:00,0,0.0,11
4057192912,2016-04-14 12:00:00,0,0.0,12
4057192912,2016-04-14 13:00:00,0,0.0,13
4057192912,2016-04-14 14:00:00,0,0.0,14
4057192912,2016-04-14 15:00:00,0,0.0,15
4057192912,2016-04-14 16:00:00,0,0.0,16
4057192912,2016-04-14 17:00:00,0,0.0,17
4057192912,2016-04-14 18:00:00,0,0.0,18
4057192912,2016-04-14 19:00:00,0,0.0,19
4057192912,2016-04-14 20:00:00,0,0.0,20
4057192912,2016-04-14 21:00:00,0,0.0,21
4057192912,2016-04-14 22:00:00,0,0.0,22
4057192912,2016-04-14 23:00:00,0,0.0,23
4057192912,2016-04-15 00:00:00,0,0.0,0
4057192912,2016-04-15 01:00:00,0,0.0,1
4057192912,2016-04-15 02:00:00,0,0.0,2
4057192912,2016-04-15 03:00:00,0,0.0,3
4057192912,2016-04-15 04:00:00,0,0.0,4
4057192912,2016-04-15 05:00:00,0,0.0,5
4057192912,2016-04-15 06:00:00,0,0.0,6
4057192912,2016-04-15 07:00:00,14,0.233333,7
4057192912,2016-04-15 08:00:00,31,0.516667,8
4057192912,2016-04-15 09:00:00,10,0.166667,9
4057192912,2016-04-15 10:00:00,9,0.15,10
4057192912,2016-04-15 11:00:00,15,0.25,11
4057192912,2016-04-15 12:00:00,8,0.133333,12
4057192912,2016-04-15 13:00:00,13,0.216667,13
4057192912,2016-04-15 14:00:00,5,0.083333,14
4057192912,2016-04-15 15:00:00,2,0.033333,15
4319703577,2016-04-12 00:00:00,0,0.0,0
4319703577,2016-04-12 01:00:00,0,0.0,1
4319703577,2016-04-12 02:00:00,0,0.0,2
4319703577,2016-04-12 03:00:00,0,0.0,3
4319703577,2016-04-12 04:00:00,0,0.0,4
4319703577,2016-04-12 05:00:00,0,0.0,5
4319703577,2016-04-12 06:00:00,0,0.0,6
4319703577,2016-04-12 07:00:00,0,0.0,7
4319703577,2016-04-12 08:00:00,0,0.0,8
4319703577,2016-04-12 09:00:00,0,0.0,9
4319703577,2016-04-12 10:00:00,0,0.0,10
4319703577,2016-04-12 11:00:00,0,0.0,11
4319703577,2016-04-12 12:00:00,0,0.0,12
4319703577,2016-04-12 13:00:00,0,0.0,13
4319703577,2016-04-12 14:00:00,0,0.0,14
4319703577,2016-04-12 15:00:00,0,0.0,15
4319703577,2016-04-12 16:00:00,0,0.0,16
4319703577,2016-04-12 17:00:00,0,0.0,17
4319703577,2016-04-12 18:00:00,0,0.0,18
4319703577,2016-04-12 19:00:00,0,0.0,19
4319703577,2016-04-12 20:00:00,0,0.0,20
4319703577,2016-04-12 21:00:00,0,0.0,21
4319703577,2016-04-12 22:00:00,0,0.0,22
4319703577,2016-04-12 23:00:00,0,0.0,23
4319703577,2016-04-13 00:00:00,0,0.0,0
4319703577,2016-04-13 01:00:00,0,0.0,1
4319703577,2016-04-13 02:00:00,0,0.0,2
4319703577,2016-04-13 03:00:00,0,0.0,3
4319703577,2016-04-13 04:00:00,0,0.0,4
4319703577,2016-04-13 05:00:00,0,0.0,5
4319703577,2016-04-13 06:00:00,0,0.0,6
4319703577,2016-04-13 07:00:00,0,0.0,7
4319703577,2016-04-13 08:00:00,0,0.0,8
4319703577,2016-04-13 09:00:00,0,0.0,9
4319703577,2016-04-13 10:00:00,0,0.0,10
4319703577,2016-04-13 11:00:00,0,0.0,11
4319703577,2016-04-13 12:00:00,0,0.0,12
4319703577,2016-04-13 13:00:00,0,0.0,13
4319703577,2016-04-13 14:00:00,0,0.0,14
4319703577,2016-04-13 15:00:00,1,0.016667,15
4319703577,2016-04-13 16:00:00,34,0.566667,16
4319703577,2016-04-13 17:00:00,16,0.266667,17
4319703577,2016-04-13 18:00:00,8,0.133333,18
4319703577,2016-04-13 19:00:00,65,1.083333,19
4319703577,2016-04-13 20:00:00,4,0.066667,20
4319703577,2016-04-13 21:00:00,0,0.0,21
4319703577,2016-04-13 22:00:00,22,0.366667,22
4319703577,2016-04-13 23:00:00,0,0.0,23
4319703577,2016-04-14 00:00:00,0,0.0,0
4319703577,2016-04-14 01:00:00,0,0.0,1
4319703577,2016-04-14 02:00:00,0,0.0,2
4319703577,2016-04-14 03:00:00,0,0.0,3
4319703577,2016-04-14 04:00:00,1,0.016667,4
4319703577,2016-04-14 05:00:00,2,0.033333,5
4319703577,2016-04-14 06:00:00,0,0.0,6
4319703577,2016-04-14 07:00:00,0,0.0,7
4319703577,2016-04-14 08:00:00,13,0.216667,8
4319703577,2016-04-14 09:00:00,15,0.25,9
4319703577,2016-04-14 10:00:00,52,0.866667,10
4319703577,2016-04-14 11:00:00,27,0.45,11
4319703577,2016-04-14 12:00:00,36,0.6,12
4319703577,2016-04-14 13:00:00,16,0.266667,13
4319703577,2016-04-14 14:00:00,15,0.25,14
4319703577,2016-04-14 15:00:00,15,0.25,15
4319703577,2016-04-14 16:00:00,22,0.366667,16
4319703577,2016-04-14 17:00:00,34,0.566667,17
4319703577,2016-04-14 18:00:00,22,0.366667,18
4319703577,2016-04-14 19:00:00,22,0.366667,19
4319703577,2016-04-14 20:00:00,24,0.4,20
4319703577,2016-04-14 21:00:00,5,0.083333,21
4319703577,2016-04-14 22:00:00,29,0.483333,22
4319703577,2016-04-14 23:00:00,10,0.166667,23
4319703577,2016-04-15 00:00:00,0,0.0,0
4319703577,2016-04-15 01:00:00,0,0.0,1
4319703577,2016-04-15 02:00:00,0,0.0,2
4319703577,2016-04-15 03:00:00,0,0.0,3
4319703577,2016-04-15 04:00:00,1,0.016667,4
4319703577,2016-04-15 05:00:00,1,0.016667,5
4319703577,2016-04-15 06:00:00,1,0.016667,6
4319703577,2016-04-15 07:00:00,3,0.05,7
4319703577,2016-04-15 08:00:00,17,0.283333,8
4319703577,2016-04-15 09:00:00,0,0.0,9
4319703577,2016-04-15 10:00:00,42,0.7,10
4319703577,2016-04-15 11:00:00,20,0.333333,11
4319703577,2016-04-15 12:00:00,27,0.45,12
4319703577,2016-04-15 13:00:00,5,0.083333,13
4319703577,2016-04-15 14:00:00,23,0.383333,14
4319703577,2016-04-15 15:00:00,15,0.25,15
4319703577,2016-04-15 16:00:00,10,0.166667,16
4319703577,2016-04-15 17:00:00,1,0.016667,17
4319703577,2016-04-15 18:00:00,11,0.183333,18
4319703577,2016-04-15 19:00:00,17,0.283333,19
4319703577,2016-04-15 20:00:00,10,0.166667,20
4319703577,2016-04-15 21:00:00,14,0.233333,21
4319703577,2016-04-15 22:00:00,7,0.116667,22
4319703577,2016-04-15 23:00:00,3,0.05,23
4319703577,2016-04-16 00:00:00,2,0.033333,0
4319703577,2016-04-16 01:00:00,0,0.0,1
4319703577,2016-04-16 02:00:00,0,0.0,2
4319703577,2016-04-16 03:00:00,1,0.016667,3
4319703577,2016-04-16 04:00:00,0,0.0,4
4319703577,2016-04-16 05:00:00,0,0.0,5
4319703577,2016-04-16 06:00:00,1,0.016667,6
4319703577,2016-04-16 07:00:00,0,0.0,7
4319703577,2016-04-16 08:00:00,0,0.0,8
4319703577,2016-04-16 09:00:00,20,0.333333,9
4319703577,2016-04-16 10:00:00,33,0.55,10
4319703577,2016-04-16 11:00:00,31,0.516667,11
4319703577,2016-04-16 12:00:00,21,0.35,12
4319703577,2016-04-16 13:00:00,24,0.4,13
4319703577,2016-04-16 14:00:00,20,0.333333,14
4319703577,2016-04-16 15:00:00,40,0.666667,15
4319703577,2016-04-16 16:00:00,0,0.0,16
4319703577,2016-04-16 17:00:00,1,0.016667,17
4319703577,2016-04-16 18:00:00,0,0.0,18
4319703577,2016-04-16 19:00:00,0,0.0,19
4319703577,2016-04-16 20:00:00,0,0.0,20
4319703577,2016-04-16 21:00:00,0,0.0,21
4319703577,2016-04-16 22:00:00,0,0.0,22
4319703577,2016-04-16 23:00:00,0,0.0,23
4319703577,2016-04-17 00:00:00,0,0.0,0
4319703577,2016-04-17 01:00:00,0,0.0,1
4319703577,2016-04-17 02:00:00,0,0.0,2
4319703577,2016-04-17 03:00:00,0,0.0,3
4319703577,2016-04-17 04:00:00,0,0.0,4
4319703577,2016-04-17 05:00:00,0,0.0,5
4319703577,2016-04-17 06:00:00,0,0.0,6
4319703577,2016-04-17 07:00:00,0,0.0,7
4319703577,2016-04-17 08:00:00,0,0.0,8
4319703577,2016-04-17 09:00:00,0,0.0,9
4319703577,2016-04-17 10:00:00,0,0.0,10
4319703577,2016-04-17 11:00:00,0,0.0,11
4319703577,2016-04-17 12:00:00,0,0.0,12
4319703577,2016-04-17 13:00:00,0,0.0,13
4319703577,2016-04-17 14:00:00,0,0.0,14
4319703577,2016-04-17 15:00:00,0,0.0,15
4319703577,2016-04-17 16:00:00,0,0.0,16
4319703577,2016-04-17 17:00:00,0,0.0,17
4319703577,2016-04-17 18:00:00,0,0.0,18
4319703577,2016-04-17 19:00:00,0,0.0,19
4319703577,2016-04-17 20:00:00,0,0.0,20
4319703577,2016-04-17 21:00:00,0,0.0,21
4319703577,2016-04-17 22:00:00,2,0.033333,22
4319703577,2016-04-17 23:00:00,1,0.016667,23
4319703577,2016-04-18 00:00:00,0,0.0,0
4319703577,2016-04-18 01:00:00,0,0.0,1
4319703577,2016-04-18 02:00:00,0,0.0,2
4319703577,2016-04-18 03:00:00,0,0.0,3
4319703577,2016-04-18 04:00:00,0,0.0,4
4319703577,2016-04-18 05:00:00,1,0.016667,5
4319703577,2016-04-18 06:00:00,0,0.0,6
4319703577,2016-04-18 07:00:00,0,0.0,7
4319703577,2016-04-18 08:00:00,9,0.15,8
4319703577,2016-04-18 09:00:00,2,0.033333,9
4319703577,2016-04-18 10:00:00,55,0.916667,10
4319703577,2016-04-18 11:00:00,7,0.116667,11
4319703577,2016-04-18 12:00:00,0,0.0,12
4319703577,2016-04-18 13:00:00,0,0.0,13
4319703577,2016-04-18 14:00:00,0,0.0,14
4319703577,2016-04-18 15:00:00,0,0.0,15
4319703577,2016-04-18 16:00:00,0,0.0,16
4319703577,2016-04-18 17:00:00,0,0.0,17
4319703577,2016-04-18 18:00:00,1,0.016667,18
4319703577,2016-04-18 19:00:00,0,0.0,19
4319703577,2016-04-18 20:00:00,0,0.0,20
4319703577,2016-04-18 21:00:00,0,0.0,21
4319703577,2016-04-18 22:00:00,3,0.05,22
4319703577,2016-04-18 23:00:00,1,0.016667,23
4319703577,2016-04-19 00:00:00,0,0.0,0
4319703577,2016-04-19 01:00:00,2,0.033333,1
4319703577,2016-04-19 02:00:00,0,0.0,2
4319703577,2016-04-19 03:00:00,4,0.066667,3
4319703577,2016-04-19 04:00:00,0,0.0,4
4319703577,2016-04-19 05:00:00,0,0.0,5
4319703577,2016-04-19 06:00:00,0,0.0,6
4319703577,2016-04-19 07:00:00,13,0.216667,7
4319703577,2016-04-19 08:00:00,13,0.216667,8
4319703577,2016-04-19 09:00:00,3,0.05,9
4319703577,2016-04-19 10:00:00,45,0.75,10
4319703577,2016-04-19 11:00:00,35,0.583333,11
4319703577,2016-04-19 12:00:00,28,0.466667,12
4319703577,2016-04-19 13:00:00,7,0.116667,13
4319703577,2016-04-19 14:00:00,17,0.283333,14
4319703577,2016-04-19 15:00:00,16,0.266667,15
4319703577,2016-04-19 16:00:00,26,0.433333,16
4319703577,2016-04-19 17:00:00,16,0.266667,17
4319703577,2016-04-19 18:00:00,16,0.266667,18
4319703577,2016-04-19 19:00:00,34,0.566667,19
4319703577,2016-04-19 20:00:00,17,0.283333,20
4319703577,2016-04-19 21:00:00,5,0.083333,21
4319703577,2016-04-19 22:00:00,14,0.233333,22
4319703577,2016-04-19 23:00:00,0,0.0,23
4319703577,2016-04-20 00:00:00,0,0.0,0
4319703577,2016-04-20 01:00:00,0,0.0,1
4319703577,2016-04-20 02:00:00,1,0.016667,2
4319703577,2016-04-20 03:00:00,0,0.0,3
4319703577,2016-04-20 04:00:00,0,0.0,4
4319703577,2016-04-20 05:00:00,0,0.0,5
4319703577,2016-04-20 06:00:00,1,0.016667,6
4319703577,2016-04-20 07:00:00,18,0.3,7
4319703577,2016-04-20 08:00:00,3,0.05,8
4319703577,2016-04-20 09:00:00,23,0.383333,9
4319703577,2016-04-20 10:00:00,24,0.4,10
4319703577,2016-04-20 11:00:00,27,0.45,11
4319703577,2016-04-20 12:00:00,55,0.916667,12
4319703577,2016-04-20 13:00:00,16,0.266667,13
4319703577,2016-04-20 14:00:00,13,0.216667,14
4319703577,2016-04-20 15:00:00,38,0.633333,15
4319703577,2016-04-20 16:00:00,29,0.483333,16
4319703577,2016-04-20 17:00:00,24,0.4,17
4319703577,2016-04-20 18:00:00,20,0.333333,18
4319703577,2016-04-20 19:00:00,28,0.466667,19
4319703577,2016-04-20 20:00:00,7,0.116667,20
4319703577,2016-04-20 21:00:00,8,0.133333,21
4319703577,2016-04-20 22:00:00,7,0.116667,22
4319703577,2016-04-20 23:00:00,0,0.0,23
4319703577,2016-04-21 00:00:00,0,0.0,0
4319703577,2016-04-21 01:00:00,0,0.0,1
4319703577,2016-04-21 02:00:00,0,0.0,2
4319703577,2016-04-21 03:00:00,0,0.0,3
4319703577,2016-04-21 04:00:00,0,0.0,4
4319703577,2016-04-21 05:00:00,0,0.0,5
4319703577,2016-04-21 06:00:00,0,0.0,6
4319703577,2016-04-21 07:00:00,0,0.0,7
4319703577,2016-04-21 08:00:00,0,0.0,8
4319703577,2016-04-21 09:00:00,0,0.0,9
4319703577,2016-04-21 10:00:00,0,0.0,10
4319703577,2016-04-21 11:00:00,0,0.0,11
4319703577,2016-04-21 12:00:00,0,0.0,12
4319703577,2016-04-21 13:00:00,0,0.0,13
4319703577,2016-04-21 14:00:00,5,0.083333,14
4319703577,2016-04-21 15:00:00,3,0.05,15
4319703577,2016-04-21 16:00:00,3,0.05,16
4319703577,2016-04-21 17:00:00,1,0.016667,17
4319703577,2016-04-21 18:00:00,5,0.083333,18
4319703577,2016-04-21 19:00:00,9,0.15,19
4319703577,2016-04-21 20:00:00,0,0.0,20
4319703577,2016-04-21 21:00:00,1,0.016667,21
4319703577,2016-04-21 22:00:00,6,0.1,22
4319703577,2016-04-21 23:00:00,1,0.016667,23
4319703577,2016-04-22 00:00:00,1,0.016667,0
4319703577,2016-04-22 01:00:00,0,0.0,1
4319703577,2016-04-22 02:00:00,0,0.0,2
4319703577,2016-04-22 03:00:00,0,0.0,3
4319703577,2016-04-22 04:00:00,0,0.0,4
4319703577,2016-04-22 05:00:00,1,0.016667,5
4319703577,2016-04-22 06:00:00,0,0.0,6
4319703577,2016-04-22 07:00:00,1,0.016667,7
4319703577,2016-04-22 08:00:00,49,0.816667,8
4319703577,2016-04-22 09:00:00,5,0.083333,9
4319703577,2016-04-22 10:00:00,1,0.016667,10
4319703577,2016-04-22 11:00:00,19,0.316667,11
4319703577,2016-04-22 12:00:00,17,0.283333,12
4319703577,2016-04-22 13:00:00,6,0.1,13
4319703577,2016-04-22 14:00:00,8,0.133333,14
4319703577,2016-04-22 15:00:00,6,0.1,15
4319703577,2016-04-22 16:00:00,30,0.5,16
4319703577,2016-04-22 17:00:00,11,0.183333,17
4319703577,2016-04-22 18:00:00,14,0.233333,18
4319703577,2016-04-22 19:00:00,7,0.116667,19
4319703577,2016-04-22 20:00:00,10,0.166667,20
4319703577,2016-04-22 21:00:00,9,0.15,21
4319703577,2016-04-22 22:00:00,22,0.366667,22
4319703577,2016-04-22 23:00:00,0,0.0,23
4319703577,2016-04-23 00:00:00,1,0.016667,0
4319703577,2016-04-23 01:00:00,0,0.0,1
4319703577,2016-04-23 02:00:00,0,0.0,2
4319703577,2016-04-23 03:00:00,0,0.0,3
4319703577,2016-04-23 04:00:00,1,0.016667,4
4319703577,2016-04-23 05:00:00,1,0.016667,5
4319703577,2016-04-23 06:00:00,1,0.016667,6
4319703577,2016-04-23 07:00:00,0,0.0,7
4319703577,2016-04-23 08:00:00,0,0.0,8
4319703577,2016-04-23 09:00:00,0,0.0,9
4319703577,2016-04-23 10:00:00,1,0.016667,10
4319703577,2016-04-23 11:00:00,1,0.016667,11
4319703577,2016-04-23 12:00:00,35,0.583333,12
4319703577,2016-04-23 13:00:00,18,0.3,13
4319703577,2016-04-23 14:00:00,6,0.1,14
4319703577,2016-04-23 15:00:00,19,0.316667,15
4319703577,2016-04-23 16:00:00,38,0.633333,16
4319703577,2016-04-23 17:00:00,26,0.433333,17
4319703577,2016-04-23 18:00:00,9,0.15,18
4319703577,2016-04-23 19:00:00,31,0.516667,19
4319703577,2016-04-23 20:00:00,9,0.15,20
4319703577,2016-04-23 21:00:00,13,0.216667,21
4319703577,2016-04-23 22:00:00,5,0.083333,22
4319703577,2016-04-23 23:00:00,18,0.3,23
4319703577,2016-04-24 00:00:00,0,0.0,0
4319703577,2016-04-24 01:00:00,0,0.0,1
4319703577,2016-04-24 02:00:00,0,0.0,2
4319703577,2016-04-24 03:00:00,3,0.05,3
4319703577,2016-04-24 04:00:00,0,0.0,4
4319703577,2016-04-24 05:00:00,0,0.0,5
4319703577,2016-04-24 06:00:00,1,0.016667,6
4319703577,2016-04-24 07:00:00,0,0.0,7
4319703577,2016-04-24 08:00:00,10,0.166667,8
4319703577,2016-04-24 09:00:00,30,0.5,9
4319703577,2016-04-24 10:00:00,4,0.066667,10
4319703577,2016-04-24 11:00:00,8,0.133333,11
4319703577,2016-04-24 12:00:00,7,0.116667,12
4319703577,2016-04-24 13:00:00,23,0.383333,13
4319703577,2016-04-24 14:00:00,27,0.45,14
4319703577,2016-04-24 15:00:00,10,0.166667,15
4319703577,2016-04-24 16:00:00,10,0.166667,16
4319703577,2016-04-24 17:00:00,16,0.266667,17
4319703577,2016-04-24 18:00:00,18,0.3,18
4319703577,2016-04-24 19:00:00,7,0.116667,19
4319703577,2016-04-24 20:00:00,6,0.1,20
4319703577,2016-04-24 21:00:00,5,0.083333,21
4319703577,2016-04-24 22:00:00,18,0.3,22
4319703577,2016-04-24 23:00:00,1,0.016667,23
4319703577,2016-04-25 00:00:00,0,0.0,0
4319703577,2016-04-25 01:00:00,0,0.0,1
4319703577,2016-04-25 02:00:00,1,0.016667,2
4319703577,2016-04-25 03:00:00,0,0.0,3
4319703577,2016-04-25 04:00:00,2,0.033333,4
4319703577,2016-04-25 05:00:00,0,0.0,5
4319703577,2016-04-25 06:00:00,0,0.0,6
4319703577,2016-04-25 07:00:00,2,0.033333,7
4319703577,2016-04-25 08:00:00,15,0.25,8
4319703577,2016-04-25 09:00:00,3,0.05,9
4319703577,2016-04-25 10:00:00,45,0.75,10
4319703577,2016-04-25 11:00:00,41,0.683333,11
4319703577,2016-04-25 12:00:00,36,0.6,12
4319703577,2016-04-25 13:00:00,15,0.25,13
4319703577,2016-04-25 14:00:00,38,0.633333,14
4319703577,2016-04-25 15:00:00,28,0.466667,15
4319703577,2016-04-25 16:00:00,23,0.383333,16
4319703577,2016-04-25 17:00:00,47,0.783333,17
4319703577,2016-04-25 18:00:00,39,0.65,18
4319703577,2016-04-25 19:00:00,35,0.583333,19
4319703577,2016-04-25 20:00:00,7,0.116667,20
4319703577,2016-04-25 21:00:00,3,0.05,21
4319703577,2016-04-25 22:00:00,21,0.35,22
4319703577,2016-04-25 23:00:00,5,0.083333,23
4319703577,2016-04-26 00:00:00,0,0.0,0
4319703577,2016-04-26 01:00:00,0,0.0,1
4319703577,2016-04-26 02:00:00,0,0.0,2
4319703577,2016-04-26 03:00:00,0,0.0,3
4319703577,2016-04-26 04:00:00,0,0.0,4
4319703577,2016-04-26 05:00:00,0,0.0,5
4319703577,2016-04-26 06:00:00,0,0.0,6
4319703577,2016-04-26 07:00:00,5,0.083333,7
4319703577,2016-04-26 08:00:00,37,0.616667,8
4319703577,2016-04-26 09:00:00,0,0.0,9
4319703577,2016-04-26 10:00:00,41,0.683333,10
4319703577,2016-04-26 11:00:00,27,0.45,11
4319703577,2016-04-26 12:00:00,43,0.716667,12
4319703577,2016-04-26 13:00:00,19,0.316667,13
4319703577,2016-04-26 14:00:00,13,0.216667,14
4319703577,2016-04-26 15:00:00,24,0.4,15
4319703577,2016-04-26 16:00:00,18,0.3,16
4319703577,2016-04-26 17:00:00,26,0.433333,17
4319703577,2016-04-26 18:00:00,24,0.4,18
4319703577,2016-04-26 19:00:00,70,1.166667,19
4319703577,2016-04-26 20:00:00,6,0.1,20
4319703577,2016-04-26 21:00:00,0,0.0,21
4319703577,2016-04-26 22:00:00,1,0.016667,22
4319703577,2016-04-26 23:00:00,0,0.0,23
4319703577,2016-04-27 00:00:00,0,0.0,0
4319703577,2016-04-27 01:00:00,0,0.0,1
4319703577,2016-04-27 02:00:00,1,0.016667,2
4319703577,2016-04-27 03:00:00,0,0.0,3
4319703577,2016-04-27 04:00:00,1,0.016667,4
4319703577,2016-04-27 05:00:00,1,0.016667,5
4319703577,2016-04-27 06:00:00,0,0.0,6
4319703577,2016-04-27 07:00:00,6,0.1,7
4319703577,2016-04-27 08:00:00,39,0.65,8
4319703577,2016-04-27 09:00:00,4,0.066667,9
4319703577,2016-04-27 10:00:00,55,0.916667,10
4319703577,2016-04-27 11:00:00,24,0.4,11
4319703577,2016-04-27 12:00:00,87,1.45,12
4319703577,2016-04-27 13:00:00,18,0.3,13
4319703577,2016-04-27 14:00:00,46,0.766667,14
4319703577,2016-04-27 15:00:00,33,0.55,15
4319703577,2016-04-27 16:00:00,19,0.316667,16
4319703577,2016-04-27 17:00:00,20,0.333333,17
4319703577,2016-04-27 18:00:00,14,0.233333,18
4319703577,2016-04-27 19:00:00,30,0.5,19
4319703577,2016-04-27 20:00:00,4,0.066667,20
4319703577,2016-04-27 21:00:00,6,0.1,21
4319703577,2016-04-27 22:00:00,4,0.066667,22
4319703577,2016-04-27 23:00:00,0,0.0,23
4319703577,2016-04-28 00:00:00,0,0.0,0
4319703577,2016-04-28 01:00:00,1,0.016667,1
4319703577,2016-04-28 02:00:00,0,0.0,2
4319703577,2016-04-28 03:00:00,0,0.0,3
4319703577,2016-04-28 04:00:00,5,0.083333,4
4319703577,2016-04-28 05:00:00,0,0.0,5
4319703577,2016-04-28 06:00:00,0,0.0,6
4319703577,2016-04-28 07:00:00,19,0.316667,7
4319703577,2016-04-28 08:00:00,24,0.4,8
4319703577,2016-04-28 09:00:00,13,0.216667,9
4319703577,2016-04-28 10:00:00,33,0.55,10
4319703577,2016-04-28 11:00:00,29,0.483333,11
4319703577,2016-04-28 12:00:00,37,0.616667,12
4319703577,2016-04-28 13:00:00,15,0.25,13
4319703577,2016-04-28 14:00:00,18,0.3,14
4319703577,2016-04-28 15:00:00,16,0.266667,15
4319703577,2016-04-28 16:00:00,34,0.566667,16
4319703577,2016-04-28 17:00:00,37,0.616667,17
4319703577,2016-04-28 18:00:00,44,0.733333,18
4319703577,2016-04-28 19:00:00,25,0.416667,19
4319703577,2016-04-28 20:00:00,44,0.733333,20
4319703577,2016-04-28 21:00:00,3,0.05,21
4319703577,2016-04-28 22:00:00,14,0.233333,22
4319703577,2016-04-28 23:00:00,3,0.05,23
4319703577,2016-04-29 00:00:00,3,0.05,0
4319703577,2016-04-29 01:00:00,1,0.016667,1
4319703577,2016-04-29 02:00:00,0,0.0,2
4319703577,2016-04-29 03:00:00,1,0.016667,3
4319703577,2016-04-29 04:00:00,0,0.0,4
4319703577,2016-04-29 05:00:00,1,0.016667,5
4319703577,2016-04-29 06:00:00,0,0.0,6
4319703577,2016-04-29 07:00:00,1,0.016667,7
4319703577,2016-04-29 08:00:00,9,0.15,8
4319703577,2016-04-29 09:00:00,11,0.183333,9
4319703577,2016-04-29 10:00:00,45,0.75,10
4319703577,2016-04-29 11:00:00,26,0.433333,11
4319703577,2016-04-29 12:00:00,22,0.366667,12
4319703577,2016-04-29 13:00:00,33,0.55,13
4319703577,2016-04-29 14:00:00,26,0.433333,14
4319703577,2016-04-29 15:00:00,34,0.566667,15
4319703577,2016-04-29 16:00:00,29,0.483333,16
4319703577,2016-04-29 17:00:00,17,0.283333,17
4319703577,2016-04-29 18:00:00,17,0.283333,18
4319703577,2016-04-29 19:00:00,40,0.666667,19
4319703577,2016-04-29 20:00:00,13,0.216667,20
4319703577,2016-04-29 21:00:00,0,0.0,21
4319703577,2016-04-29 22:00:00,5,0.083333,22
4319703577,2016-04-29 23:00:00,9,0.15,23
4319703577,2016-04-30 00:00:00,0,0.0,0
4319703577,2016-04-30 01:00:00,0,0.0,1
4319703577,2016-04-30 02:00:00,1,0.016667,2
4319703577,2016-04-30 03:00:00,2,0.033333,3
4319703577,2016-04-30 04:00:00,0,0.0,4
4319703577,2016-04-30 05:00:00,0,0.0,5
4319703577,2016-04-30 06:00:00,0,0.0,6
4319703577,2016-04-30 07:00:00,2,0.033333,7
4319703577,2016-04-30 08:00:00,4,0.066667,8
4319703577,2016-04-30 09:00:00,0,0.0,9
4319703577,2016-04-30 10:00:00,4,0.066667,10
4319703577,2016-04-30 11:00:00,12,0.2,11
4319703577,2016-04-30 12:00:00,35,0.583333,12
4319703577,2016-04-30 13:00:00,42,0.7,13
4319703577,2016-04-30 14:00:00,25,0.416667,14
4319703577,2016-04-30 15:00:00,20,0.333333,15
4319703577,2016-04-30 16:00:00,16,0.266667,16
4319703577,2016-04-30 17:00:00,14,0.233333,17
4319703577,2016-04-30 18:00:00,4,0.066667,18
4319703577,2016-04-30 19:00:00,20,0.333333,19
4319703577,2016-04-30 20:00:00,48,0.8,20
4319703577,2016-04-30 21:00:00,26,0.433333,21
4319703577,2016-04-30 22:00:00,3,0.05,22
4319703577,2016-04-30 23:00:00,12,0.2,23
4319703577,2016-05-01 00:00:00,0,0.0,0
4319703577,2016-05-01 01:00:00,0,0.0,1
4319703577,2016-05-01 02:00:00,0,0.0,2
4319703577,2016-05-01 03:00:00,1,0.016667,3
4319703577,2016-05-01 04:00:00,0,0.0,4
4319703577,2016-05-01 05:00:00,0,0.0,5
4319703577,2016-05-01 06:00:00,0,0.0,6
4319703577,2016-05-01 07:00:00,2,0.033333,7
4319703577,2016-05-01 08:00:00,5,0.083333,8
4319703577,2016-05-01 09:00:00,13,0.216667,9
4319703577,2016-05-01 10:00:00,5,0.083333,10
4319703577,2016-05-01 11:00:00,5,0.083333,11
4319703577,2016-05-01 12:00:00,0,0.0,12
4319703577,2016-05-01 13:00:00,0,0.0,13
4319703577,2016-05-01 14:00:00,0,0.0,14
4319703577,2016-05-01 15:00:00,0,0.0,15
4319703577,2016-05-01 16:00:00,0,0.0,16
4319703577,2016-05-01 17:00:00,0,0.0,17
4319703577,2016-05-01 18:00:00,0,0.0,18
4319703577,2016-05-01 19:00:00,0,0.0,19
4319703577,2016-05-01 20:00:00,8,0.133333,20
4319703577,2016-05-01 21:00:00,3,0.05,21
4319703577,2016-05-01 22:00:00,25,0.416667,22
4319703577,2016-05-01 23:00:00,0,0.0,23
4319703577,2016-05-02 00:00:00,1,0.016667,0
4319703577,2016-05-02 01:00:00,2,0.033333,1
4319703577,2016-05-02 02:00:00,0,0.0,2
4319703577,2016-05-02 03:00:00,0,0.0,3
4319703577,2016-05-02 04:00:00,4,0.066667,4
4319703577,2016-05-02 05:00:00,1,0.016667,5
4319703577,2016-05-02 06:00:00,0,0.0,6
4319703577,2016-05-02 07:00:00,9,0.15,7
4319703577,2016-05-02 08:00:00,2,0.033333,8
4319703577,2016-05-02 09:00:00,9,0.15,9
4319703577,2016-05-02 10:00:00,55,0.916667,10
4319703577,2016-05-02 11:00:00,43,0.716667,11
4319703577,2016-05-02 12:00:00,32,0.533333,12
4319703577,2016-05-02 13:00:00,14,0.233333,13
4319703577,2016-05-02 14:00:00,20,0.333333,14
4319703577,2016-05-02 15:00:00,19,0.316667,15
4319703577,2016-05-02 16:00:00,42,0.7,16
4319703577,2016-05-02 17:00:00,36,0.6,17
4319703577,2016-05-02 18:00:00,28,0.466667,18
4319703577,2016-05-02 19:00:00,10,0.166667,19
4319703577,2016-05-02 20:00:00,10,0.166667,20
4319703577,2016-05-02 21:00:00,19,0.316667,21
4319703577,2016-05-02 22:00:00,9,0.15,22
4319703577,2016-05-02 23:00:00,1,0.016667,23
4319703577,2016-05-03 00:00:00,0,0.0,0
4319703577,2016-05-03 01:00:00,1,0.016667,1
4319703577,2016-05-03 02:00:00,2,0.033333,2
4319703577,2016-05-03 03:00:00,0,0.0,3
4319703577,2016-05-03 04:00:00,1,0.016667,4
4319703577,2016-05-03 05:00:00,0,0.0,5
4319703577,2016-05-03 06:00:00,1,0.016667,6
4319703577,2016-05-03 07:00:00,7,0.116667,7
4319703577,2016-05-03 08:00:00,4,0.066667,8
4319703577,2016-05-03 09:00:00,3,0.05,9
4319703577,2016-05-03 10:00:00,60,1.0,10
4319703577,2016-05-03 11:00:00,48,0.8,11
4319703577,2016-05-03 12:00:00,36,0.6,12
4319703577,2016-05-03 13:00:00,8,0.133333,13
4319703577,2016-05-03 14:00:00,21,0.35,14
4319703577,2016-05-03 15:00:00,14,0.233333,15
4319703577,2016-05-03 16:00:00,30,0.5,16
4319703577,2016-05-03 17:00:00,37,0.616667,17
4319703577,2016-05-03 18:00:00,20,0.333333,18
4319703577,2016-05-03 19:00:00,42,0.7,19
4319703577,2016-05-03 20:00:00,7,0.116667,20
4319703577,2016-05-03 21:00:00,5,0.083333,21
4319703577,2016-05-03 22:00:00,16,0.266667,22
4319703577,2016-05-03 23:00:00,0,0.0,23
4319703577,2016-05-04 00:00:00,0,0.0,0
4319703577,2016-05-04 01:00:00,0,0.0,1
4319703577,2016-05-04 02:00:00,0,0.0,2
4319703577,2016-05-04 03:00:00,0,0.0,3
4319703577,2016-05-04 04:00:00,0,0.0,4
4319703577,2016-05-04 05:00:00,0,0.0,5
4319703577,2016-05-04 06:00:00,0,0.0,6
4319703577,2016-05-04 07:00:00,1,0.016667,7
4319703577,2016-05-04 08:00:00,10,0.166667,8
4319703577,2016-05-04 09:00:00,18,0.3,9
4319703577,2016-05-04 10:00:00,52,0.866667,10
4319703577,2016-05-04 11:00:00,33,0.55,11
4319703577,2016-05-04 12:00:00,47,0.783333,12
4319703577,2016-05-04 13:00:00,29,0.483333,13
4319703577,2016-05-04 14:00:00,32,0.533333,14
4319703577,2016-05-04 15:00:00,39,0.65,15
4319703577,2016-05-04 16:00:00,7,0.116667,16
4319703577,2016-05-04 17:00:00,12,0.2,17
4319703577,2016-05-04 18:00:00,16,0.266667,18
4319703577,2016-05-04 19:00:00,46,0.766667,19
4319703577,2016-05-04 20:00:00,15,0.25,20
4319703577,2016-05-04 21:00:00,5,0.083333,21
4319703577,2016-05-04 22:00:00,1,0.016667,22
4319703577,2016-05-04 23:00:00,0,0.0,23
4319703577,2016-05-05 00:00:00,0,0.0,0
4319703577,2016-05-05 01:00:00,0,0.0,1
4319703577,2016-05-05 02:00:00,0,0.0,2
4319703577,2016-05-05 03:00:00,0,0.0,3
4319703577,2016-05-05 04:00:00,0,0.0,4
4319703577,2016-05-05 05:00:00,53,0.883333,5
4319703577,2016-05-05 06:00:00,82,1.366667,6
4319703577,2016-05-05 07:00:00,15,0.25,7
4319703577,2016-05-05 08:00:00,5,0.083333,8
4319703577,2016-05-05 09:00:00,7,0.116667,9
4319703577,2016-05-05 10:00:00,36,0.6,10
4319703577,2016-05-05 11:00:00,32,0.533333,11
4319703577,2016-05-05 12:00:00,28,0.466667,12
4319703577,2016-05-05 13:00:00,13,0.216667,13
4319703577,2016-05-05 14:00:00,25,0.416667,14
4319703577,2016-05-05 15:00:00,25,0.416667,15
4319703577,2016-05-05 16:00:00,13,0.216667,16
4319703577,2016-05-05 17:00:00,11,0.183333,17
4319703577,2016-05-05 18:00:00,37,0.616667,18
4319703577,2016-05-05 19:00:00,45,0.75,19
4319703577,2016-05-05 20:00:00,31,0.516667,20
4319703577,2016-05-05 21:00:00,7,0.116667,21
4319703577,2016-05-05 22:00:00,12,0.2,22
4319703577,2016-05-05 23:00:00,0,0.0,23
4319703577,2016-05-06 00:00:00,3,0.05,0
4319703577,2016-05-06 01:00:00,1,0.016667,1
4319703577,2016-05-06 02:00:00,1,0.016667,2
4319703577,2016-05-06 03:00:00,2,0.033333,3
4319703577,2016-05-06 04:00:00,1,0.016667,4
4319703577,2016-05-06 05:00:00,0,0.0,5
4319703577,2016-05-06 06:00:00,4,0.066667,6
4319703577,2016-05-06 07:00:00,35,0.583333,7
4319703577,2016-05-06 08:00:00,3,0.05,8
4319703577,2016-05-06 09:00:00,5,0.083333,9
4319703577,2016-05-06 10:00:00,4,0.066667,10
4319703577,2016-05-06 11:00:00,30,0.5,11
4319703577,2016-05-06 12:00:00,3,0.05,12
4319703577,2016-05-06 13:00:00,15,0.25,13
4319703577,2016-05-06 14:00:00,3,0.05,14
4319703577,2016-05-06 15:00:00,37,0.616667,15
4319703577,2016-05-06 16:00:00,35,0.583333,16
4319703577,2016-05-06 17:00:00,23,0.383333,17
4319703577,2016-05-06 18:00:00,23,0.383333,18
4319703577,2016-05-06 19:00:00,58,0.966667,19
4319703577,2016-05-06 20:00:00,36,0.6,20
4319703577,2016-05-06 21:00:00,14,0.233333,21
4319703577,2016-05-06 22:00:00,3,0.05,22
4319703577,2016-05-06 23:00:00,15,0.25,23
4319703577,2016-05-07 00:00:00,0,0.0,0
4319703577,2016-05-07 01:00:00,1,0.016667,1
4319703577,2016-05-07 02:00:00,0,0.0,2
4319703577,2016-05-07 03:00:00,1,0.016667,3
4319703577,2016-05-07 04:00:00,0,0.0,4
4319703577,2016-05-07 05:00:00,1,0.016667,5
4319703577,2016-05-07 06:00:00,1,0.016667,6
4319703577,2016-05-07 07:00:00,0,0.0,7
4319703577,2016-05-07 08:00:00,6,0.1,8
4319703577,2016-05-07 09:00:00,51,0.85,9
4319703577,2016-05-07 10:00:00,7,0.116667,10
4319703577,2016-05-07 11:00:00,21,0.35,11
4319703577,2016-05-07 12:00:00,10,0.166667,12
4319703577,2016-05-07 13:00:00,50,0.833333,13
4319703577,2016-05-07 14:00:00,18,0.3,14
4319703577,2016-05-07 15:00:00,18,0.3,15
4319703577,2016-05-07 16:00:00,16,0.266667,16
4319703577,2016-05-07 17:00:00,29,0.483333,17
4319703577,2016-05-07 18:00:00,42,0.7,18
4319703577,2016-05-07 19:00:00,32,0.533333,19
4319703577,2016-05-07 20:00:00,12,0.2,20
4319703577,2016-05-07 21:00:00,13,0.216667,21
4319703577,2016-05-07 22:00:00,8,0.133333,22
4319703577,2016-05-07 23:00:00,7,0.116667,23
4319703577,2016-05-08 00:00:00,0,0.0,0
4319703577,2016-05-08 01:00:00,0,0.0,1
4319703577,2016-05-08 02:00:00,0,0.0,2
4319703577,2016-05-08 03:00:00,0,0.0,3
4319703577,2016-05-08 04:00:00,0,0.0,4
4319703577,2016-05-08 05:00:00,1,0.016667,5
4319703577,2016-05-08 06:00:00,0,0.0,6
4319703577,2016-05-08 07:00:00,0,0.0,7
4319703577,2016-05-08 08:00:00,0,0.0,8
4319703577,2016-05-08 09:00:00,1,0.016667,9
4319703577,2016-05-08 10:00:00,11,0.183333,10
4319703577,2016-05-08 11:00:00,11,0.183333,11
4319703577,2016-05-08 12:00:00,22,0.366667,12
4319703577,2016-05-08 13:00:00,23,0.383333,13
4319703577,2016-05-08 14:00:00,29,0.483333,14
4319703577,2016-05-08 15:00:00,29,0.483333,15
4319703577,2016-05-08 16:00:00,2,0.033333,16
4319703577,2016-05-08 17:00:00,0,0.0,17
4319703577,2016-05-08 18:00:00,0,0.0,18
4319703577,2016-05-08 19:00:00,0,0.0,19
4319703577,2016-05-08 20:00:00,9,0.15,20
4319703577,2016-05-08 21:00:00,2,0.033333,21
4319703577,2016-05-08 22:00:00,13,0.216667,22
4319703577,2016-05-08 23:00:00,0,0.0,23
4319703577,2016-05-09 00:00:00,2,0.033333,0
4319703577,2016-05-09 01:00:00,2,0.033333,1
4319703577,2016-05-09 02:00:00,0,0.0,2
4319703577,2016-05-09 03:00:00,2,0.033333,3
4319703577,2016-05-09 04:00:00,2,0.033333,4
4319703577,2016-05-09 05:00:00,0,0.0,5
4319703577,2016-05-09 06:00:00,1,0.016667,6
4319703577,2016-05-09 07:00:00,0,0.0,7
4319703577,2016-05-09 08:00:00,11,0.183333,8
4319703577,2016-05-09 09:00:00,3,0.05,9
4319703577,2016-05-09 10:00:00,47,0.783333,10
4319703577,2016-05-09 11:00:00,36,0.6,11
4319703577,2016-05-09 12:00:00,33,0.55,12
4319703577,2016-05-09 13:00:00,17,0.283333,13
4319703577,2016-05-09 14:00:00,27,0.45,14
4319703577,2016-05-09 15:00:00,24,0.4,15
4319703577,2016-05-09 16:00:00,16,0.266667,16
4319703577,2016-05-09 17:00:00,38,0.633333,17
4319703577,2016-05-09 18:00:00,41,0.683333,18
4319703577,2016-05-09 19:00:00,59,0.983333,19
4319703577,2016-05-09 20:00:00,21,0.35,20
4319703577,2016-05-09 21:00:00,8,0.133333,21
4319703577,2016-05-09 22:00:00,16,0.266667,22
4319703577,2016-05-09 23:00:00,2,0.033333,23
4319703577,2016-05-10 00:00:00,1,0.016667,0
4319703577,2016-05-10 01:00:00,0,0.0,1
4319703577,2016-05-10 02:00:00,0,0.0,2
4319703577,2016-05-10 03:00:00,1,0.016667,3
4319703577,2016-05-10 04:00:00,0,0.0,4
4319703577,2016-05-10 05:00:00,1,0.016667,5
4319703577,2016-05-10 06:00:00,1,0.016667,6
4319703577,2016-05-10 07:00:00,12,0.2,7
4319703577,2016-05-10 08:00:00,1,0.016667,8
4319703577,2016-05-10 09:00:00,5,0.083333,9
4319703577,2016-05-10 10:00:00,51,0.85,10
4319703577,2016-05-10 11:00:00,33,0.55,11
4319703577,2016-05-10 12:00:00,39,0.65,12
4319703577,2016-05-10 13:00:00,22,0.366667,13
4319703577,2016-05-10 14:00:00,37,0.616667,14
4319703577,2016-05-10 15:00:00,39,0.65,15
4319703577,2016-05-10 16:00:00,17,0.283333,16
4319703577,2016-05-10 17:00:00,8,0.133333,17
4319703577,2016-05-10 18:00:00,36,0.6,18
4319703577,2016-05-10 19:00:00,29,0.483333,19
4319703577,2016-05-10 20:00:00,12,0.2,20
4319703577,2016-05-10 21:00:00,6,0.1,21
4319703577,2016-05-10 22:00:00,11,0.183333,22
4319703577,2016-05-10 23:00:00,0,0.0,23
4319703577,2016-05-11 00:00:00,0,0.0,0
4319703577,2016-05-11 01:00:00,1,0.016667,1
4319703577,2016-05-11 02:00:00,0,0.0,2
4319703577,2016-05-11 03:00:00,0,0.0,3
4319703577,2016-05-11 04:00:00,0,0.0,4
4319703577,2016-05-11 05:00:00,0,0.0,5
4319703577,2016-05-11 06:00:00,0,0.0,6
4319703577,2016-05-11 07:00:00,0,0.0,7
4319703577,2016-05-11 08:00:00,17,0.283333,8
4319703577,2016-05-11 09:00:00,3,0.05,9
4319703577,2016-05-11 10:00:00,51,0.85,10
4319703577,2016-05-11 11:00:00,30,0.5,11
4319703577,2016-05-11 12:00:00,40,0.666667,12
4319703577,2016-05-11 13:00:00,15,0.25,13
4319703577,2016-05-11 14:00:00,23,0.383333,14
4319703577,2016-05-11 15:00:00,28,0.466667,15
4319703577,2016-05-11 16:00:00,41,0.683333,16
4319703577,2016-05-11 17:00:00,21,0.35,17
4319703577,2016-05-11 18:00:00,13,0.216667,18
4319703577,2016-05-11 19:00:00,46,0.766667,19
4319703577,2016-05-11 20:00:00,12,0.2,20
4319703577,2016-05-11 21:00:00,7,0.116667,21
4319703577,2016-05-11 22:00:00,8,0.133333,22
4319703577,2016-05-11 23:00:00,0,0.0,23
4319703577,2016-05-12 00:00:00,0,0.0,0
4319703577,2016-05-12 01:00:00,0,0.0,1
4319703577,2016-05-12 02:00:00,1,0.016667,2
4319703577,2016-05-12 03:00:00,1,0.016667,3
4388161847,2016-04-12 00:00:00,0,0.0,0
4388161847,2016-04-12 01:00:00,0,0.0,1
4388161847,2016-04-12 02:00:00,0,0.0,2
4388161847,2016-04-12 03:00:00,0,0.0,3
4388161847,2016-04-12 04:00:00,0,0.0,4
4388161847,2016-04-12 05:00:00,0,0.0,5
4388161847,2016-04-12 06:00:00,0,0.0,6
4388161847,2016-04-12 07:00:00,0,0.0,7
4388161847,2016-04-12 08:00:00,0,0.0,8
4388161847,2016-04-12 09:00:00,0,0.0,9
4388161847,2016-04-12 10:00:00,0,0.0,10
4388161847,2016-04-12 11:00:00,0,0.0,11
4388161847,2016-04-12 12:00:00,0,0.0,12
4388161847,2016-04-12 13:00:00,0,0.0,13
4388161847,2016-04-12 14:00:00,0,0.0,14
4388161847,2016-04-12 15:00:00,0,0.0,15
4388161847,2016-04-12 16:00:00,0,0.0,16
4388161847,2016-04-12 17:00:00,0,0.0,17
4388161847,2016-04-12 18:00:00,0,0.0,18
4388161847,2016-04-12 19:00:00,0,0.0,19
4388161847,2016-04-12 20:00:00,0,0.0,20
4388161847,2016-04-12 21:00:00,0,0.0,21
4388161847,2016-04-12 22:00:00,0,0.0,22
4388161847,2016-04-12 23:00:00,0,0.0,23
4388161847,2016-04-13 00:00:00,0,0.0,0
4388161847,2016-04-13 01:00:00,0,0.0,1
4388161847,2016-04-13 02:00:00,0,0.0,2
4388161847,2016-04-13 03:00:00,0,0.0,3
4388161847,2016-04-13 04:00:00,0,0.0,4
4388161847,2016-04-13 05:00:00,0,0.0,5
4388161847,2016-04-13 06:00:00,0,0.0,6
4388161847,2016-04-13 07:00:00,0,0.0,7
4388161847,2016-04-13 08:00:00,0,0.0,8
4388161847,2016-04-13 09:00:00,0,0.0,9
4388161847,2016-04-13 10:00:00,0,0.0,10
4388161847,2016-04-13 11:00:00,0,0.0,11
4388161847,2016-04-13 12:00:00,0,0.0,12
4388161847,2016-04-13 13:00:00,0,0.0,13
4388161847,2016-04-13 14:00:00,3,0.05,14
4388161847,2016-04-13 15:00:00,12,0.2,15
4388161847,2016-04-13 16:00:00,30,0.5,16
4388161847,2016-04-13 17:00:00,27,0.45,17
4388161847,2016-04-13 18:00:00,48,0.8,18
4388161847,2016-04-13 19:00:00,55,0.916667,19
4388161847,2016-04-13 20:00:00,6,0.1,20
4388161847,2016-04-13 21:00:00,0,0.0,21
4388161847,2016-04-13 22:00:00,0,0.0,22
4388161847,2016-04-13 23:00:00,0,0.0,23
4388161847,2016-04-14 00:00:00,0,0.0,0
4388161847,2016-04-14 01:00:00,0,0.0,1
4388161847,2016-04-14 02:00:00,0,0.0,2
4388161847,2016-04-14 03:00:00,0,0.0,3
4388161847,2016-04-14 04:00:00,1,0.016667,4
4388161847,2016-04-14 05:00:00,48,0.8,5
4388161847,2016-04-14 06:00:00,31,0.516667,6
4388161847,2016-04-14 07:00:00,5,0.083333,7
4388161847,2016-04-14 08:00:00,7,0.116667,8
4388161847,2016-04-14 09:00:00,11,0.183333,9
4388161847,2016-04-14 10:00:00,15,0.25,10
4388161847,2016-04-14 11:00:00,9,0.15,11
4388161847,2016-04-14 12:00:00,8,0.133333,12
4388161847,2016-04-14 13:00:00,9,0.15,13
4388161847,2016-04-14 14:00:00,1,0.016667,14
4388161847,2016-04-14 15:00:00,11,0.183333,15
4388161847,2016-04-14 16:00:00,26,0.433333,16
4388161847,2016-04-14 17:00:00,91,1.516667,17
4388161847,2016-04-14 18:00:00,14,0.233333,18
4388161847,2016-04-14 19:00:00,24,0.4,19
4388161847,2016-04-14 20:00:00,5,0.083333,20
4388161847,2016-04-14 21:00:00,2,0.033333,21
4388161847,2016-04-14 22:00:00,1,0.016667,22
4388161847,2016-04-14 23:00:00,0,0.0,23
4388161847,2016-04-15 00:00:00,0,0.0,0
4388161847,2016-04-15 01:00:00,0,0.0,1
4388161847,2016-04-15 02:00:00,0,0.0,2
4388161847,2016-04-15 03:00:00,1,0.016667,3
4388161847,2016-04-15 04:00:00,4,0.066667,4
4388161847,2016-04-15 05:00:00,34,0.566667,5
4388161847,2016-04-15 06:00:00,31,0.516667,6
4388161847,2016-04-15 07:00:00,4,0.066667,7
4388161847,2016-04-15 08:00:00,19,0.316667,8
4388161847,2016-04-15 09:00:00,5,0.083333,9
4388161847,2016-04-15 10:00:00,14,0.233333,10
4388161847,2016-04-15 11:00:00,7,0.116667,11
4388161847,2016-04-15 12:00:00,7,0.116667,12
4388161847,2016-04-15 13:00:00,10,0.166667,13
4388161847,2016-04-15 14:00:00,8,0.133333,14
4388161847,2016-04-15 15:00:00,10,0.166667,15
4388161847,2016-04-15 16:00:00,37,0.616667,16
4388161847,2016-04-15 17:00:00,21,0.35,17
4388161847,2016-04-15 18:00:00,25,0.416667,18
4388161847,2016-04-15 19:00:00,14,0.233333,19
4388161847,2016-04-15 20:00:00,6,0.1,20
4388161847,2016-04-15 21:00:00,9,0.15,21
4388161847,2016-04-15 22:00:00,16,0.266667,22
4388161847,2016-04-15 23:00:00,17,0.283333,23
4388161847,2016-04-16 00:00:00,0,0.0,0
4388161847,2016-04-16 01:00:00,0,0.0,1
4388161847,2016-04-16 02:00:00,0,0.0,2
4388161847,2016-04-16 03:00:00,0,0.0,3
4388161847,2016-04-16 04:00:00,1,0.016667,4
4388161847,2016-04-16 05:00:00,0,0.0,5
4388161847,2016-04-16 06:00:00,17,0.283333,6
4388161847,2016-04-16 07:00:00,6,0.1,7
4388161847,2016-04-16 08:00:00,52,0.866667,8
4388161847,2016-04-16 09:00:00,28,0.466667,9
4388161847,2016-04-16 10:00:00,11,0.183333,10
4388161847,2016-04-16 11:00:00,17,0.283333,11
4388161847,2016-04-16 12:00:00,8,0.133333,12
4388161847,2016-04-16 13:00:00,27,0.45,13
4388161847,2016-04-16 14:00:00,30,0.5,14
4388161847,2016-04-16 15:00:00,18,0.3,15
4388161847,2016-04-16 16:00:00,9,0.15,16
4388161847,2016-04-16 17:00:00,11,0.183333,17
4388161847,2016-04-16 18:00:00,24,0.4,18
4388161847,2016-04-16 19:00:00,10,0.166667,19
4388161847,2016-04-16 20:00:00,4,0.066667,20
4388161847,2016-04-16 21:00:00,15,0.25,21
4388161847,2016-04-16 22:00:00,1,0.016667,22
4388161847,2016-04-16 23:00:00,0,0.0,23
4388161847,2016-04-17 00:00:00,0,0.0,0
4388161847,2016-04-17 01:00:00,0,0.0,1
4388161847,2016-04-17 02:00:00,1,0.016667,2
4388161847,2016-04-17 03:00:00,0,0.0,3
4388161847,2016-04-17 04:00:00,0,0.0,4
4388161847,2016-04-17 05:00:00,1,0.016667,5
4388161847,2016-04-17 06:00:00,17,0.283333,6
4388161847,2016-04-17 07:00:00,3,0.05,7
4388161847,2016-04-17 08:00:00,13,0.216667,8
4388161847,2016-04-17 09:00:00,28,0.466667,9
4388161847,2016-04-17 10:00:00,13,0.216667,10
4388161847,2016-04-17 11:00:00,10,0.166667,11
4388161847,2016-04-17 12:00:00,24,0.4,12
4388161847,2016-04-17 13:00:00,4,0.066667,13
4388161847,2016-04-17 14:00:00,1,0.016667,14
4388161847,2016-04-17 15:00:00,6,0.1,15
4388161847,2016-04-17 16:00:00,11,0.183333,16
4388161847,2016-04-17 17:00:00,17,0.283333,17
4388161847,2016-04-17 18:00:00,21,0.35,18
4388161847,2016-04-17 19:00:00,7,0.116667,19
4388161847,2016-04-17 20:00:00,13,0.216667,20
4388161847,2016-04-17 21:00:00,4,0.066667,21
4388161847,2016-04-17 22:00:00,7,0.116667,22
4388161847,2016-04-17 23:00:00,0,0.0,23
4388161847,2016-04-18 00:00:00,0,0.0,0
4388161847,2016-04-18 01:00:00,0,0.0,1
4388161847,2016-04-18 02:00:00,0,0.0,2
4388161847,2016-04-18 03:00:00,0,0.0,3
4388161847,2016-04-18 04:00:00,0,0.0,4
4388161847,2016-04-18 05:00:00,0,0.0,5
4388161847,2016-04-18 06:00:00,7,0.116667,6
4388161847,2016-04-18 07:00:00,11,0.183333,7
4388161847,2016-04-18 08:00:00,9,0.15,8
4388161847,2016-04-18 09:00:00,9,0.15,9
4388161847,2016-04-18 10:00:00,10,0.166667,10
4388161847,2016-04-18 11:00:00,9,0.15,11
4388161847,2016-04-18 12:00:00,7,0.116667,12
4388161847,2016-04-18 13:00:00,10,0.166667,13
4388161847,2016-04-18 14:00:00,9,0.15,14
4388161847,2016-04-18 15:00:00,10,0.166667,15
4388161847,2016-04-18 16:00:00,68,1.133333,16
4388161847,2016-04-18 17:00:00,61,1.016667,17
4388161847,2016-04-18 18:00:00,42,0.7,18
4388161847,2016-04-18 19:00:00,21,0.35,19
4388161847,2016-04-18 20:00:00,45,0.75,20
4388161847,2016-04-18 21:00:00,3,0.05,21
4388161847,2016-04-18 22:00:00,2,0.033333,22
4388161847,2016-04-18 23:00:00,3,0.05,23
4388161847,2016-04-19 00:00:00,0,0.0,0
4388161847,2016-04-19 01:00:00,1,0.016667,1
4388161847,2016-04-19 02:00:00,0,0.0,2
4388161847,2016-04-19 03:00:00,0,0.0,3
4388161847,2016-04-19 04:00:00,4,0.066667,4
4388161847,2016-04-19 05:00:00,66,1.1,5
4388161847,2016-04-19 06:00:00,68,1.133333,6
4388161847,2016-04-19 07:00:00,15,0.25,7
4388161847,2016-04-19 08:00:00,10,0.166667,8
4388161847,2016-04-19 09:00:00,11,0.183333,9
4388161847,2016-04-19 10:00:00,13,0.216667,10
4388161847,2016-04-19 11:00:00,7,0.116667,11
4388161847,2016-04-19 12:00:00,8,0.133333,12
4388161847,2016-04-19 13:00:00,6,0.1,13
4388161847,2016-04-19 14:00:00,8,0.133333,14
4388161847,2016-04-19 15:00:00,6,0.1,15
4388161847,2016-04-19 16:00:00,23,0.383333,16
4388161847,2016-04-19 17:00:00,20,0.333333,17
4388161847,2016-04-19 18:00:00,25,0.416667,18
4388161847,2016-04-19 19:00:00,8,0.133333,19
4388161847,2016-04-19 20:00:00,24,0.4,20
4388161847,2016-04-19 21:00:00,15,0.25,21
4388161847,2016-04-19 22:00:00,2,0.033333,22
4388161847,2016-04-19 23:00:00,1,0.016667,23
4388161847,2016-04-20 00:00:00,0,0.0,0
4388161847,2016-04-20 01:00:00,2,0.033333,1
4388161847,2016-04-20 02:00:00,0,0.0,2
4388161847,2016-04-20 03:00:00,0,0.0,3
4388161847,2016-04-20 04:00:00,2,0.033333,4
4388161847,2016-04-20 05:00:00,49,0.816667,5
4388161847,2016-04-20 06:00:00,68,1.133333,6
4388161847,2016-04-20 07:00:00,12,0.2,7
4388161847,2016-04-20 08:00:00,7,0.116667,8
4388161847,2016-04-20 09:00:00,7,0.116667,9
4388161847,2016-04-20 10:00:00,17,0.283333,10
4388161847,2016-04-20 11:00:00,8,0.133333,11
4388161847,2016-04-20 12:00:00,9,0.15,12
4388161847,2016-04-20 13:00:00,8,0.133333,13
4388161847,2016-04-20 14:00:00,0,0.0,14
4388161847,2016-04-20 15:00:00,9,0.15,15
4388161847,2016-04-20 16:00:00,24,0.4,16
4388161847,2016-04-20 17:00:00,55,0.916667,17
4388161847,2016-04-20 18:00:00,11,0.183333,18
4388161847,2016-04-20 19:00:00,51,0.85,19
4388161847,2016-04-20 20:00:00,23,0.383333,20
4388161847,2016-04-20 21:00:00,5,0.083333,21
4388161847,2016-04-20 22:00:00,2,0.033333,22
4388161847,2016-04-20 23:00:00,0,0.0,23
4388161847,2016-04-21 00:00:00,0,0.0,0
4388161847,2016-04-21 01:00:00,1,0.016667,1
4388161847,2016-04-21 02:00:00,2,0.033333,2
4388161847,2016-04-21 03:00:00,0,0.0,3
4388161847,2016-04-21 04:00:00,0,0.0,4
4388161847,2016-04-21 05:00:00,28,0.466667,5
4388161847,2016-04-21 06:00:00,39,0.65,6
4388161847,2016-04-21 07:00:00,7,0.116667,7
4388161847,2016-04-21 08:00:00,7,0.116667,8
4388161847,2016-04-21 09:00:00,4,0.066667,9
4388161847,2016-04-21 10:00:00,12,0.2,10
4388161847,2016-04-21 11:00:00,6,0.1,11
4388161847,2016-04-21 12:00:00,12,0.2,12
4388161847,2016-04-21 13:00:00,6,0.1,13
4388161847,2016-04-21 14:00:00,5,0.083333,14
4388161847,2016-04-21 15:00:00,8,0.133333,15
4388161847,2016-04-21 16:00:00,23,0.383333,16
4388161847,2016-04-21 17:00:00,6,0.1,17
4388161847,2016-04-21 18:00:00,67,1.116667,18
4388161847,2016-04-21 19:00:00,49,0.816667,19
4388161847,2016-04-21 20:00:00,32,0.533333,20
4388161847,2016-04-21 21:00:00,3,0.05,21
4388161847,2016-04-21 22:00:00,0,0.0,22
4388161847,2016-04-21 23:00:00,0,0.0,23
4388161847,2016-04-22 00:00:00,0,0.0,0
4388161847,2016-04-22 01:00:00,0,0.0,1
4388161847,2016-04-22 02:00:00,0,0.0,2
4388161847,2016-04-22 03:00:00,0,0.0,3
4388161847,2016-04-22 04:00:00,0,0.0,4
4388161847,2016-04-22 05:00:00,0,0.0,5
4388161847,2016-04-22 06:00:00,121,2.016667,6
4388161847,2016-04-22 07:00:00,19,0.316667,7
4388161847,2016-04-22 08:00:00,92,1.533333,8
4388161847,2016-04-22 09:00:00,43,0.716667,9
4388161847,2016-04-22 10:00:00,29,0.483333,10
4388161847,2016-04-22 11:00:00,5,0.083333,11
4388161847,2016-04-22 12:00:00,19,0.316667,12
4388161847,2016-04-22 13:00:00,1,0.016667,13
4388161847,2016-04-22 14:00:00,10,0.166667,14
4388161847,2016-04-22 15:00:00,24,0.4,15
4388161847,2016-04-22 16:00:00,1,0.016667,16
4388161847,2016-04-22 17:00:00,14,0.233333,17
4388161847,2016-04-22 18:00:00,90,1.5,18
4388161847,2016-04-22 19:00:00,17,0.283333,19
4388161847,2016-04-22 20:00:00,8,0.133333,20
4388161847,2016-04-22 21:00:00,0,0.0,21
4388161847,2016-04-22 22:00:00,7,0.116667,22
4388161847,2016-04-22 23:00:00,1,0.016667,23
4388161847,2016-04-23 00:00:00,2,0.033333,0
4388161847,2016-04-23 01:00:00,0,0.0,1
4388161847,2016-04-23 02:00:00,0,0.0,2
4388161847,2016-04-23 03:00:00,1,0.016667,3
4388161847,2016-04-23 04:00:00,0,0.0,4
4388161847,2016-04-23 05:00:00,0,0.0,5
4388161847,2016-04-23 06:00:00,4,0.066667,6
4388161847,2016-04-23 07:00:00,2,0.033333,7
4388161847,2016-04-23 08:00:00,7,0.116667,8
4388161847,2016-04-23 09:00:00,1,0.016667,9
4388161847,2016-04-23 10:00:00,26,0.433333,10
4388161847,2016-04-23 11:00:00,28,0.466667,11
4388161847,2016-04-23 12:00:00,25,0.416667,12
4388161847,2016-04-23 13:00:00,66,1.1,13
4388161847,2016-04-23 14:00:00,154,2.566667,14
4388161847,2016-04-23 15:00:00,17,0.283333,15
4388161847,2016-04-23 16:00:00,4,0.066667,16
4388161847,2016-04-23 17:00:00,4,0.066667,17
4388161847,2016-04-23 18:00:00,23,0.383333,18
4388161847,2016-04-23 19:00:00,10,0.166667,19
4388161847,2016-04-23 20:00:00,6,0.1,20
4388161847,2016-04-23 21:00:00,2,0.033333,21
4388161847,2016-04-23 22:00:00,16,0.266667,22
4388161847,2016-04-23 23:00:00,1,0.016667,23
4388161847,2016-04-24 00:00:00,1,0.016667,0
4388161847,2016-04-24 01:00:00,2,0.033333,1
4388161847,2016-04-24 02:00:00,0,0.0,2
4388161847,2016-04-24 03:00:00,1,0.016667,3
4388161847,2016-04-24 04:00:00,0,0.0,4
4388161847,2016-04-24 05:00:00,1,0.016667,5
4388161847,2016-04-24 06:00:00,14,0.233333,6
4388161847,2016-04-24 07:00:00,2,0.033333,7
4388161847,2016-04-24 08:00:00,11,0.183333,8
4388161847,2016-04-24 09:00:00,0,0.0,9
4388161847,2016-04-24 10:00:00,10,0.166667,10
4388161847,2016-04-24 11:00:00,5,0.083333,11
4388161847,2016-04-24 12:00:00,27,0.45,12
4388161847,2016-04-24 13:00:00,29,0.483333,13
4388161847,2016-04-24 14:00:00,56,0.933333,14
4388161847,2016-04-24 15:00:00,40,0.666667,15
4388161847,2016-04-24 16:00:00,2,0.033333,16
4388161847,2016-04-24 17:00:00,0,0.0,17
4388161847,2016-04-24 18:00:00,26,0.433333,18
4388161847,2016-04-24 19:00:00,10,0.166667,19
4388161847,2016-04-24 20:00:00,48,0.8,20
4388161847,2016-04-24 21:00:00,12,0.2,21
4388161847,2016-04-24 22:00:00,0,0.0,22
4388161847,2016-04-24 23:00:00,0,0.0,23
4388161847,2016-04-25 00:00:00,0,0.0,0
4388161847,2016-04-25 01:00:00,0,0.0,1
4388161847,2016-04-25 02:00:00,0,0.0,2
4388161847,2016-04-25 03:00:00,0,0.0,3
4388161847,2016-04-25 04:00:00,0,0.0,4
4388161847,2016-04-25 05:00:00,29,0.483333,5
4388161847,2016-04-25 06:00:00,22,0.366667,6
4388161847,2016-04-25 07:00:00,16,0.266667,7
4388161847,2016-04-25 08:00:00,5,0.083333,8
4388161847,2016-04-25 09:00:00,15,0.25,9
4388161847,2016-04-25 10:00:00,8,0.133333,10
4388161847,2016-04-25 11:00:00,10,0.166667,11
4388161847,2016-04-25 12:00:00,11,0.183333,12
4388161847,2016-04-25 13:00:00,6,0.1,13
4388161847,2016-04-25 14:00:00,7,0.116667,14
4388161847,2016-04-25 15:00:00,13,0.216667,15
4388161847,2016-04-25 16:00:00,28,0.466667,16
4388161847,2016-04-25 17:00:00,79,1.316667,17
4388161847,2016-04-25 18:00:00,22,0.366667,18
4388161847,2016-04-25 19:00:00,42,0.7,19
4388161847,2016-04-25 20:00:00,61,1.016667,20
4388161847,2016-04-25 21:00:00,16,0.266667,21
4388161847,2016-04-25 22:00:00,4,0.066667,22
4388161847,2016-04-25 23:00:00,2,0.033333,23
4388161847,2016-04-26 00:00:00,0,0.0,0
4388161847,2016-04-26 01:00:00,0,0.0,1
4388161847,2016-04-26 02:00:00,1,0.016667,2
4388161847,2016-04-26 03:00:00,1,0.016667,3
4388161847,2016-04-26 04:00:00,3,0.05,4
4388161847,2016-04-26 05:00:00,40,0.666667,5
4388161847,2016-04-26 06:00:00,82,1.366667,6
4388161847,2016-04-26 07:00:00,16,0.266667,7
4388161847,2016-04-26 08:00:00,6,0.1,8
4388161847,2016-04-26 09:00:00,15,0.25,9
4388161847,2016-04-26 10:00:00,17,0.283333,10
4388161847,2016-04-26 11:00:00,8,0.133333,11
4388161847,2016-04-26 12:00:00,14,0.233333,12
4388161847,2016-04-26 13:00:00,8,0.133333,13
4388161847,2016-04-26 14:00:00,10,0.166667,14
4388161847,2016-04-26 15:00:00,14,0.233333,15
4388161847,2016-04-26 16:00:00,11,0.183333,16
4388161847,2016-04-26 17:00:00,33,0.55,17
4388161847,2016-04-26 18:00:00,11,0.183333,18
4388161847,2016-04-26 19:00:00,2,0.033333,19
4388161847,2016-04-26 20:00:00,14,0.233333,20
4388161847,2016-04-26 21:00:00,3,0.05,21
4388161847,2016-04-26 22:00:00,1,0.016667,22
4388161847,2016-04-26 23:00:00,2,0.033333,23
4388161847,2016-04-27 00:00:00,1,0.016667,0
4388161847,2016-04-27 01:00:00,1,0.016667,1
4388161847,2016-04-27 02:00:00,3,0.05,2
4388161847,2016-04-27 03:00:00,1,0.016667,3
4388161847,2016-04-27 04:00:00,0,0.0,4
4388161847,2016-04-27 05:00:00,25,0.416667,5
4388161847,2016-04-27 06:00:00,21,0.35,6
4388161847,2016-04-27 07:00:00,9,0.15,7
4388161847,2016-04-27 08:00:00,5,0.083333,8
4388161847,2016-04-27 09:00:00,6,0.1,9
4388161847,2016-04-27 10:00:00,10,0.166667,10
4388161847,2016-04-27 11:00:00,10,0.166667,11
4388161847,2016-04-27 12:00:00,15,0.25,12
4388161847,2016-04-27 13:00:00,3,0.05,13
4388161847,2016-04-27 14:00:00,9,0.15,14
4388161847,2016-04-27 15:00:00,9,0.15,15
4388161847,2016-04-27 16:00:00,23,0.383333,16
4388161847,2016-04-27 17:00:00,52,0.866667,17
4388161847,2016-04-27 18:00:00,121,2.016667,18
4388161847,2016-04-27 19:00:00,19,0.316667,19
4388161847,2016-04-27 20:00:00,13,0.216667,20
4388161847,2016-04-27 21:00:00,10,0.166667,21
4388161847,2016-04-27 22:00:00,2,0.033333,22
4388161847,2016-04-27 23:00:00,2,0.033333,23
4388161847,2016-04-28 00:00:00,0,0.0,0
4388161847,2016-04-28 01:00:00,0,0.0,1
4388161847,2016-04-28 02:00:00,1,0.016667,2
4388161847,2016-04-28 03:00:00,0,0.0,3
4388161847,2016-04-28 04:00:00,1,0.016667,4
4388161847,2016-04-28 05:00:00,55,0.916667,5
4388161847,2016-04-28 06:00:00,67,1.116667,6
4388161847,2016-04-28 07:00:00,12,0.2,7
4388161847,2016-04-28 08:00:00,8,0.133333,8
4388161847,2016-04-28 09:00:00,6,0.1,9
4388161847,2016-04-28 10:00:00,16,0.266667,10
4388161847,2016-04-28 11:00:00,17,0.283333,11
4388161847,2016-04-28 12:00:00,4,0.066667,12
4388161847,2016-04-28 13:00:00,12,0.2,13
4388161847,2016-04-28 14:00:00,6,0.1,14
4388161847,2016-04-28 15:00:00,8,0.133333,15
4388161847,2016-04-28 16:00:00,30,0.5,16
4388161847,2016-04-28 17:00:00,32,0.533333,17
4388161847,2016-04-28 18:00:00,22,0.366667,18
4388161847,2016-04-28 19:00:00,8,0.133333,19
4388161847,2016-04-28 20:00:00,4,0.066667,20
4388161847,2016-04-28 21:00:00,0,0.0,21
4388161847,2016-04-28 22:00:00,0,0.0,22
4388161847,2016-04-28 23:00:00,0,0.0,23
4388161847,2016-04-29 00:00:00,0,0.0,0
4388161847,2016-04-29 01:00:00,0,0.0,1
4388161847,2016-04-29 02:00:00,0,0.0,2
4388161847,2016-04-29 03:00:00,0,0.0,3
4388161847,2016-04-29 04:00:00,0,0.0,4
4388161847,2016-04-29 05:00:00,44,0.733333,5
4388161847,2016-04-29 06:00:00,68,1.133333,6
4388161847,2016-04-29 07:00:00,18,0.3,7
4388161847,2016-04-29 08:00:00,6,0.1,8
4388161847,2016-04-29 09:00:00,9,0.15,9
4388161847,2016-04-29 10:00:00,10,0.166667,10
4388161847,2016-04-29 11:00:00,7,0.116667,11
4388161847,2016-04-29 12:00:00,10,0.166667,12
4388161847,2016-04-29 13:00:00,8,0.133333,13
4388161847,2016-04-29 14:00:00,10,0.166667,14
4388161847,2016-04-29 15:00:00,2,0.033333,15
4388161847,2016-04-29 16:00:00,7,0.116667,16
4388161847,2016-04-29 17:00:00,28,0.466667,17
4388161847,2016-04-29 18:00:00,24,0.4,18
4388161847,2016-04-29 19:00:00,8,0.133333,19
4388161847,2016-04-29 20:00:00,32,0.533333,20
4388161847,2016-04-29 21:00:00,5,0.083333,21
4388161847,2016-04-29 22:00:00,9,0.15,22
4388161847,2016-04-29 23:00:00,2,0.033333,23
4388161847,2016-04-30 00:00:00,1,0.016667,0
4388161847,2016-04-30 01:00:00,1,0.016667,1
4388161847,2016-04-30 02:00:00,2,0.033333,2
4388161847,2016-04-30 03:00:00,1,0.016667,3
4388161847,2016-04-30 04:00:00,0,0.0,4
4388161847,2016-04-30 05:00:00,2,0.033333,5
4388161847,2016-04-30 06:00:00,8,0.133333,6
4388161847,2016-04-30 07:00:00,7,0.116667,7
4388161847,2016-04-30 08:00:00,0,0.0,8
4388161847,2016-04-30 09:00:00,45,0.75,9
4388161847,2016-04-30 10:00:00,10,0.166667,10
4388161847,2016-04-30 11:00:00,101,1.683333,11
4388161847,2016-04-30 12:00:00,65,1.083333,12
4388161847,2016-04-30 13:00:00,35,0.583333,13
4388161847,2016-04-30 14:00:00,2,0.033333,14
4388161847,2016-04-30 15:00:00,7,0.116667,15
4388161847,2016-04-30 16:00:00,27,0.45,16
4388161847,2016-04-30 17:00:00,10,0.166667,17
4388161847,2016-04-30 18:00:00,28,0.466667,18
4388161847,2016-04-30 19:00:00,10,0.166667,19
4388161847,2016-04-30 20:00:00,43,0.716667,20
4388161847,2016-04-30 21:00:00,19,0.316667,21
4388161847,2016-04-30 22:00:00,2,0.033333,22
4388161847,2016-04-30 23:00:00,2,0.033333,23
4388161847,2016-05-01 00:00:00,1,0.016667,0
4388161847,2016-05-01 01:00:00,5,0.083333,1
4388161847,2016-05-01 02:00:00,0,0.0,2
4388161847,2016-05-01 03:00:00,1,0.016667,3
4388161847,2016-05-01 04:00:00,0,0.0,4
4388161847,2016-05-01 05:00:00,0,0.0,5
4388161847,2016-05-01 06:00:00,0,0.0,6
4388161847,2016-05-01 07:00:00,2,0.033333,7
4388161847,2016-05-01 08:00:00,67,1.116667,8
4388161847,2016-05-01 09:00:00,10,0.166667,9
4388161847,2016-05-01 10:00:00,26,0.433333,10
4388161847,2016-05-01 11:00:00,23,0.383333,11
4388161847,2016-05-01 12:00:00,25,0.416667,12
4388161847,2016-05-01 13:00:00,25,0.416667,13
4388161847,2016-05-01 14:00:00,2,0.033333,14
4388161847,2016-05-01 15:00:00,43,0.716667,15
4388161847,2016-05-01 16:00:00,7,0.116667,16
4388161847,2016-05-01 17:00:00,16,0.266667,17
4388161847,2016-05-01 18:00:00,5,0.083333,18
4388161847,2016-05-01 19:00:00,23,0.383333,19
4388161847,2016-05-01 20:00:00,11,0.183333,20
4388161847,2016-05-01 21:00:00,7,0.116667,21
4388161847,2016-05-01 22:00:00,8,0.133333,22
4388161847,2016-05-01 23:00:00,0,0.0,23
4388161847,2016-05-02 00:00:00,4,0.066667,0
4388161847,2016-05-02 01:00:00,1,0.016667,1
4388161847,2016-05-02 02:00:00,0,0.0,2
4388161847,2016-05-02 03:00:00,0,0.0,3
4388161847,2016-05-02 04:00:00,0,0.0,4
4388161847,2016-05-02 05:00:00,8,0.133333,5
4388161847,2016-05-02 06:00:00,28,0.466667,6
4388161847,2016-05-02 07:00:00,14,0.233333,7
4388161847,2016-05-02 08:00:00,6,0.1,8
4388161847,2016-05-02 09:00:00,7,0.116667,9
4388161847,2016-05-02 10:00:00,10,0.166667,10
4388161847,2016-05-02 11:00:00,7,0.116667,11
4388161847,2016-05-02 12:00:00,9,0.15,12
4388161847,2016-05-02 13:00:00,8,0.133333,13
4388161847,2016-05-02 14:00:00,4,0.066667,14
4388161847,2016-05-02 15:00:00,5,0.083333,15
4388161847,2016-05-02 16:00:00,24,0.4,16
4388161847,2016-05-02 17:00:00,21,0.35,17
4388161847,2016-05-02 18:00:00,113,1.883333,18
4388161847,2016-05-02 19:00:00,20,0.333333,19
4388161847,2016-05-02 20:00:00,12,0.2,20
4388161847,2016-05-02 21:00:00,10,0.166667,21
4388161847,2016-05-02 22:00:00,0,0.0,22
4388161847,2016-05-02 23:00:00,0,0.0,23
4388161847,2016-05-03 00:00:00,0,0.0,0
4388161847,2016-05-03 01:00:00,0,0.0,1
4388161847,2016-05-03 02:00:00,0,0.0,2
4388161847,2016-05-03 03:00:00,0,0.0,3
4388161847,2016-05-03 04:00:00,0,0.0,4
4388161847,2016-05-03 05:00:00,66,1.1,5
4388161847,2016-05-03 06:00:00,61,1.016667,6
4388161847,2016-05-03 07:00:00,12,0.2,7
4388161847,2016-05-03 08:00:00,8,0.133333,8
4388161847,2016-05-03 09:00:00,15,0.25,9
4388161847,2016-05-03 10:00:00,8,0.133333,10
4388161847,2016-05-03 11:00:00,8,0.133333,11
4388161847,2016-05-03 12:00:00,11,0.183333,12
4388161847,2016-05-03 13:00:00,6,0.1,13
4388161847,2016-05-03 14:00:00,8,0.133333,14
4388161847,2016-05-03 15:00:00,8,0.133333,15
4388161847,2016-05-03 16:00:00,28,0.466667,16
4388161847,2016-05-03 17:00:00,49,0.816667,17
4388161847,2016-05-03 18:00:00,49,0.816667,18
4388161847,2016-05-03 19:00:00,30,0.5,19
4388161847,2016-05-03 20:00:00,18,0.3,20
4388161847,2016-05-03 21:00:00,10,0.166667,21
4388161847,2016-05-03 22:00:00,0,0.0,22
4388161847,2016-05-03 23:00:00,1,0.016667,23
4388161847,2016-05-04 00:00:00,2,0.033333,0
4388161847,2016-05-04 01:00:00,0,0.0,1
4388161847,2016-05-04 02:00:00,4,0.066667,2
4388161847,2016-05-04 03:00:00,0,0.0,3
4388161847,2016-05-04 04:00:00,0,0.0,4
4388161847,2016-05-04 05:00:00,28,0.466667,5
4388161847,2016-05-04 06:00:00,54,0.9,6
4388161847,2016-05-04 07:00:00,13,0.216667,7
4388161847,2016-05-04 08:00:00,9,0.15,8
4388161847,2016-05-04 09:00:00,14,0.233333,9
4388161847,2016-05-04 10:00:00,11,0.183333,10
4388161847,2016-05-04 11:00:00,8,0.133333,11
4388161847,2016-05-04 12:00:00,15,0.25,12
4388161847,2016-05-04 13:00:00,9,0.15,13
4388161847,2016-05-04 14:00:00,9,0.15,14
4388161847,2016-05-04 15:00:00,5,0.083333,15
4388161847,2016-05-04 16:00:00,35,0.583333,16
4388161847,2016-05-04 17:00:00,113,1.883333,17
4388161847,2016-05-04 18:00:00,33,0.55,18
4388161847,2016-05-04 19:00:00,16,0.266667,19
4388161847,2016-05-04 20:00:00,15,0.25,20
4388161847,2016-05-04 21:00:00,0,0.0,21
4388161847,2016-05-04 22:00:00,5,0.083333,22
4388161847,2016-05-04 23:00:00,0,0.0,23
4388161847,2016-05-05 00:00:00,0,0.0,0
4388161847,2016-05-05 01:00:00,0,0.0,1
4388161847,2016-05-05 02:00:00,1,0.016667,2
4388161847,2016-05-05 03:00:00,4,0.066667,3
4388161847,2016-05-05 04:00:00,0,0.0,4
4388161847,2016-05-05 05:00:00,28,0.466667,5
4388161847,2016-05-05 06:00:00,60,1.0,6
4388161847,2016-05-05 07:00:00,13,0.216667,7
4388161847,2016-05-05 08:00:00,12,0.2,8
4388161847,2016-05-05 09:00:00,3,0.05,9
4388161847,2016-05-05 10:00:00,9,0.15,10
4388161847,2016-05-05 11:00:00,6,0.1,11
4388161847,2016-05-05 12:00:00,11,0.183333,12
4388161847,2016-05-05 13:00:00,3,0.05,13
4388161847,2016-05-05 14:00:00,8,0.133333,14
4388161847,2016-05-05 15:00:00,11,0.183333,15
4388161847,2016-05-05 16:00:00,52,0.866667,16
4388161847,2016-05-05 17:00:00,49,0.816667,17
4388161847,2016-05-05 18:00:00,14,0.233333,18
4388161847,2016-05-05 19:00:00,18,0.3,19
4388161847,2016-05-05 20:00:00,11,0.183333,20
4388161847,2016-05-05 21:00:00,0,0.0,21
4388161847,2016-05-05 22:00:00,0,0.0,22
4388161847,2016-05-05 23:00:00,0,0.0,23
4388161847,2016-05-06 00:00:00,0,0.0,0
4388161847,2016-05-06 01:00:00,0,0.0,1
4388161847,2016-05-06 02:00:00,0,0.0,2
4388161847,2016-05-06 03:00:00,13,0.216667,3
4388161847,2016-05-06 04:00:00,22,0.366667,4
4388161847,2016-05-06 05:00:00,101,1.683333,5
4388161847,2016-05-06 06:00:00,45,0.75,6
4388161847,2016-05-06 07:00:00,14,0.233333,7
4388161847,2016-05-06 08:00:00,10,0.166667,8
4388161847,2016-05-06 09:00:00,11,0.183333,9
4388161847,2016-05-06 10:00:00,23,0.383333,10
4388161847,2016-05-06 11:00:00,7,0.116667,11
4388161847,2016-05-06 12:00:00,10,0.166667,12
4388161847,2016-05-06 13:00:00,5,0.083333,13
4388161847,2016-05-06 14:00:00,7,0.116667,14
4388161847,2016-05-06 15:00:00,14,0.233333,15
4388161847,2016-05-06 16:00:00,16,0.266667,16
4388161847,2016-05-06 17:00:00,7,0.116667,17
4388161847,2016-05-06 18:00:00,16,0.266667,18
4388161847,2016-05-06 19:00:00,6,0.1,19
4388161847,2016-05-06 20:00:00,96,1.6,20
4388161847,2016-05-06 21:00:00,26,0.433333,21
4388161847,2016-05-06 22:00:00,2,0.033333,22
4388161847,2016-05-06 23:00:00,0,0.0,23
4388161847,2016-05-07 00:00:00,1,0.016667,0
4388161847,2016-05-07 01:00:00,4,0.066667,1
4388161847,2016-05-07 02:00:00,0,0.0,2
4388161847,2016-05-07 03:00:00,0,0.0,3
4388161847,2016-05-07 04:00:00,0,0.0,4
4388161847,2016-05-07 05:00:00,0,0.0,5
4388161847,2016-05-07 06:00:00,0,0.0,6
4388161847,2016-05-07 07:00:00,1,0.016667,7
4388161847,2016-05-07 08:00:00,30,0.5,8
4388161847,2016-05-07 09:00:00,92,1.533333,9
4388161847,2016-05-07 10:00:00,19,0.316667,10
4388161847,2016-05-07 11:00:00,69,1.15,11
4388161847,2016-05-07 12:00:00,129,2.15,12
4388161847,2016-05-07 13:00:00,33,0.55,13
4388161847,2016-05-07 14:00:00,0,0.0,14
4388161847,2016-05-07 15:00:00,4,0.066667,15
4388161847,2016-05-07 16:00:00,111,1.85,16
4388161847,2016-05-07 17:00:00,61,1.016667,17
4388161847,2016-05-07 18:00:00,20,0.333333,18
4388161847,2016-05-07 19:00:00,53,0.883333,19
4388161847,2016-05-07 20:00:00,67,1.116667,20
4388161847,2016-05-07 21:00:00,22,0.366667,21
4388161847,2016-05-07 22:00:00,14,0.233333,22
4388161847,2016-05-07 23:00:00,2,0.033333,23
4388161847,2016-05-08 00:00:00,1,0.016667,0
4388161847,2016-05-08 01:00:00,0,0.0,1
4388161847,2016-05-08 02:00:00,1,0.016667,2
4388161847,2016-05-08 03:00:00,0,0.0,3
4388161847,2016-05-08 04:00:00,0,0.0,4
4388161847,2016-05-08 05:00:00,0,0.0,5
4388161847,2016-05-08 06:00:00,0,0.0,6
4388161847,2016-05-08 07:00:00,0,0.0,7
4388161847,2016-05-08 08:00:00,10,0.166667,8
4388161847,2016-05-08 09:00:00,13,0.216667,9
4388161847,2016-05-08 10:00:00,62,1.033333,10
4388161847,2016-05-08 11:00:00,0,0.0,11
4388161847,2016-05-08 12:00:00,17,0.283333,12
4388161847,2016-05-08 13:00:00,100,1.666667,13
4388161847,2016-05-08 14:00:00,70,1.166667,14
4388161847,2016-05-08 15:00:00,14,0.233333,15
4388161847,2016-05-08 16:00:00,11,0.183333,16
4388161847,2016-05-08 17:00:00,44,0.733333,17
4388161847,2016-05-08 18:00:00,17,0.283333,18
4388161847,2016-05-08 19:00:00,115,1.916667,19
4388161847,2016-05-08 20:00:00,96,1.6,20
4388161847,2016-05-08 21:00:00,4,0.066667,21
4388161847,2016-05-08 22:00:00,0,0.0,22
4388161847,2016-05-08 23:00:00,0,0.0,23
4388161847,2016-05-09 00:00:00,0,0.0,0
4388161847,2016-05-09 01:00:00,0,0.0,1
4388161847,2016-05-09 02:00:00,0,0.0,2
4388161847,2016-05-09 03:00:00,0,0.0,3
4388161847,2016-05-09 04:00:00,0,0.0,4
4388161847,2016-05-09 05:00:00,29,0.483333,5
4388161847,2016-05-09 06:00:00,57,0.95,6
4388161847,2016-05-09 07:00:00,9,0.15,7
4388161847,2016-05-09 08:00:00,10,0.166667,8
4388161847,2016-05-09 09:00:00,7,0.116667,9
4388161847,2016-05-09 10:00:00,9,0.15,10
4388161847,2016-05-09 11:00:00,7,0.116667,11
4388161847,2016-05-09 12:00:00,12,0.2,12
4388161847,2016-05-09 13:00:00,9,0.15,13
4388161847,2016-05-09 14:00:00,7,0.116667,14
4388161847,2016-05-09 15:00:00,11,0.183333,15
4388161847,2016-05-09 16:00:00,28,0.466667,16
4388161847,2016-05-09 17:00:00,36,0.6,17
4388161847,2016-05-09 18:00:00,27,0.45,18
4388161847,2016-05-09 19:00:00,44,0.733333,19
4388161847,2016-05-09 20:00:00,4,0.066667,20
4388161847,2016-05-09 21:00:00,2,0.033333,21
4388161847,2016-05-09 22:00:00,4,0.066667,22
4388161847,2016-05-09 23:00:00,2,0.033333,23
4388161847,2016-05-10 00:00:00,1,0.016667,0
4388161847,2016-05-10 01:00:00,0,0.0,1
4388161847,2016-05-10 02:00:00,1,0.016667,2
4388161847,2016-05-10 03:00:00,1,0.016667,3
4388161847,2016-05-10 04:00:00,0,0.0,4
4388161847,2016-05-10 05:00:00,70,1.166667,5
4388161847,2016-05-10 06:00:00,45,0.75,6
4388161847,2016-05-10 07:00:00,13,0.216667,7
4388161847,2016-05-10 08:00:00,20,0.333333,8
4388161847,2016-05-10 09:00:00,4,0.066667,9
4388161847,2016-05-10 10:00:00,14,0.233333,10
4388161847,2016-05-10 11:00:00,12,0.2,11
4388161847,2016-05-10 12:00:00,11,0.183333,12
4388161847,2016-05-10 13:00:00,12,0.2,13
4388161847,2016-05-10 14:00:00,4,0.066667,14
4388161847,2016-05-10 15:00:00,10,0.166667,15
4388161847,2016-05-10 16:00:00,7,0.116667,16
4388161847,2016-05-10 17:00:00,31,0.516667,17
4388161847,2016-05-10 18:00:00,30,0.5,18
4388161847,2016-05-10 19:00:00,35,0.583333,19
4388161847,2016-05-10 20:00:00,13,0.216667,20
4388161847,2016-05-10 21:00:00,0,0.0,21
4388161847,2016-05-10 22:00:00,0,0.0,22
4388161847,2016-05-10 23:00:00,0,0.0,23
4388161847,2016-05-11 00:00:00,0,0.0,0
4388161847,2016-05-11 01:00:00,0,0.0,1
4388161847,2016-05-11 02:00:00,0,0.0,2
4388161847,2016-05-11 03:00:00,0,0.0,3
4388161847,2016-05-11 04:00:00,1,0.016667,4
4388161847,2016-05-11 05:00:00,30,0.5,5
4388161847,2016-05-11 06:00:00,65,1.083333,6
4388161847,2016-05-11 07:00:00,13,0.216667,7
4388161847,2016-05-11 08:00:00,13,0.216667,8
4388161847,2016-05-11 09:00:00,6,0.1,9
4388161847,2016-05-11 10:00:00,19,0.316667,10
4388161847,2016-05-11 11:00:00,5,0.083333,11
4388161847,2016-05-11 12:00:00,14,0.233333,12
4388161847,2016-05-11 13:00:00,13,0.216667,13
4388161847,2016-05-11 14:00:00,7,0.116667,14
4388161847,2016-05-11 15:00:00,15,0.25,15
4388161847,2016-05-11 16:00:00,22,0.366667,16
4388161847,2016-05-11 17:00:00,41,0.683333,17
4388161847,2016-05-11 18:00:00,14,0.233333,18
4388161847,2016-05-11 19:00:00,23,0.383333,19
4388161847,2016-05-11 20:00:00,15,0.25,20
4388161847,2016-05-11 21:00:00,0,0.0,21
4388161847,2016-05-11 22:00:00,0,0.0,22
4388161847,2016-05-11 23:00:00,0,0.0,23
4388161847,2016-05-12 00:00:00,0,0.0,0
4388161847,2016-05-12 01:00:00,0,0.0,1
4388161847,2016-05-12 02:00:00,0,0.0,2
4388161847,2016-05-12 03:00:00,0,0.0,3
4388161847,2016-05-12 04:00:00,0,0.0,4
4388161847,2016-05-12 05:00:00,0,0.0,5
4388161847,2016-05-12 06:00:00,6,0.1,6
4388161847,2016-05-12 07:00:00,17,0.283333,7
4388161847,2016-05-12 08:00:00,7,0.116667,8
4388161847,2016-05-12 09:00:00,11,0.183333,9
4388161847,2016-05-12 10:00:00,7,0.116667,10
4388161847,2016-05-12 11:00:00,9,0.15,11
4388161847,2016-05-12 12:00:00,22,0.366667,12
4388161847,2016-05-12 13:00:00,10,0.166667,13
4388161847,2016-05-12 14:00:00,12,0.2,14
4445114986,2016-04-12 00:00:00,0,0.0,0
4445114986,2016-04-12 01:00:00,7,0.116667,1
4445114986,2016-04-12 02:00:00,0,0.0,2
4445114986,2016-04-12 03:00:00,1,0.016667,3
4445114986,2016-04-12 04:00:00,2,0.033333,4
4445114986,2016-04-12 05:00:00,0,0.0,5
4445114986,2016-04-12 06:00:00,0,0.0,6
4445114986,2016-04-12 07:00:00,5,0.083333,7
4445114986,2016-04-12 08:00:00,5,0.083333,8
4445114986,2016-04-12 09:00:00,0,0.0,9
4445114986,2016-04-12 10:00:00,1,0.016667,10
4445114986,2016-04-12 11:00:00,13,0.216667,11
4445114986,2016-04-12 12:00:00,11,0.183333,12
4445114986,2016-04-12 13:00:00,28,0.466667,13
4445114986,2016-04-12 14:00:00,5,0.083333,14
4445114986,2016-04-12 15:00:00,21,0.35,15
4445114986,2016-04-12 16:00:00,13,0.216667,16
4445114986,2016-04-12 17:00:00,25,0.416667,17
4445114986,2016-04-12 18:00:00,8,0.133333,18
4445114986,2016-04-12 19:00:00,20,0.333333,19
4445114986,2016-04-12 20:00:00,23,0.383333,20
4445114986,2016-04-12 21:00:00,6,0.1,21
4445114986,2016-04-12 22:00:00,0,0.0,22
4445114986,2016-04-12 23:00:00,2,0.033333,23
4445114986,2016-04-13 00:00:00,0,0.0,0
4445114986,2016-04-13 01:00:00,0,0.0,1
4445114986,2016-04-13 02:00:00,0,0.0,2
4445114986,2016-04-13 03:00:00,0,0.0,3
4445114986,2016-04-13 04:00:00,3,0.05,4
4445114986,2016-04-13 05:00:00,0,0.0,5
4445114986,2016-04-13 06:00:00,0,0.0,6
4445114986,2016-04-13 07:00:00,2,0.033333,7
4445114986,2016-04-13 08:00:00,0,0.0,8
4445114986,2016-04-13 09:00:00,1,0.016667,9
4445114986,2016-04-13 10:00:00,0,0.0,10
4445114986,2016-04-13 11:00:00,12,0.2,11
4445114986,2016-04-13 12:00:00,14,0.233333,12
4445114986,2016-04-13 13:00:00,5,0.083333,13
4445114986,2016-04-13 14:00:00,12,0.2,14
4445114986,2016-04-13 15:00:00,13,0.216667,15
4445114986,2016-04-13 16:00:00,18,0.3,16
4445114986,2016-04-13 17:00:00,28,0.466667,17
4445114986,2016-04-13 18:00:00,21,0.35,18
4445114986,2016-04-13 19:00:00,8,0.133333,19
4445114986,2016-04-13 20:00:00,15,0.25,20
4445114986,2016-04-13 21:00:00,3,0.05,21
4445114986,2016-04-13 22:00:00,14,0.233333,22
4445114986,2016-04-13 23:00:00,25,0.416667,23
4445114986,2016-04-14 00:00:00,11,0.183333,0
4445114986,2016-04-14 01:00:00,4,0.066667,1
4445114986,2016-04-14 02:00:00,7,0.116667,2
4445114986,2016-04-14 03:00:00,0,0.0,3
4445114986,2016-04-14 04:00:00,0,0.0,4
4445114986,2016-04-14 05:00:00,1,0.016667,5
4445114986,2016-04-14 06:00:00,0,0.0,6
4445114986,2016-04-14 07:00:00,0,0.0,7
4445114986,2016-04-14 08:00:00,0,0.0,8
4445114986,2016-04-14 09:00:00,2,0.033333,9
4445114986,2016-04-14 10:00:00,0,0.0,10
4445114986,2016-04-14 11:00:00,4,0.066667,11
4445114986,2016-04-14 12:00:00,12,0.2,12
4445114986,2016-04-14 13:00:00,13,0.216667,13
4445114986,2016-04-14 14:00:00,10,0.166667,14
4445114986,2016-04-14 15:00:00,26,0.433333,15
4445114986,2016-04-14 16:00:00,14,0.233333,16
4445114986,2016-04-14 17:00:00,27,0.45,17
4445114986,2016-04-14 18:00:00,13,0.216667,18
4445114986,2016-04-14 19:00:00,18,0.3,19
4445114986,2016-04-14 20:00:00,18,0.3,20
4445114986,2016-04-14 21:00:00,15,0.25,21
4445114986,2016-04-14 22:00:00,23,0.383333,22
4445114986,2016-04-14 23:00:00,13,0.216667,23
4445114986,2016-04-15 00:00:00,17,0.283333,0
4445114986,2016-04-15 01:00:00,2,0.033333,1
4445114986,2016-04-15 02:00:00,1,0.016667,2
4445114986,2016-04-15 03:00:00,1,0.016667,3
4445114986,2016-04-15 04:00:00,0,0.0,4
4445114986,2016-04-15 05:00:00,0,0.0,5
4445114986,2016-04-15 06:00:00,0,0.0,6
4445114986,2016-04-15 07:00:00,3,0.05,7
4445114986,2016-04-15 08:00:00,20,0.333333,8
4445114986,2016-04-15 09:00:00,4,0.066667,9
4445114986,2016-04-15 10:00:00,19,0.316667,10
4445114986,2016-04-15 11:00:00,16,0.266667,11
4445114986,2016-04-15 12:00:00,20,0.333333,12
4445114986,2016-04-15 13:00:00,19,0.316667,13
4445114986,2016-04-15 14:00:00,25,0.416667,14
4445114986,2016-04-15 15:00:00,29,0.483333,15
4445114986,2016-04-15 16:00:00,38,0.633333,16
4445114986,2016-04-15 17:00:00,24,0.4,17
4445114986,2016-04-15 18:00:00,15,0.25,18
4445114986,2016-04-15 19:00:00,12,0.2,19
4445114986,2016-04-15 20:00:00,23,0.383333,20
4445114986,2016-04-15 21:00:00,31,0.516667,21
4445114986,2016-04-15 22:00:00,11,0.183333,22
4445114986,2016-04-15 23:00:00,20,0.333333,23
4445114986,2016-04-16 00:00:00,0,0.0,0
4445114986,2016-04-16 01:00:00,0,0.0,1
4445114986,2016-04-16 02:00:00,1,0.016667,2
4445114986,2016-04-16 03:00:00,1,0.016667,3
4445114986,2016-04-16 04:00:00,0,0.0,4
4445114986,2016-04-16 05:00:00,0,0.0,5
4445114986,2016-04-16 06:00:00,0,0.0,6
4445114986,2016-04-16 07:00:00,0,0.0,7
4445114986,2016-04-16 08:00:00,0,0.0,8
4445114986,2016-04-16 09:00:00,0,0.0,9
4445114986,2016-04-16 10:00:00,11,0.183333,10
4445114986,2016-04-16 11:00:00,31,0.516667,11
4445114986,2016-04-16 12:00:00,11,0.183333,12
4445114986,2016-04-16 13:00:00,7,0.116667,13
4445114986,2016-04-16 14:00:00,9,0.15,14
4445114986,2016-04-16 15:00:00,0,0.0,15
4445114986,2016-04-16 16:00:00,10,0.166667,16
4445114986,2016-04-16 17:00:00,15,0.25,17
4445114986,2016-04-16 18:00:00,37,0.616667,18
4445114986,2016-04-16 19:00:00,17,0.283333,19
4445114986,2016-04-16 20:00:00,8,0.133333,20
4445114986,2016-04-16 21:00:00,22,0.366667,21
4445114986,2016-04-16 22:00:00,36,0.6,22
4445114986,2016-04-16 23:00:00,9,0.15,23
4445114986,2016-04-17 00:00:00,3,0.05,0
4445114986,2016-04-17 01:00:00,0,0.0,1
4445114986,2016-04-17 02:00:00,6,0.1,2
4445114986,2016-04-17 03:00:00,0,0.0,3
4445114986,2016-04-17 04:00:00,0,0.0,4
4445114986,2016-04-17 05:00:00,0,0.0,5
4445114986,2016-04-17 06:00:00,0,0.0,6
4445114986,2016-04-17 07:00:00,0,0.0,7
4445114986,2016-04-17 08:00:00,0,0.0,8
4445114986,2016-04-17 09:00:00,0,0.0,9
4445114986,2016-04-17 10:00:00,0,0.0,10
4445114986,2016-04-17 11:00:00,0,0.0,11
4445114986,2016-04-17 12:00:00,0,0.0,12
4445114986,2016-04-17 13:00:00,0,0.0,13
4445114986,2016-04-17 14:00:00,0,0.0,14
4445114986,2016-04-17 15:00:00,12,0.2,15
4445114986,2016-04-17 16:00:00,10,0.166667,16
4445114986,2016-04-17 17:00:00,13,0.216667,17
4445114986,2016-04-17 18:00:00,13,0.216667,18
4445114986,2016-04-17 19:00:00,9,0.15,19
4445114986,2016-04-17 20:00:00,6,0.1,20
4445114986,2016-04-17 21:00:00,31,0.516667,21
4445114986,2016-04-17 22:00:00,11,0.183333,22
4445114986,2016-04-17 23:00:00,0,0.0,23
4445114986,2016-04-18 00:00:00,0,0.0,0
4445114986,2016-04-18 01:00:00,0,0.0,1
4445114986,2016-04-18 02:00:00,0,0.0,2
4445114986,2016-04-18 03:00:00,0,0.0,3
4445114986,2016-04-18 04:00:00,0,0.0,4
4445114986,2016-04-18 05:00:00,0,0.0,5
4445114986,2016-04-18 06:00:00,0,0.0,6
4445114986,2016-04-18 07:00:00,0,0.0,7
4445114986,2016-04-18 08:00:00,0,0.0,8
4445114986,2016-04-18 09:00:00,0,0.0,9
4445114986,2016-04-18 10:00:00,0,0.0,10
4445114986,2016-04-18 11:00:00,0,0.0,11
4445114986,2016-04-18 12:00:00,18,0.3,12
4445114986,2016-04-18 13:00:00,14,0.233333,13
4445114986,2016-04-18 14:00:00,4,0.066667,14
4445114986,2016-04-18 15:00:00,16,0.266667,15
4445114986,2016-04-18 16:00:00,14,0.233333,16
4445114986,2016-04-18 17:00:00,19,0.316667,17
4445114986,2016-04-18 18:00:00,93,1.55,18
4445114986,2016-04-18 19:00:00,10,0.166667,19
4445114986,2016-04-18 20:00:00,10,0.166667,20
4445114986,2016-04-18 21:00:00,20,0.333333,21
4445114986,2016-04-18 22:00:00,23,0.383333,22
4445114986,2016-04-18 23:00:00,8,0.133333,23
4445114986,2016-04-19 00:00:00,6,0.1,0
4445114986,2016-04-19 01:00:00,7,0.116667,1
4445114986,2016-04-19 02:00:00,1,0.016667,2
4445114986,2016-04-19 03:00:00,1,0.016667,3
4445114986,2016-04-19 04:00:00,0,0.0,4
4445114986,2016-04-19 05:00:00,0,0.0,5
4445114986,2016-04-19 06:00:00,1,0.016667,6
4445114986,2016-04-19 07:00:00,0,0.0,7
4445114986,2016-04-19 08:00:00,2,0.033333,8
4445114986,2016-04-19 09:00:00,1,0.016667,9
4445114986,2016-04-19 10:00:00,0,0.0,10
4445114986,2016-04-19 11:00:00,11,0.183333,11
4445114986,2016-04-19 12:00:00,14,0.233333,12
4445114986,2016-04-19 13:00:00,17,0.283333,13
4445114986,2016-04-19 14:00:00,5,0.083333,14
4445114986,2016-04-19 15:00:00,8,0.133333,15
4445114986,2016-04-19 16:00:00,6,0.1,16
4445114986,2016-04-19 17:00:00,2,0.033333,17
4445114986,2016-04-19 18:00:00,5,0.083333,18
4445114986,2016-04-19 19:00:00,3,0.05,19
4445114986,2016-04-19 20:00:00,15,0.25,20
4445114986,2016-04-19 21:00:00,11,0.183333,21
4445114986,2016-04-19 22:00:00,5,0.083333,22
4445114986,2016-04-19 23:00:00,0,0.0,23
4445114986,2016-04-20 00:00:00,0,0.0,0
4445114986,2016-04-20 01:00:00,0,0.0,1
4445114986,2016-04-20 02:00:00,5,0.083333,2
4445114986,2016-04-20 03:00:00,0,0.0,3
4445114986,2016-04-20 04:00:00,0,0.0,4
4445114986,2016-04-20 05:00:00,0,0.0,5
4445114986,2016-04-20 06:00:00,0,0.0,6
4445114986,2016-04-20 07:00:00,0,0.0,7
4445114986,2016-04-20 08:00:00,1,0.016667,8
4445114986,2016-04-20 09:00:00,0,0.0,9
4445114986,2016-04-20 10:00:00,0,0.0,10
4445114986,2016-04-20 11:00:00,9,0.15,11
4445114986,2016-04-20 12:00:00,7,0.116667,12
4445114986,2016-04-20 13:00:00,14,0.233333,13
4445114986,2016-04-20 14:00:00,19,0.316667,14
4445114986,2016-04-20 15:00:00,5,0.083333,15
4445114986,2016-04-20 16:00:00,34,0.566667,16
4445114986,2016-04-20 17:00:00,7,0.116667,17
4445114986,2016-04-20 18:00:00,6,0.1,18
4445114986,2016-04-20 19:00:00,4,0.066667,19
4445114986,2016-04-20 20:00:00,4,0.066667,20
4445114986,2016-04-20 21:00:00,8,0.133333,21
4445114986,2016-04-20 22:00:00,14,0.233333,22
4445114986,2016-04-20 23:00:00,0,0.0,23
4445114986,2016-04-21 00:00:00,0,0.0,0
4445114986,2016-04-21 01:00:00,0,0.0,1
4445114986,2016-04-21 02:00:00,3,0.05,2
4445114986,2016-04-21 03:00:00,0,0.0,3
4445114986,2016-04-21 04:00:00,0,0.0,4
4445114986,2016-04-21 05:00:00,0,0.0,5
4445114986,2016-04-21 06:00:00,4,0.066667,6
4445114986,2016-04-21 07:00:00,1,0.016667,7
4445114986,2016-04-21 08:00:00,2,0.033333,8
4445114986,2016-04-21 09:00:00,1,0.016667,9
4445114986,2016-04-21 10:00:00,1,0.016667,10
4445114986,2016-04-21 11:00:00,0,0.0,11
4445114986,2016-04-21 12:00:00,14,0.233333,12
4445114986,2016-04-21 13:00:00,34,0.566667,13
4445114986,2016-04-21 14:00:00,26,0.433333,14
4445114986,2016-04-21 15:00:00,32,0.533333,15
4445114986,2016-04-21 16:00:00,13,0.216667,16
4445114986,2016-04-21 17:00:00,12,0.2,17
4445114986,2016-04-21 18:00:00,25,0.416667,18
4445114986,2016-04-21 19:00:00,7,0.116667,19
4445114986,2016-04-21 20:00:00,12,0.2,20
4445114986,2016-04-21 21:00:00,8,0.133333,21
4445114986,2016-04-21 22:00:00,11,0.183333,22
4445114986,2016-04-21 23:00:00,9,0.15,23
4445114986,2016-04-22 00:00:00,8,0.133333,0
4445114986,2016-04-22 01:00:00,10,0.166667,1
4445114986,2016-04-22 02:00:00,3,0.05,2
4445114986,2016-04-22 03:00:00,1,0.016667,3
4445114986,2016-04-22 04:00:00,0,0.0,4
4445114986,2016-04-22 05:00:00,0,0.0,5
4445114986,2016-04-22 06:00:00,7,0.116667,6
4445114986,2016-04-22 07:00:00,0,0.0,7
4445114986,2016-04-22 08:00:00,0,0.0,8
4445114986,2016-04-22 09:00:00,1,0.016667,9
4445114986,2016-04-22 10:00:00,3,0.05,10
4445114986,2016-04-22 11:00:00,19,0.316667,11
4445114986,2016-04-22 12:00:00,37,0.616667,12
4445114986,2016-04-22 13:00:00,22,0.366667,13
4445114986,2016-04-22 14:00:00,11,0.183333,14
4445114986,2016-04-22 15:00:00,17,0.283333,15
4445114986,2016-04-22 16:00:00,11,0.183333,16
4445114986,2016-04-22 17:00:00,20,0.333333,17
4445114986,2016-04-22 18:00:00,29,0.483333,18
4445114986,2016-04-22 19:00:00,39,0.65,19
4445114986,2016-04-22 20:00:00,24,0.4,20
4445114986,2016-04-22 21:00:00,20,0.333333,21
4445114986,2016-04-22 22:00:00,16,0.266667,22
4445114986,2016-04-22 23:00:00,19,0.316667,23
4445114986,2016-04-23 00:00:00,0,0.0,0
4445114986,2016-04-23 01:00:00,0,0.0,1
4445114986,2016-04-23 02:00:00,0,0.0,2
4445114986,2016-04-23 03:00:00,0,0.0,3
4445114986,2016-04-23 04:00:00,0,0.0,4
4445114986,2016-04-23 05:00:00,0,0.0,5
4445114986,2016-04-23 06:00:00,0,0.0,6
4445114986,2016-04-23 07:00:00,0,0.0,7
4445114986,2016-04-23 08:00:00,0,0.0,8
4445114986,2016-04-23 09:00:00,0,0.0,9
4445114986,2016-04-23 10:00:00,0,0.0,10
4445114986,2016-04-23 11:00:00,0,0.0,11
4445114986,2016-04-23 12:00:00,9,0.15,12
4445114986,2016-04-23 13:00:00,41,0.683333,13
4445114986,2016-04-23 14:00:00,14,0.233333,14
4445114986,2016-04-23 15:00:00,4,0.066667,15
4445114986,2016-04-23 16:00:00,7,0.116667,16
4445114986,2016-04-23 17:00:00,6,0.1,17
4445114986,2016-04-23 18:00:00,20,0.333333,18
4445114986,2016-04-23 19:00:00,24,0.4,19
4445114986,2016-04-23 20:00:00,16,0.266667,20
4445114986,2016-04-23 21:00:00,21,0.35,21
4445114986,2016-04-23 22:00:00,25,0.416667,22
4445114986,2016-04-23 23:00:00,14,0.233333,23
4445114986,2016-04-24 00:00:00,12,0.2,0
4445114986,2016-04-24 01:00:00,14,0.233333,1
4445114986,2016-04-24 02:00:00,6,0.1,2
4445114986,2016-04-24 03:00:00,0,0.0,3
4445114986,2016-04-24 04:00:00,0,0.0,4
4445114986,2016-04-24 05:00:00,0,0.0,5
4445114986,2016-04-24 06:00:00,0,0.0,6
4445114986,2016-04-24 07:00:00,0,0.0,7
4445114986,2016-04-24 08:00:00,0,0.0,8
4445114986,2016-04-24 09:00:00,29,0.483333,9
4445114986,2016-04-24 10:00:00,15,0.25,10
4445114986,2016-04-24 11:00:00,22,0.366667,11
4445114986,2016-04-24 12:00:00,14,0.233333,12
4445114986,2016-04-24 13:00:00,7,0.116667,13
4445114986,2016-04-24 14:00:00,8,0.133333,14
4445114986,2016-04-24 15:00:00,14,0.233333,15
4445114986,2016-04-24 16:00:00,18,0.3,16
4445114986,2016-04-24 17:00:00,20,0.333333,17
4445114986,2016-04-24 18:00:00,17,0.283333,18
4445114986,2016-04-24 19:00:00,20,0.333333,19
4445114986,2016-04-24 20:00:00,17,0.283333,20
4445114986,2016-04-24 21:00:00,7,0.116667,21
4445114986,2016-04-24 22:00:00,0,0.0,22
4445114986,2016-04-24 23:00:00,4,0.066667,23
4445114986,2016-04-25 00:00:00,8,0.133333,0
4445114986,2016-04-25 01:00:00,5,0.083333,1
4445114986,2016-04-25 02:00:00,0,0.0,2
4445114986,2016-04-25 03:00:00,0,0.0,3
4445114986,2016-04-25 04:00:00,1,0.016667,4
4445114986,2016-04-25 05:00:00,6,0.1,5
4445114986,2016-04-25 06:00:00,0,0.0,6
4445114986,2016-04-25 07:00:00,3,0.05,7
4445114986,2016-04-25 08:00:00,1,0.016667,8
4445114986,2016-04-25 09:00:00,0,0.0,9
4445114986,2016-04-25 10:00:00,0,0.0,10
4445114986,2016-04-25 11:00:00,0,0.0,11
4445114986,2016-04-25 12:00:00,0,0.0,12
4445114986,2016-04-25 13:00:00,0,0.0,13
4445114986,2016-04-25 14:00:00,17,0.283333,14
4445114986,2016-04-25 15:00:00,17,0.283333,15
4445114986,2016-04-25 16:00:00,17,0.283333,16
4445114986,2016-04-25 17:00:00,30,0.5,17
4445114986,2016-04-25 18:00:00,6,0.1,18
4445114986,2016-04-25 19:00:00,15,0.25,19
4445114986,2016-04-25 20:00:00,10,0.166667,20
4445114986,2016-04-25 21:00:00,10,0.166667,21
4445114986,2016-04-25 22:00:00,18,0.3,22
4445114986,2016-04-25 23:00:00,15,0.25,23
4445114986,2016-04-26 00:00:00,0,0.0,0
4445114986,2016-04-26 01:00:00,15,0.25,1
4445114986,2016-04-26 02:00:00,0,0.0,2
4445114986,2016-04-26 03:00:00,0,0.0,3
4445114986,2016-04-26 04:00:00,1,0.016667,4
4445114986,2016-04-26 05:00:00,1,0.016667,5
4445114986,2016-04-26 06:00:00,0,0.0,6
4445114986,2016-04-26 07:00:00,2,0.033333,7
4445114986,2016-04-26 08:00:00,0,0.0,8
4445114986,2016-04-26 09:00:00,0,0.0,9
4445114986,2016-04-26 10:00:00,8,0.133333,10
4445114986,2016-04-26 11:00:00,24,0.4,11
4445114986,2016-04-26 12:00:00,19,0.316667,12
4445114986,2016-04-26 13:00:00,15,0.25,13
4445114986,2016-04-26 14:00:00,8,0.133333,14
4445114986,2016-04-26 15:00:00,10,0.166667,15
4445114986,2016-04-26 16:00:00,1,0.016667,16
4445114986,2016-04-26 17:00:00,12,0.2,17
4445114986,2016-04-26 18:00:00,20,0.333333,18
4445114986,2016-04-26 19:00:00,98,1.633333,19
4445114986,2016-04-26 20:00:00,8,0.133333,20
4445114986,2016-04-26 21:00:00,1,0.016667,21
4445114986,2016-04-26 22:00:00,6,0.1,22
4445114986,2016-04-26 23:00:00,20,0.333333,23
4445114986,2016-04-27 00:00:00,1,0.016667,0
4445114986,2016-04-27 01:00:00,4,0.066667,1
4445114986,2016-04-27 02:00:00,10,0.166667,2
4445114986,2016-04-27 03:00:00,2,0.033333,3
4445114986,2016-04-27 04:00:00,0,0.0,4
4445114986,2016-04-27 05:00:00,1,0.016667,5
4445114986,2016-04-27 06:00:00,1,0.016667,6
4445114986,2016-04-27 07:00:00,0,0.0,7
4445114986,2016-04-27 08:00:00,0,0.0,8
4445114986,2016-04-27 09:00:00,0,0.0,9
4445114986,2016-04-27 10:00:00,1,0.016667,10
4445114986,2016-04-27 11:00:00,6,0.1,11
4445114986,2016-04-27 12:00:00,15,0.25,12
4445114986,2016-04-27 13:00:00,11,0.183333,13
4445114986,2016-04-27 14:00:00,10,0.166667,14
4445114986,2016-04-27 15:00:00,8,0.133333,15
4445114986,2016-04-27 16:00:00,15,0.25,16
4445114986,2016-04-27 17:00:00,17,0.283333,17
4445114986,2016-04-27 18:00:00,108,1.8,18
4445114986,2016-04-27 19:00:00,17,0.283333,19
4445114986,2016-04-27 20:00:00,15,0.25,20
4445114986,2016-04-27 21:00:00,17,0.283333,21
4445114986,2016-04-27 22:00:00,6,0.1,22
4445114986,2016-04-27 23:00:00,27,0.45,23
4445114986,2016-04-28 00:00:00,0,0.0,0
4445114986,2016-04-28 01:00:00,13,0.216667,1
4445114986,2016-04-28 02:00:00,2,0.033333,2
4445114986,2016-04-28 03:00:00,2,0.033333,3
4445114986,2016-04-28 04:00:00,2,0.033333,4
4445114986,2016-04-28 05:00:00,0,0.0,5
4445114986,2016-04-28 06:00:00,0,0.0,6
4445114986,2016-04-28 07:00:00,1,0.016667,7
4445114986,2016-04-28 08:00:00,1,0.016667,8
4445114986,2016-04-28 09:00:00,0,0.0,9
4445114986,2016-04-28 10:00:00,1,0.016667,10
4445114986,2016-04-28 11:00:00,11,0.183333,11
4445114986,2016-04-28 12:00:00,21,0.35,12
4445114986,2016-04-28 13:00:00,7,0.116667,13
4445114986,2016-04-28 14:00:00,21,0.35,14
4445114986,2016-04-28 15:00:00,16,0.266667,15
4445114986,2016-04-28 16:00:00,29,0.483333,16
4445114986,2016-04-28 17:00:00,2,0.033333,17
4445114986,2016-04-28 18:00:00,23,0.383333,18
4445114986,2016-04-28 19:00:00,23,0.383333,19
4445114986,2016-04-28 20:00:00,15,0.25,20
4445114986,2016-04-28 21:00:00,8,0.133333,21
4445114986,2016-04-28 22:00:00,16,0.266667,22
4445114986,2016-04-28 23:00:00,22,0.366667,23
4445114986,2016-04-29 00:00:00,0,0.0,0
4445114986,2016-04-29 01:00:00,7,0.116667,1
4445114986,2016-04-29 02:00:00,0,0.0,2
4445114986,2016-04-29 03:00:00,0,0.0,3
4445114986,2016-04-29 04:00:00,3,0.05,4
4445114986,2016-04-29 05:00:00,0,0.0,5
4445114986,2016-04-29 06:00:00,0,0.0,6
4445114986,2016-04-29 07:00:00,2,0.033333,7
4445114986,2016-04-29 08:00:00,2,0.033333,8
4445114986,2016-04-29 09:00:00,0,0.0,9
4445114986,2016-04-29 10:00:00,0,0.0,10
4445114986,2016-04-29 11:00:00,0,0.0,11
4445114986,2016-04-29 12:00:00,0,0.0,12
4445114986,2016-04-29 13:00:00,13,0.216667,13
4445114986,2016-04-29 14:00:00,12,0.2,14
4445114986,2016-04-29 15:00:00,9,0.15,15
4445114986,2016-04-29 16:00:00,19,0.316667,16
4445114986,2016-04-29 17:00:00,34,0.566667,17
4445114986,2016-04-29 18:00:00,30,0.5,18
4445114986,2016-04-29 19:00:00,12,0.2,19
4445114986,2016-04-29 20:00:00,22,0.366667,20
4445114986,2016-04-29 21:00:00,15,0.25,21
4445114986,2016-04-29 22:00:00,28,0.466667,22
4445114986,2016-04-29 23:00:00,18,0.3,23
4445114986,2016-04-30 00:00:00,6,0.1,0
4445114986,2016-04-30 01:00:00,4,0.066667,1
4445114986,2016-04-30 02:00:00,0,0.0,2
4445114986,2016-04-30 03:00:00,0,0.0,3
4445114986,2016-04-30 04:00:00,0,0.0,4
4445114986,2016-04-30 05:00:00,2,0.033333,5
4445114986,2016-04-30 06:00:00,0,0.0,6
4445114986,2016-04-30 07:00:00,0,0.0,7
4445114986,2016-04-30 08:00:00,29,0.483333,8
4445114986,2016-04-30 09:00:00,16,0.266667,9
4445114986,2016-04-30 10:00:00,4,0.066667,10
4445114986,2016-04-30 11:00:00,6,0.1,11
4445114986,2016-04-30 12:00:00,22,0.366667,12
4445114986,2016-04-30 13:00:00,22,0.366667,13
4445114986,2016-04-30 14:00:00,3,0.05,14
4445114986,2016-04-30 15:00:00,28,0.466667,15
4445114986,2016-04-30 16:00:00,26,0.433333,16
4445114986,2016-04-30 17:00:00,18,0.3,17
4445114986,2016-04-30 18:00:00,28,0.466667,18
4445114986,2016-04-30 19:00:00,33,0.55,19
4445114986,2016-04-30 20:00:00,3,0.05,20
4445114986,2016-04-30 21:00:00,11,0.183333,21
4445114986,2016-04-30 22:00:00,17,0.283333,22
4445114986,2016-04-30 23:00:00,12,0.2,23
4445114986,2016-05-01 00:00:00,8,0.133333,0
4445114986,2016-05-01 01:00:00,1,0.016667,1
4445114986,2016-05-01 02:00:00,0,0.0,2
4445114986,2016-05-01 03:00:00,0,0.0,3
4445114986,2016-05-01 04:00:00,0,0.0,4
4445114986,2016-05-01 05:00:00,0,0.0,5
4445114986,2016-05-01 06:00:00,0,0.0,6
4445114986,2016-05-01 07:00:00,3,0.05,7
4445114986,2016-05-01 08:00:00,1,0.016667,8
4445114986,2016-05-01 09:00:00,2,0.033333,9
4445114986,2016-05-01 10:00:00,1,0.016667,10
4445114986,2016-05-01 11:00:00,4,0.066667,11
4445114986,2016-05-01 12:00:00,15,0.25,12
4445114986,2016-05-01 13:00:00,39,0.65,13
4445114986,2016-05-01 14:00:00,14,0.233333,14
4445114986,2016-05-01 15:00:00,38,0.633333,15
4445114986,2016-05-01 16:00:00,9,0.15,16
4445114986,2016-05-01 17:00:00,13,0.216667,17
4445114986,2016-05-01 18:00:00,8,0.133333,18
4445114986,2016-05-01 19:00:00,26,0.433333,19
4445114986,2016-05-01 20:00:00,10,0.166667,20
4445114986,2016-05-01 21:00:00,14,0.233333,21
4445114986,2016-05-01 22:00:00,24,0.4,22
4445114986,2016-05-01 23:00:00,10,0.166667,23
4445114986,2016-05-02 00:00:00,0,0.0,0
4445114986,2016-05-02 01:00:00,3,0.05,1
4445114986,2016-05-02 02:00:00,1,0.016667,2
4445114986,2016-05-02 03:00:00,0,0.0,3
4445114986,2016-05-02 04:00:00,2,0.033333,4
4445114986,2016-05-02 05:00:00,0,0.0,5
4445114986,2016-05-02 06:00:00,0,0.0,6
4445114986,2016-05-02 07:00:00,0,0.0,7
4445114986,2016-05-02 08:00:00,3,0.05,8
4445114986,2016-05-02 09:00:00,0,0.0,9
4445114986,2016-05-02 10:00:00,1,0.016667,10
4445114986,2016-05-02 11:00:00,5,0.083333,11
4445114986,2016-05-02 12:00:00,17,0.283333,12
4445114986,2016-05-02 13:00:00,14,0.233333,13
4445114986,2016-05-02 14:00:00,15,0.25,14
4445114986,2016-05-02 15:00:00,8,0.133333,15
4445114986,2016-05-02 16:00:00,12,0.2,16
4445114986,2016-05-02 17:00:00,1,0.016667,17
4445114986,2016-05-02 18:00:00,106,1.766667,18
4445114986,2016-05-02 19:00:00,18,0.3,19
4445114986,2016-05-02 20:00:00,27,0.45,20
4445114986,2016-05-02 21:00:00,30,0.5,21
4445114986,2016-05-02 22:00:00,11,0.183333,22
4445114986,2016-05-02 23:00:00,15,0.25,23
4445114986,2016-05-03 00:00:00,0,0.0,0
4445114986,2016-05-03 01:00:00,4,0.066667,1
4445114986,2016-05-03 02:00:00,0,0.0,2
4445114986,2016-05-03 03:00:00,0,0.0,3
4445114986,2016-05-03 04:00:00,0,0.0,4
4445114986,2016-05-03 05:00:00,0,0.0,5
4445114986,2016-05-03 06:00:00,0,0.0,6
4445114986,2016-05-03 07:00:00,1,0.016667,7
4445114986,2016-05-03 08:00:00,12,0.2,8
4445114986,2016-05-03 09:00:00,4,0.066667,9
4445114986,2016-05-03 10:00:00,1,0.016667,10
4445114986,2016-05-03 11:00:00,4,0.066667,11
4445114986,2016-05-03 12:00:00,17,0.283333,12
4445114986,2016-05-03 13:00:00,28,0.466667,13
4445114986,2016-05-03 14:00:00,11,0.183333,14
4445114986,2016-05-03 15:00:00,33,0.55,15
4445114986,2016-05-03 16:00:00,29,0.483333,16
4445114986,2016-05-03 17:00:00,3,0.05,17
4445114986,2016-05-03 18:00:00,109,1.816667,18
4445114986,2016-05-03 19:00:00,19,0.316667,19
4445114986,2016-05-03 20:00:00,12,0.2,20
4445114986,2016-05-03 21:00:00,20,0.333333,21
4445114986,2016-05-03 22:00:00,11,0.183333,22
4445114986,2016-05-03 23:00:00,9,0.15,23
4445114986,2016-05-04 00:00:00,6,0.1,0
4445114986,2016-05-04 01:00:00,3,0.05,1
4445114986,2016-05-04 02:00:00,3,0.05,2
4445114986,2016-05-04 03:00:00,0,0.0,3
4445114986,2016-05-04 04:00:00,0,0.0,4
4445114986,2016-05-04 05:00:00,2,0.033333,5
4445114986,2016-05-04 06:00:00,4,0.066667,6
4445114986,2016-05-04 07:00:00,4,0.066667,7
4445114986,2016-05-04 08:00:00,0,0.0,8
4445114986,2016-05-04 09:00:00,0,0.0,9
4445114986,2016-05-04 10:00:00,1,0.016667,10
4445114986,2016-05-04 11:00:00,4,0.066667,11
4445114986,2016-05-04 12:00:00,15,0.25,12
4445114986,2016-05-04 13:00:00,9,0.15,13
4445114986,2016-05-04 14:00:00,4,0.066667,14
4445114986,2016-05-04 15:00:00,16,0.266667,15
4445114986,2016-05-04 16:00:00,10,0.166667,16
4445114986,2016-05-04 17:00:00,10,0.166667,17
4445114986,2016-05-04 18:00:00,19,0.316667,18
4445114986,2016-05-04 19:00:00,29,0.483333,19
4445114986,2016-05-04 20:00:00,11,0.183333,20
4445114986,2016-05-04 21:00:00,9,0.15,21
4445114986,2016-05-04 22:00:00,2,0.033333,22
4445114986,2016-05-04 23:00:00,19,0.316667,23
4445114986,2016-05-05 00:00:00,1,0.016667,0
4445114986,2016-05-05 01:00:00,5,0.083333,1
4445114986,2016-05-05 02:00:00,0,0.0,2
4445114986,2016-05-05 03:00:00,0,0.0,3
4445114986,2016-05-05 04:00:00,0,0.0,4
4445114986,2016-05-05 05:00:00,2,0.033333,5
4445114986,2016-05-05 06:00:00,0,0.0,6
4445114986,2016-05-05 07:00:00,3,0.05,7
4445114986,2016-05-05 08:00:00,3,0.05,8
4445114986,2016-05-05 09:00:00,0,0.0,9
4445114986,2016-05-05 10:00:00,0,0.0,10
4445114986,2016-05-05 11:00:00,0,0.0,11
4445114986,2016-05-05 12:00:00,13,0.216667,12
4445114986,2016-05-05 13:00:00,10,0.166667,13
4445114986,2016-05-05 14:00:00,30,0.5,14
4445114986,2016-05-05 15:00:00,12,0.2,15
4445114986,2016-05-05 16:00:00,34,0.566667,16
4445114986,2016-05-05 17:00:00,20,0.333333,17
4445114986,2016-05-05 18:00:00,9,0.15,18
4445114986,2016-05-05 19:00:00,16,0.266667,19
4445114986,2016-05-05 20:00:00,0,0.0,20
4445114986,2016-05-05 21:00:00,12,0.2,21
4445114986,2016-05-05 22:00:00,18,0.3,22
4445114986,2016-05-05 23:00:00,15,0.25,23
4445114986,2016-05-06 00:00:00,2,0.033333,0
4445114986,2016-05-06 01:00:00,12,0.2,1
4445114986,2016-05-06 02:00:00,1,0.016667,2
4445114986,2016-05-06 03:00:00,4,0.066667,3
4445114986,2016-05-06 04:00:00,1,0.016667,4
4445114986,2016-05-06 05:00:00,0,0.0,5
4445114986,2016-05-06 06:00:00,0,0.0,6
4445114986,2016-05-06 07:00:00,7,0.116667,7
4445114986,2016-05-06 08:00:00,10,0.166667,8
4445114986,2016-05-06 09:00:00,1,0.016667,9
4445114986,2016-05-06 10:00:00,1,0.016667,10
4445114986,2016-05-06 11:00:00,5,0.083333,11
4445114986,2016-05-06 12:00:00,19,0.316667,12
4445114986,2016-05-06 13:00:00,18,0.3,13
4445114986,2016-05-06 14:00:00,11,0.183333,14
4445114986,2016-05-06 15:00:00,7,0.116667,15
4445114986,2016-05-06 16:00:00,10,0.166667,16
4445114986,2016-05-06 17:00:00,24,0.4,17
4445114986,2016-05-06 18:00:00,33,0.55,18
4445114986,2016-05-06 19:00:00,16,0.266667,19
4445114986,2016-05-06 20:00:00,13,0.216667,20
4445114986,2016-05-06 21:00:00,1,0.016667,21
4445114986,2016-05-06 22:00:00,11,0.183333,22
4445114986,2016-05-06 23:00:00,22,0.366667,23
4445114986,2016-05-07 00:00:00,10,0.166667,0
4445114986,2016-05-07 01:00:00,10,0.166667,1
4445114986,2016-05-07 02:00:00,5,0.083333,2
4445114986,2016-05-07 03:00:00,0,0.0,3
4445114986,2016-05-07 04:00:00,0,0.0,4
4445114986,2016-05-07 05:00:00,0,0.0,5
4445114986,2016-05-07 06:00:00,3,0.05,6
4445114986,2016-05-07 07:00:00,1,0.016667,7
4445114986,2016-05-07 08:00:00,0,0.0,8
4445114986,2016-05-07 09:00:00,14,0.233333,9
4445114986,2016-05-07 10:00:00,92,1.533333,10
4445114986,2016-05-07 11:00:00,0,0.0,11
4445114986,2016-05-07 12:00:00,0,0.0,12
4445114986,2016-05-07 13:00:00,0,0.0,13
4445114986,2016-05-07 14:00:00,2,0.033333,14
4445114986,2016-05-07 15:00:00,0,0.0,15
4445114986,2016-05-07 16:00:00,0,0.0,16
4445114986,2016-05-07 17:00:00,4,0.066667,17
4445114986,2016-05-07 18:00:00,17,0.283333,18
4445114986,2016-05-07 19:00:00,12,0.2,19
4445114986,2016-05-07 20:00:00,14,0.233333,20
4445114986,2016-05-07 21:00:00,4,0.066667,21
4445114986,2016-05-07 22:00:00,6,0.1,22
4445114986,2016-05-07 23:00:00,0,0.0,23
4445114986,2016-05-08 00:00:00,0,0.0,0
4445114986,2016-05-08 01:00:00,0,0.0,1
4445114986,2016-05-08 02:00:00,0,0.0,2
4445114986,2016-05-08 03:00:00,0,0.0,3
4445114986,2016-05-08 04:00:00,0,0.0,4
4445114986,2016-05-08 05:00:00,0,0.0,5
4445114986,2016-05-08 06:00:00,0,0.0,6
4445114986,2016-05-08 07:00:00,0,0.0,7
4445114986,2016-05-08 08:00:00,0,0.0,8
4445114986,2016-05-08 09:00:00,11,0.183333,9
4445114986,2016-05-08 10:00:00,12,0.2,10
4445114986,2016-05-08 11:00:00,11,0.183333,11
4445114986,2016-05-08 12:00:00,24,0.4,12
4445114986,2016-05-08 13:00:00,32,0.533333,13
4445114986,2016-05-08 14:00:00,36,0.6,14
4445114986,2016-05-08 15:00:00,46,0.766667,15
4445114986,2016-05-08 16:00:00,33,0.55,16
4445114986,2016-05-08 17:00:00,35,0.583333,17
4445114986,2016-05-08 18:00:00,16,0.266667,18
4445114986,2016-05-08 19:00:00,36,0.6,19
4445114986,2016-05-08 20:00:00,15,0.25,20
4445114986,2016-05-08 21:00:00,2,0.033333,21
4445114986,2016-05-08 22:00:00,12,0.2,22
4445114986,2016-05-08 23:00:00,3,0.05,23
4445114986,2016-05-09 00:00:00,1,0.016667,0
4445114986,2016-05-09 01:00:00,2,0.033333,1
4445114986,2016-05-09 02:00:00,1,0.016667,2
4445114986,2016-05-09 03:00:00,1,0.016667,3
4445114986,2016-05-09 04:00:00,0,0.0,4
4445114986,2016-05-09 05:00:00,0,0.0,5
4445114986,2016-05-09 06:00:00,3,0.05,6
4445114986,2016-05-09 07:00:00,2,0.033333,7
4445114986,2016-05-09 08:00:00,0,0.0,8
4445114986,2016-05-09 09:00:00,3,0.05,9
4445114986,2016-05-09 10:00:00,15,0.25,10
4445114986,2016-05-09 11:00:00,31,0.516667,11
4445114986,2016-05-09 12:00:00,7,0.116667,12
4445114986,2016-05-09 13:00:00,23,0.383333,13
4445114986,2016-05-09 14:00:00,16,0.266667,14
4445114986,2016-05-09 15:00:00,11,0.183333,15
4445114986,2016-05-09 16:00:00,13,0.216667,16
4445114986,2016-05-09 17:00:00,11,0.183333,17
4445114986,2016-05-09 18:00:00,12,0.2,18
4445114986,2016-05-09 19:00:00,26,0.433333,19
4445114986,2016-05-09 20:00:00,33,0.55,20
4445114986,2016-05-09 21:00:00,19,0.316667,21
4445114986,2016-05-09 22:00:00,16,0.266667,22
4445114986,2016-05-09 23:00:00,20,0.333333,23
4445114986,2016-05-10 00:00:00,8,0.133333,0
4445114986,2016-05-10 01:00:00,5,0.083333,1
4445114986,2016-05-10 02:00:00,2,0.033333,2
4445114986,2016-05-10 03:00:00,0,0.0,3
4445114986,2016-05-10 04:00:00,0,0.0,4
4445114986,2016-05-10 05:00:00,3,0.05,5
4445114986,2016-05-10 06:00:00,0,0.0,6
4445114986,2016-05-10 07:00:00,1,0.016667,7
4445114986,2016-05-10 08:00:00,4,0.066667,8
4445114986,2016-05-10 09:00:00,1,0.016667,9
4445114986,2016-05-10 10:00:00,5,0.083333,10
4445114986,2016-05-10 11:00:00,10,0.166667,11
4445114986,2016-05-10 12:00:00,14,0.233333,12
4445114986,2016-05-10 13:00:00,25,0.416667,13
4445114986,2016-05-10 14:00:00,16,0.266667,14
4445114986,2016-05-10 15:00:00,13,0.216667,15
4445114986,2016-05-10 16:00:00,15,0.25,16
4445114986,2016-05-10 17:00:00,16,0.266667,17
4445114986,2016-05-10 18:00:00,24,0.4,18
4445114986,2016-05-10 19:00:00,21,0.35,19
4445114986,2016-05-10 20:00:00,9,0.15,20
4445114986,2016-05-10 21:00:00,9,0.15,21
4445114986,2016-05-10 22:00:00,18,0.3,22
4445114986,2016-05-10 23:00:00,12,0.2,23
4445114986,2016-05-11 00:00:00,2,0.033333,0
4445114986,2016-05-11 01:00:00,6,0.1,1
4445114986,2016-05-11 02:00:00,0,0.0,2
4445114986,2016-05-11 03:00:00,0,0.0,3
4445114986,2016-05-11 04:00:00,2,0.033333,4
4445114986,2016-05-11 05:00:00,1,0.016667,5
4445114986,2016-05-11 06:00:00,0,0.0,6
4445114986,2016-05-11 07:00:00,0,0.0,7
4445114986,2016-05-11 08:00:00,0,0.0,8
4445114986,2016-05-11 09:00:00,0,0.0,9
4445114986,2016-05-11 10:00:00,17,0.283333,10
4445114986,2016-05-11 11:00:00,0,0.0,11
4445114986,2016-05-11 12:00:00,11,0.183333,12
4445114986,2016-05-11 13:00:00,137,2.283333,13
4445114986,2016-05-11 14:00:00,33,0.55,14
4445114986,2016-05-11 15:00:00,6,0.1,15
4445114986,2016-05-11 16:00:00,27,0.45,16
4445114986,2016-05-11 17:00:00,17,0.283333,17
4445114986,2016-05-11 18:00:00,16,0.266667,18
4445114986,2016-05-11 19:00:00,23,0.383333,19
4445114986,2016-05-11 20:00:00,24,0.4,20
4445114986,2016-05-11 21:00:00,16,0.266667,21
4445114986,2016-05-11 22:00:00,11,0.183333,22
4445114986,2016-05-11 23:00:00,29,0.483333,23
4445114986,2016-05-12 00:00:00,0,0.0,0
4445114986,2016-05-12 01:00:00,1,0.016667,1
4445114986,2016-05-12 02:00:00,0,0.0,2
4445114986,2016-05-12 03:00:00,1,0.016667,3
4445114986,2016-05-12 04:00:00,3,0.05,4
4445114986,2016-05-12 05:00:00,0,0.0,5
4445114986,2016-05-12 06:00:00,0,0.0,6
4445114986,2016-05-12 07:00:00,1,0.016667,7
4445114986,2016-05-12 08:00:00,0,0.0,8
4445114986,2016-05-12 09:00:00,0,0.0,9
4445114986,2016-05-12 10:00:00,11,0.183333,10
4445114986,2016-05-12 11:00:00,11,0.183333,11
4445114986,2016-05-12 12:00:00,7,0.116667,12
4445114986,2016-05-12 13:00:00,6,0.1,13
4445114986,2016-05-12 14:00:00,10,0.166667,14
4558609924,2016-04-12 00:00:00,0,0.0,0
4558609924,2016-04-12 01:00:00,0,0.0,1
4558609924,2016-04-12 02:00:00,0,0.0,2
4558609924,2016-04-12 03:00:00,0,0.0,3
4558609924,2016-04-12 04:00:00,0,0.0,4
4558609924,2016-04-12 05:00:00,0,0.0,5
4558609924,2016-04-12 06:00:00,7,0.116667,6
4558609924,2016-04-12 07:00:00,11,0.183333,7
4558609924,2016-04-12 08:00:00,12,0.2,8
4558609924,2016-04-12 09:00:00,31,0.516667,9
4558609924,2016-04-12 10:00:00,33,0.55,10
4558609924,2016-04-12 11:00:00,25,0.416667,11
4558609924,2016-04-12 12:00:00,14,0.233333,12
4558609924,2016-04-12 13:00:00,20,0.333333,13
4558609924,2016-04-12 14:00:00,30,0.5,14
4558609924,2016-04-12 15:00:00,1,0.016667,15
4558609924,2016-04-12 16:00:00,36,0.6,16
4558609924,2016-04-12 17:00:00,23,0.383333,17
4558609924,2016-04-12 18:00:00,28,0.466667,18
4558609924,2016-04-12 19:00:00,12,0.2,19
4558609924,2016-04-12 20:00:00,12,0.2,20
4558609924,2016-04-12 21:00:00,10,0.166667,21
4558609924,2016-04-12 22:00:00,13,0.216667,22
4558609924,2016-04-12 23:00:00,0,0.0,23
4558609924,2016-04-13 00:00:00,0,0.0,0
4558609924,2016-04-13 01:00:00,0,0.0,1
4558609924,2016-04-13 02:00:00,0,0.0,2
4558609924,2016-04-13 03:00:00,0,0.0,3
4558609924,2016-04-13 04:00:00,0,0.0,4
4558609924,2016-04-13 05:00:00,0,0.0,5
4558609924,2016-04-13 06:00:00,0,0.0,6
4558609924,2016-04-13 07:00:00,0,0.0,7
4558609924,2016-04-13 08:00:00,0,0.0,8
4558609924,2016-04-13 09:00:00,0,0.0,9
4558609924,2016-04-13 10:00:00,0,0.0,10
4558609924,2016-04-13 11:00:00,9,0.15,11
4558609924,2016-04-13 12:00:00,34,0.566667,12
4558609924,2016-04-13 13:00:00,19,0.316667,13
4558609924,2016-04-13 14:00:00,19,0.316667,14
4558609924,2016-04-13 15:00:00,10,0.166667,15
4558609924,2016-04-13 16:00:00,65,1.083333,16
4558609924,2016-04-13 17:00:00,39,0.65,17
4558609924,2016-04-13 18:00:00,3,0.05,18
4558609924,2016-04-13 19:00:00,0,0.0,19
4558609924,2016-04-13 20:00:00,0,0.0,20
4558609924,2016-04-13 21:00:00,0,0.0,21
4558609924,2016-04-13 22:00:00,0,0.0,22
4558609924,2016-04-13 23:00:00,0,0.0,23
4558609924,2016-04-14 00:00:00,0,0.0,0
4558609924,2016-04-14 01:00:00,0,0.0,1
4558609924,2016-04-14 02:00:00,0,0.0,2
4558609924,2016-04-14 03:00:00,0,0.0,3
4558609924,2016-04-14 04:00:00,0,0.0,4
4558609924,2016-04-14 05:00:00,0,0.0,5
4558609924,2016-04-14 06:00:00,0,0.0,6
4558609924,2016-04-14 07:00:00,0,0.0,7
4558609924,2016-04-14 08:00:00,0,0.0,8
4558609924,2016-04-14 09:00:00,24,0.4,9
4558609924,2016-04-14 10:00:00,11,0.183333,10
4558609924,2016-04-14 11:00:00,12,0.2,11
4558609924,2016-04-14 12:00:00,26,0.433333,12
4558609924,2016-04-14 13:00:00,28,0.466667,13
4558609924,2016-04-14 14:00:00,36,0.6,14
4558609924,2016-04-14 15:00:00,6,0.1,15
4558609924,2016-04-14 16:00:00,29,0.483333,16
4558609924,2016-04-14 17:00:00,32,0.533333,17
4558609924,2016-04-14 18:00:00,11,0.183333,18
4558609924,2016-04-14 19:00:00,23,0.383333,19
4558609924,2016-04-14 20:00:00,30,0.5,20
4558609924,2016-04-14 21:00:00,8,0.133333,21
4558609924,2016-04-14 22:00:00,3,0.05,22
4558609924,2016-04-14 23:00:00,0,0.0,23
4558609924,2016-04-15 00:00:00,0,0.0,0
4558609924,2016-04-15 01:00:00,0,0.0,1
4558609924,2016-04-15 02:00:00,0,0.0,2
4558609924,2016-04-15 03:00:00,0,0.0,3
4558609924,2016-04-15 04:00:00,0,0.0,4
4558609924,2016-04-15 05:00:00,0,0.0,5
4558609924,2016-04-15 06:00:00,0,0.0,6
4558609924,2016-04-15 07:00:00,0,0.0,7
4558609924,2016-04-15 08:00:00,7,0.116667,8
4558609924,2016-04-15 09:00:00,21,0.35,9
4558609924,2016-04-15 10:00:00,20,0.333333,10
4558609924,2016-04-15 11:00:00,25,0.416667,11
4558609924,2016-04-15 12:00:00,22,0.366667,12
4558609924,2016-04-15 13:00:00,78,1.3,13
4558609924,2016-04-15 14:00:00,56,0.933333,14
4558609924,2016-04-15 15:00:00,17,0.283333,15
4558609924,2016-04-15 16:00:00,23,0.383333,16
4558609924,2016-04-15 17:00:00,31,0.516667,17
4558609924,2016-04-15 18:00:00,11,0.183333,18
4558609924,2016-04-15 19:00:00,33,0.55,19
4558609924,2016-04-15 20:00:00,14,0.233333,20
4558609924,2016-04-15 21:00:00,1,0.016667,21
4558609924,2016-04-15 22:00:00,10,0.166667,22
4558609924,2016-04-15 23:00:00,4,0.066667,23
4558609924,2016-04-16 00:00:00,6,0.1,0
4558609924,2016-04-16 01:00:00,0,0.0,1
4558609924,2016-04-16 02:00:00,1,0.016667,2
4558609924,2016-04-16 03:00:00,0,0.0,3
4558609924,2016-04-16 04:00:00,0,0.0,4
4558609924,2016-04-16 05:00:00,0,0.0,5
4558609924,2016-04-16 06:00:00,0,0.0,6
4558609924,2016-04-16 07:00:00,0,0.0,7
4558609924,2016-04-16 08:00:00,0,0.0,8
4558609924,2016-04-16 09:00:00,15,0.25,9
4558609924,2016-04-16 10:00:00,31,0.516667,10
4558609924,2016-04-16 11:00:00,10,0.166667,11
4558609924,2016-04-16 12:00:00,32,0.533333,12
4558609924,2016-04-16 13:00:00,30,0.5,13
4558609924,2016-04-16 14:00:00,46,0.766667,14
4558609924,2016-04-16 15:00:00,31,0.516667,15
4558609924,2016-04-16 16:00:00,26,0.433333,16
4558609924,2016-04-16 17:00:00,16,0.266667,17
4558609924,2016-04-16 18:00:00,25,0.416667,18
4558609924,2016-04-16 19:00:00,60,1.0,19
4558609924,2016-04-16 20:00:00,15,0.25,20
4558609924,2016-04-16 21:00:00,2,0.033333,21
4558609924,2016-04-16 22:00:00,3,0.05,22
4558609924,2016-04-16 23:00:00,7,0.116667,23
4558609924,2016-04-17 00:00:00,2,0.033333,0
4558609924,2016-04-17 01:00:00,0,0.0,1
4558609924,2016-04-17 02:00:00,0,0.0,2
4558609924,2016-04-17 03:00:00,0,0.0,3
4558609924,2016-04-17 04:00:00,0,0.0,4
4558609924,2016-04-17 05:00:00,0,0.0,5
4558609924,2016-04-17 06:00:00,0,0.0,6
4558609924,2016-04-17 07:00:00,0,0.0,7
4558609924,2016-04-17 08:00:00,0,0.0,8
4558609924,2016-04-17 09:00:00,25,0.416667,9
4558609924,2016-04-17 10:00:00,31,0.516667,10
4558609924,2016-04-17 11:00:00,61,1.016667,11
4558609924,2016-04-17 12:00:00,68,1.133333,12
4558609924,2016-04-17 13:00:00,16,0.266667,13
4558609924,2016-04-17 14:00:00,24,0.4,14
4558609924,2016-04-17 15:00:00,14,0.233333,15
4558609924,2016-04-17 16:00:00,17,0.283333,16
4558609924,2016-04-17 17:00:00,37,0.616667,17
4558609924,2016-04-17 18:00:00,4,0.066667,18
4558609924,2016-04-17 19:00:00,21,0.35,19
4558609924,2016-04-17 20:00:00,15,0.25,20
4558609924,2016-04-17 21:00:00,15,0.25,21
4558609924,2016-04-17 22:00:00,12,0.2,22
4558609924,2016-04-17 23:00:00,1,0.016667,23
4558609924,2016-04-18 00:00:00,0,0.0,0
4558609924,2016-04-18 01:00:00,0,0.0,1
4558609924,2016-04-18 02:00:00,0,0.0,2
4558609924,2016-04-18 03:00:00,0,0.0,3
4558609924,2016-04-18 04:00:00,0,0.0,4
4558609924,2016-04-18 05:00:00,0,0.0,5
4558609924,2016-04-18 06:00:00,0,0.0,6
4558609924,2016-04-18 07:00:00,8,0.133333,7
4558609924,2016-04-18 08:00:00,26,0.433333,8
4558609924,2016-04-18 09:00:00,17,0.283333,9
4558609924,2016-04-18 10:00:00,14,0.233333,10
4558609924,2016-04-18 11:00:00,45,0.75,11
4558609924,2016-04-18 12:00:00,21,0.35,12
4558609924,2016-04-18 13:00:00,32,0.533333,13
4558609924,2016-04-18 14:00:00,17,0.283333,14
4558609924,2016-04-18 15:00:00,22,0.366667,15
4558609924,2016-04-18 16:00:00,92,1.533333,16
4558609924,2016-04-18 17:00:00,27,0.45,17
4558609924,2016-04-18 18:00:00,25,0.416667,18
4558609924,2016-04-18 19:00:00,30,0.5,19
4558609924,2016-04-18 20:00:00,19,0.316667,20
4558609924,2016-04-18 21:00:00,6,0.1,21
4558609924,2016-04-18 22:00:00,2,0.033333,22
4558609924,2016-04-18 23:00:00,0,0.0,23
4558609924,2016-04-19 00:00:00,0,0.0,0
4558609924,2016-04-19 01:00:00,0,0.0,1
4558609924,2016-04-19 02:00:00,0,0.0,2
4558609924,2016-04-19 03:00:00,0,0.0,3
4558609924,2016-04-19 04:00:00,0,0.0,4
4558609924,2016-04-19 05:00:00,0,0.0,5
4558609924,2016-04-19 06:00:00,0,0.0,6
4558609924,2016-04-19 07:00:00,0,0.0,7
4558609924,2016-04-19 08:00:00,0,0.0,8
4558609924,2016-04-19 09:00:00,0,0.0,9
4558609924,2016-04-19 10:00:00,0,0.0,10
4558609924,2016-04-19 11:00:00,0,0.0,11
4558609924,2016-04-19 12:00:00,1,0.016667,12
4558609924,2016-04-19 13:00:00,32,0.533333,13
4558609924,2016-04-19 14:00:00,27,0.45,14
4558609924,2016-04-19 15:00:00,12,0.2,15
4558609924,2016-04-19 16:00:00,17,0.283333,16
4558609924,2016-04-19 17:00:00,46,0.766667,17
4558609924,2016-04-19 18:00:00,33,0.55,18
4558609924,2016-04-19 19:00:00,37,0.616667,19
4558609924,2016-04-19 20:00:00,23,0.383333,20
4558609924,2016-04-19 21:00:00,10,0.166667,21
4558609924,2016-04-19 22:00:00,28,0.466667,22
4558609924,2016-04-19 23:00:00,3,0.05,23
4558609924,2016-04-20 00:00:00,3,0.05,0
4558609924,2016-04-20 01:00:00,0,0.0,1
4558609924,2016-04-20 02:00:00,0,0.0,2
4558609924,2016-04-20 03:00:00,0,0.0,3
4558609924,2016-04-20 04:00:00,0,0.0,4
4558609924,2016-04-20 05:00:00,0,0.0,5
4558609924,2016-04-20 06:00:00,0,0.0,6
4558609924,2016-04-20 07:00:00,0,0.0,7
4558609924,2016-04-20 08:00:00,0,0.0,8
4558609924,2016-04-20 09:00:00,0,0.0,9
4558609924,2016-04-20 10:00:00,6,0.1,10
4558609924,2016-04-20 11:00:00,24,0.4,11
4558609924,2016-04-20 12:00:00,14,0.233333,12
4558609924,2016-04-20 13:00:00,17,0.283333,13
4558609924,2016-04-20 14:00:00,17,0.283333,14
4558609924,2016-04-20 15:00:00,12,0.2,15
4558609924,2016-04-20 16:00:00,5,0.083333,16
4558609924,2016-04-20 17:00:00,24,0.4,17
4558609924,2016-04-20 18:00:00,33,0.55,18
4558609924,2016-04-20 19:00:00,18,0.3,19
4558609924,2016-04-20 20:00:00,22,0.366667,20
4558609924,2016-04-20 21:00:00,9,0.15,21
4558609924,2016-04-20 22:00:00,11,0.183333,22
4558609924,2016-04-20 23:00:00,7,0.116667,23
4558609924,2016-04-21 00:00:00,3,0.05,0
4558609924,2016-04-21 01:00:00,0,0.0,1
4558609924,2016-04-21 02:00:00,1,0.016667,2
4558609924,2016-04-21 03:00:00,0,0.0,3
4558609924,2016-04-21 04:00:00,0,0.0,4
4558609924,2016-04-21 05:00:00,0,0.0,5
4558609924,2016-04-21 06:00:00,0,0.0,6
4558609924,2016-04-21 07:00:00,13,0.216667,7
4558609924,2016-04-21 08:00:00,38,0.633333,8
4558609924,2016-04-21 09:00:00,47,0.783333,9
4558609924,2016-04-21 10:00:00,49,0.816667,10
4558609924,2016-04-21 11:00:00,49,0.816667,11
4558609924,2016-04-21 12:00:00,40,0.666667,12
4558609924,2016-04-21 13:00:00,23,0.383333,13
4558609924,2016-04-21 14:00:00,21,0.35,14
4558609924,2016-04-21 15:00:00,13,0.216667,15
4558609924,2016-04-21 16:00:00,29,0.483333,16
4558609924,2016-04-21 17:00:00,39,0.65,17
4558609924,2016-04-21 18:00:00,49,0.816667,18
4558609924,2016-04-21 19:00:00,19,0.316667,19
4558609924,2016-04-21 20:00:00,15,0.25,20
4558609924,2016-04-21 21:00:00,19,0.316667,21
4558609924,2016-04-21 22:00:00,16,0.266667,22
4558609924,2016-04-21 23:00:00,9,0.15,23
4558609924,2016-04-22 00:00:00,2,0.033333,0
4558609924,2016-04-22 01:00:00,4,0.066667,1
4558609924,2016-04-22 02:00:00,0,0.0,2
4558609924,2016-04-22 03:00:00,0,0.0,3
4558609924,2016-04-22 04:00:00,0,0.0,4
4558609924,2016-04-22 05:00:00,0,0.0,5
4558609924,2016-04-22 06:00:00,0,0.0,6
4558609924,2016-04-22 07:00:00,0,0.0,7
4558609924,2016-04-22 08:00:00,0,0.0,8
4558609924,2016-04-22 09:00:00,18,0.3,9
4558609924,2016-04-22 10:00:00,30,0.5,10
4558609924,2016-04-22 11:00:00,17,0.283333,11
4558609924,2016-04-22 12:00:00,7,0.116667,12
4558609924,2016-04-22 13:00:00,15,0.25,13
4558609924,2016-04-22 14:00:00,22,0.366667,14
4558609924,2016-04-22 15:00:00,34,0.566667,15
4558609924,2016-04-22 16:00:00,24,0.4,16
4558609924,2016-04-22 17:00:00,18,0.3,17
4558609924,2016-04-22 18:00:00,123,2.05,18
4558609924,2016-04-22 19:00:00,7,0.116667,19
4558609924,2016-04-22 20:00:00,24,0.4,20
4558609924,2016-04-22 21:00:00,10,0.166667,21
4558609924,2016-04-22 22:00:00,26,0.433333,22
4558609924,2016-04-22 23:00:00,2,0.033333,23
4558609924,2016-04-23 00:00:00,29,0.483333,0
4558609924,2016-04-23 01:00:00,5,0.083333,1
4558609924,2016-04-23 02:00:00,0,0.0,2
4558609924,2016-04-23 03:00:00,0,0.0,3
4558609924,2016-04-23 04:00:00,0,0.0,4
4558609924,2016-04-23 05:00:00,0,0.0,5
4558609924,2016-04-23 06:00:00,0,0.0,6
4558609924,2016-04-23 07:00:00,0,0.0,7
4558609924,2016-04-23 08:00:00,0,0.0,8
4558609924,2016-04-23 09:00:00,22,0.366667,9
4558609924,2016-04-23 10:00:00,18,0.3,10
4558609924,2016-04-23 11:00:00,12,0.2,11
4558609924,2016-04-23 12:00:00,11,0.183333,12
4558609924,2016-04-23 13:00:00,22,0.366667,13
4558609924,2016-04-23 14:00:00,46,0.766667,14
4558609924,2016-04-23 15:00:00,28,0.466667,15
4558609924,2016-04-23 16:00:00,25,0.416667,16
4558609924,2016-04-23 17:00:00,20,0.333333,17
4558609924,2016-04-23 18:00:00,32,0.533333,18
4558609924,2016-04-23 19:00:00,26,0.433333,19
4558609924,2016-04-23 20:00:00,12,0.2,20
4558609924,2016-04-23 21:00:00,16,0.266667,21
4558609924,2016-04-23 22:00:00,1,0.016667,22
4558609924,2016-04-23 23:00:00,8,0.133333,23
4558609924,2016-04-24 00:00:00,0,0.0,0
4558609924,2016-04-24 01:00:00,0,0.0,1
4558609924,2016-04-24 02:00:00,0,0.0,2
4558609924,2016-04-24 03:00:00,0,0.0,3
4558609924,2016-04-24 04:00:00,0,0.0,4
4558609924,2016-04-24 05:00:00,0,0.0,5
4558609924,2016-04-24 06:00:00,0,0.0,6
4558609924,2016-04-24 07:00:00,0,0.0,7
4558609924,2016-04-24 08:00:00,29,0.483333,8
4558609924,2016-04-24 09:00:00,24,0.4,9
4558609924,2016-04-24 10:00:00,42,0.7,10
4558609924,2016-04-24 11:00:00,25,0.416667,11
4558609924,2016-04-24 12:00:00,42,0.7,12
4558609924,2016-04-24 13:00:00,17,0.283333,13
4558609924,2016-04-24 14:00:00,23,0.383333,14
4558609924,2016-04-24 15:00:00,40,0.666667,15
4558609924,2016-04-24 16:00:00,22,0.366667,16
4558609924,2016-04-24 17:00:00,32,0.533333,17
4558609924,2016-04-24 18:00:00,15,0.25,18
4558609924,2016-04-24 19:00:00,18,0.3,19
4558609924,2016-04-24 20:00:00,12,0.2,20
4558609924,2016-04-24 21:00:00,15,0.25,21
4558609924,2016-04-24 22:00:00,17,0.283333,22
4558609924,2016-04-24 23:00:00,22,0.366667,23
4558609924,2016-04-25 00:00:00,5,0.083333,0
4558609924,2016-04-25 01:00:00,2,0.033333,1
4558609924,2016-04-25 02:00:00,0,0.0,2
4558609924,2016-04-25 03:00:00,0,0.0,3
4558609924,2016-04-25 04:00:00,0,0.0,4
4558609924,2016-04-25 05:00:00,0,0.0,5
4558609924,2016-04-25 06:00:00,0,0.0,6
4558609924,2016-04-25 07:00:00,0,0.0,7
4558609924,2016-04-25 08:00:00,0,0.0,8
4558609924,2016-04-25 09:00:00,20,0.333333,9
4558609924,2016-04-25 10:00:00,31,0.516667,10
4558609924,2016-04-25 11:00:00,18,0.3,11
4558609924,2016-04-25 12:00:00,16,0.266667,12
4558609924,2016-04-25 13:00:00,32,0.533333,13
4558609924,2016-04-25 14:00:00,35,0.583333,14
4558609924,2016-04-25 15:00:00,28,0.466667,15
4558609924,2016-04-25 16:00:00,85,1.416667,16
4558609924,2016-04-25 17:00:00,31,0.516667,17
4558609924,2016-04-25 18:00:00,28,0.466667,18
4558609924,2016-04-25 19:00:00,27,0.45,19
4558609924,2016-04-25 20:00:00,17,0.283333,20
4558609924,2016-04-25 21:00:00,28,0.466667,21
4558609924,2016-04-25 22:00:00,11,0.183333,22
4558609924,2016-04-25 23:00:00,0,0.0,23
4558609924,2016-04-26 00:00:00,0,0.0,0
4558609924,2016-04-26 01:00:00,0,0.0,1
4558609924,2016-04-26 02:00:00,0,0.0,2
4558609924,2016-04-26 03:00:00,0,0.0,3
4558609924,2016-04-26 04:00:00,0,0.0,4
4558609924,2016-04-26 05:00:00,0,0.0,5
4558609924,2016-04-26 06:00:00,0,0.0,6
4558609924,2016-04-26 07:00:00,0,0.0,7
4558609924,2016-04-26 08:00:00,9,0.15,8
4558609924,2016-04-26 09:00:00,27,0.45,9
4558609924,2016-04-26 10:00:00,20,0.333333,10
4558609924,2016-04-26 11:00:00,30,0.5,11
4558609924,2016-04-26 12:00:00,22,0.366667,12
4558609924,2016-04-26 13:00:00,16,0.266667,13
4558609924,2016-04-26 14:00:00,10,0.166667,14
4558609924,2016-04-26 15:00:00,69,1.15,15
4558609924,2016-04-26 16:00:00,25,0.416667,16
4558609924,2016-04-26 17:00:00,70,1.166667,17
4558609924,2016-04-26 18:00:00,32,0.533333,18
4558609924,2016-04-26 19:00:00,11,0.183333,19
4558609924,2016-04-26 20:00:00,27,0.45,20
4558609924,2016-04-26 21:00:00,17,0.283333,21
4558609924,2016-04-26 22:00:00,2,0.033333,22
4558609924,2016-04-26 23:00:00,14,0.233333,23
4558609924,2016-04-27 00:00:00,6,0.1,0
4558609924,2016-04-27 01:00:00,0,0.0,1
4558609924,2016-04-27 02:00:00,0,0.0,2
4558609924,2016-04-27 03:00:00,0,0.0,3
4558609924,2016-04-27 04:00:00,0,0.0,4
4558609924,2016-04-27 05:00:00,0,0.0,5
4558609924,2016-04-27 06:00:00,0,0.0,6
4558609924,2016-04-27 07:00:00,0,0.0,7
4558609924,2016-04-27 08:00:00,0,0.0,8
4558609924,2016-04-27 09:00:00,14,0.233333,9
4558609924,2016-04-27 10:00:00,34,0.566667,10
4558609924,2016-04-27 11:00:00,16,0.266667,11
4558609924,2016-04-27 12:00:00,34,0.566667,12
4558609924,2016-04-27 13:00:00,20,0.333333,13
4558609924,2016-04-27 14:00:00,17,0.283333,14
4558609924,2016-04-27 15:00:00,34,0.566667,15
4558609924,2016-04-27 16:00:00,22,0.366667,16
4558609924,2016-04-27 17:00:00,23,0.383333,17
4558609924,2016-04-27 18:00:00,103,1.716667,18
4558609924,2016-04-27 19:00:00,41,0.683333,19
4558609924,2016-04-27 20:00:00,28,0.466667,20
4558609924,2016-04-27 21:00:00,20,0.333333,21
4558609924,2016-04-27 22:00:00,9,0.15,22
4558609924,2016-04-27 23:00:00,0,0.0,23
4558609924,2016-04-28 00:00:00,0,0.0,0
4558609924,2016-04-28 01:00:00,0,0.0,1
4558609924,2016-04-28 02:00:00,0,0.0,2
4558609924,2016-04-28 03:00:00,0,0.0,3
4558609924,2016-04-28 04:00:00,0,0.0,4
4558609924,2016-04-28 05:00:00,0,0.0,5
4558609924,2016-04-28 06:00:00,19,0.316667,6
4558609924,2016-04-28 07:00:00,38,0.633333,7
4558609924,2016-04-28 08:00:00,31,0.516667,8
4558609924,2016-04-28 09:00:00,31,0.516667,9
4558609924,2016-04-28 10:00:00,25,0.416667,10
4558609924,2016-04-28 11:00:00,16,0.266667,11
4558609924,2016-04-28 12:00:00,14,0.233333,12
4558609924,2016-04-28 13:00:00,27,0.45,13
4558609924,2016-04-28 14:00:00,31,0.516667,14
4558609924,2016-04-28 15:00:00,43,0.716667,15
4558609924,2016-04-28 16:00:00,41,0.683333,16
4558609924,2016-04-28 17:00:00,33,0.55,17
4558609924,2016-04-28 18:00:00,7,0.116667,18
4558609924,2016-04-28 19:00:00,10,0.166667,19
4558609924,2016-04-28 20:00:00,9,0.15,20
4558609924,2016-04-28 21:00:00,9,0.15,21
4558609924,2016-04-28 22:00:00,7,0.116667,22
4558609924,2016-04-28 23:00:00,1,0.016667,23
4558609924,2016-04-29 00:00:00,0,0.0,0
4558609924,2016-04-29 01:00:00,0,0.0,1
4558609924,2016-04-29 02:00:00,0,0.0,2
4558609924,2016-04-29 03:00:00,0,0.0,3
4558609924,2016-04-29 04:00:00,0,0.0,4
4558609924,2016-04-29 05:00:00,0,0.0,5
4558609924,2016-04-29 06:00:00,0,0.0,6
4558609924,2016-04-29 07:00:00,0,0.0,7
4558609924,2016-04-29 08:00:00,0,0.0,8
4558609924,2016-04-29 09:00:00,3,0.05,9
4558609924,2016-04-29 10:00:00,20,0.333333,10
4558609924,2016-04-29 11:00:00,15,0.25,11
4558609924,2016-04-29 12:00:00,19,0.316667,12
4558609924,2016-04-29 13:00:00,27,0.45,13
4558609924,2016-04-29 14:00:00,8,0.133333,14
4558609924,2016-04-29 15:00:00,56,0.933333,15
4558609924,2016-04-29 16:00:00,67,1.116667,16
4558609924,2016-04-29 17:00:00,9,0.15,17
4558609924,2016-04-29 18:00:00,6,0.1,18
4558609924,2016-04-29 19:00:00,14,0.233333,19
4558609924,2016-04-29 20:00:00,15,0.25,20
4558609924,2016-04-29 21:00:00,29,0.483333,21
4558609924,2016-04-29 22:00:00,5,0.083333,22
4558609924,2016-04-29 23:00:00,7,0.116667,23
4558609924,2016-04-30 00:00:00,0,0.0,0
4558609924,2016-04-30 01:00:00,4,0.066667,1
4558609924,2016-04-30 02:00:00,0,0.0,2
4558609924,2016-04-30 03:00:00,0,0.0,3
4558609924,2016-04-30 04:00:00,0,0.0,4
4558609924,2016-04-30 05:00:00,0,0.0,5
4558609924,2016-04-30 06:00:00,13,0.216667,6
4558609924,2016-04-30 07:00:00,8,0.133333,7
4558609924,2016-04-30 08:00:00,7,0.116667,8
4558609924,2016-04-30 09:00:00,23,0.383333,9
4558609924,2016-04-30 10:00:00,28,0.466667,10
4558609924,2016-04-30 11:00:00,11,0.183333,11
4558609924,2016-04-30 12:00:00,19,0.316667,12
4558609924,2016-04-30 13:00:00,18,0.3,13
4558609924,2016-04-30 14:00:00,46,0.766667,14
4558609924,2016-04-30 15:00:00,18,0.3,15
4558609924,2016-04-30 16:00:00,10,0.166667,16
4558609924,2016-04-30 17:00:00,28,0.466667,17
4558609924,2016-04-30 18:00:00,86,1.433333,18
4558609924,2016-04-30 19:00:00,27,0.45,19
4558609924,2016-04-30 20:00:00,1,0.016667,20
4558609924,2016-04-30 21:00:00,15,0.25,21
4558609924,2016-04-30 22:00:00,8,0.133333,22
4558609924,2016-04-30 23:00:00,2,0.033333,23
4558609924,2016-05-01 00:00:00,0,0.0,0
4558609924,2016-05-01 01:00:00,0,0.0,1
4558609924,2016-05-01 02:00:00,0,0.0,2
4558609924,2016-05-01 03:00:00,0,0.0,3
4558609924,2016-05-01 04:00:00,0,0.0,4
4558609924,2016-05-01 05:00:00,0,0.0,5
4558609924,2016-05-01 06:00:00,0,0.0,6
4558609924,2016-05-01 07:00:00,0,0.0,7
4558609924,2016-05-01 08:00:00,0,0.0,8
4558609924,2016-05-01 09:00:00,24,0.4,9
4558609924,2016-05-01 10:00:00,24,0.4,10
4558609924,2016-05-01 11:00:00,7,0.116667,11
4558609924,2016-05-01 12:00:00,23,0.383333,12
4558609924,2016-05-01 13:00:00,16,0.266667,13
4558609924,2016-05-01 14:00:00,20,0.333333,14
4558609924,2016-05-01 15:00:00,12,0.2,15
4558609924,2016-05-01 16:00:00,2,0.033333,16
4558609924,2016-05-01 17:00:00,18,0.3,17
4558609924,2016-05-01 18:00:00,15,0.25,18
4558609924,2016-05-01 19:00:00,22,0.366667,19
4558609924,2016-05-01 20:00:00,5,0.083333,20
4558609924,2016-05-01 21:00:00,2,0.033333,21
4558609924,2016-05-01 22:00:00,0,0.0,22
4558609924,2016-05-01 23:00:00,0,0.0,23
4558609924,2016-05-02 00:00:00,0,0.0,0
4558609924,2016-05-02 01:00:00,0,0.0,1
4558609924,2016-05-02 02:00:00,0,0.0,2
4558609924,2016-05-02 03:00:00,0,0.0,3
4558609924,2016-05-02 04:00:00,0,0.0,4
4558609924,2016-05-02 05:00:00,0,0.0,5
4558609924,2016-05-02 06:00:00,0,0.0,6
4558609924,2016-05-02 07:00:00,0,0.0,7
4558609924,2016-05-02 08:00:00,27,0.45,8
4558609924,2016-05-02 09:00:00,19,0.316667,9
4558609924,2016-05-02 10:00:00,40,0.666667,10
4558609924,2016-05-02 11:00:00,38,0.633333,11
4558609924,2016-05-02 12:00:00,18,0.3,12
4558609924,2016-05-02 13:00:00,15,0.25,13
4558609924,2016-05-02 14:00:00,28,0.466667,14
4558609924,2016-05-02 15:00:00,23,0.383333,15
4558609924,2016-05-02 16:00:00,23,0.383333,16
4558609924,2016-05-02 17:00:00,18,0.3,17
4558609924,2016-05-02 18:00:00,29,0.483333,18
4558609924,2016-05-02 19:00:00,25,0.416667,19
4558609924,2016-05-02 20:00:00,31,0.516667,20
4558609924,2016-05-02 21:00:00,37,0.616667,21
4558609924,2016-05-02 22:00:00,9,0.15,22
4558609924,2016-05-02 23:00:00,3,0.05,23
4558609924,2016-05-03 00:00:00,1,0.016667,0
4558609924,2016-05-03 01:00:00,4,0.066667,1
4558609924,2016-05-03 02:00:00,1,0.016667,2
4558609924,2016-05-03 03:00:00,0,0.0,3
4558609924,2016-05-03 04:00:00,0,0.0,4
4558609924,2016-05-03 05:00:00,0,0.0,5
4558609924,2016-05-03 06:00:00,0,0.0,6
4558609924,2016-05-03 07:00:00,0,0.0,7
4558609924,2016-05-03 08:00:00,0,0.0,8
4558609924,2016-05-03 09:00:00,13,0.216667,9
4558609924,2016-05-03 10:00:00,20,0.333333,10
4558609924,2016-05-03 11:00:00,26,0.433333,11
4558609924,2016-05-03 12:00:00,22,0.366667,12
4558609924,2016-05-03 13:00:00,15,0.25,13
4558609924,2016-05-03 14:00:00,19,0.316667,14
4558609924,2016-05-03 15:00:00,6,0.1,15
4558609924,2016-05-03 16:00:00,25,0.416667,16
4558609924,2016-05-03 17:00:00,22,0.366667,17
4558609924,2016-05-03 18:00:00,101,1.683333,18
4558609924,2016-05-03 19:00:00,4,0.066667,19
4558609924,2016-05-03 20:00:00,4,0.066667,20
4558609924,2016-05-03 21:00:00,21,0.35,21
4558609924,2016-05-03 22:00:00,13,0.216667,22
4558609924,2016-05-03 23:00:00,3,0.05,23
4558609924,2016-05-04 00:00:00,0,0.0,0
4558609924,2016-05-04 01:00:00,0,0.0,1
4558609924,2016-05-04 02:00:00,0,0.0,2
4558609924,2016-05-04 03:00:00,0,0.0,3
4558609924,2016-05-04 04:00:00,0,0.0,4
4558609924,2016-05-04 05:00:00,0,0.0,5
4558609924,2016-05-04 06:00:00,0,0.0,6
4558609924,2016-05-04 07:00:00,0,0.0,7
4558609924,2016-05-04 08:00:00,0,0.0,8
4558609924,2016-05-04 09:00:00,0,0.0,9
4558609924,2016-05-04 10:00:00,18,0.3,10
4558609924,2016-05-04 11:00:00,17,0.283333,11
4558609924,2016-05-04 12:00:00,14,0.233333,12
4558609924,2016-05-04 13:00:00,5,0.083333,13
4558609924,2016-05-04 14:00:00,6,0.1,14
4558609924,2016-05-04 15:00:00,23,0.383333,15
4558609924,2016-05-04 16:00:00,13,0.216667,16
4558609924,2016-05-04 17:00:00,38,0.633333,17
4558609924,2016-05-04 18:00:00,17,0.283333,18
4558609924,2016-05-04 19:00:00,21,0.35,19
4558609924,2016-05-04 20:00:00,19,0.316667,20
4558609924,2016-05-04 21:00:00,28,0.466667,21
4558609924,2016-05-04 22:00:00,15,0.25,22
4558609924,2016-05-04 23:00:00,18,0.3,23
4558609924,2016-05-05 00:00:00,0,0.0,0
4558609924,2016-05-05 01:00:00,0,0.0,1
4558609924,2016-05-05 02:00:00,0,0.0,2
4558609924,2016-05-05 03:00:00,0,0.0,3
4558609924,2016-05-05 04:00:00,0,0.0,4
4558609924,2016-05-05 05:00:00,0,0.0,5
4558609924,2016-05-05 06:00:00,0,0.0,6
4558609924,2016-05-05 07:00:00,13,0.216667,7
4558609924,2016-05-05 08:00:00,19,0.316667,8
4558609924,2016-05-05 09:00:00,48,0.8,9
4558609924,2016-05-05 10:00:00,11,0.183333,10
4558609924,2016-05-05 11:00:00,73,1.216667,11
4558609924,2016-05-05 12:00:00,31,0.516667,12
4558609924,2016-05-05 13:00:00,12,0.2,13
4558609924,2016-05-05 14:00:00,6,0.1,14
4558609924,2016-05-05 15:00:00,22,0.366667,15
4558609924,2016-05-05 16:00:00,36,0.6,16
4558609924,2016-05-05 17:00:00,35,0.583333,17
4558609924,2016-05-05 18:00:00,31,0.516667,18
4558609924,2016-05-05 19:00:00,32,0.533333,19
4558609924,2016-05-05 20:00:00,32,0.533333,20
4558609924,2016-05-05 21:00:00,19,0.316667,21
4558609924,2016-05-05 22:00:00,6,0.1,22
4558609924,2016-05-05 23:00:00,2,0.033333,23
4558609924,2016-05-06 00:00:00,1,0.016667,0
4558609924,2016-05-06 01:00:00,0,0.0,1
4558609924,2016-05-06 02:00:00,0,0.0,2
4558609924,2016-05-06 03:00:00,0,0.0,3
4558609924,2016-05-06 04:00:00,0,0.0,4
4558609924,2016-05-06 05:00:00,0,0.0,5
4558609924,2016-05-06 06:00:00,0,0.0,6
4558609924,2016-05-06 07:00:00,0,0.0,7
4558609924,2016-05-06 08:00:00,0,0.0,8
4558609924,2016-05-06 09:00:00,19,0.316667,9
4558609924,2016-05-06 10:00:00,30,0.5,10
4558609924,2016-05-06 11:00:00,24,0.4,11
4558609924,2016-05-06 12:00:00,31,0.516667,12
4558609924,2016-05-06 13:00:00,17,0.283333,13
4558609924,2016-05-06 14:00:00,9,0.15,14
4558609924,2016-05-06 15:00:00,9,0.15,15
4558609924,2016-05-06 16:00:00,19,0.316667,16
4558609924,2016-05-06 17:00:00,3,0.05,17
4558609924,2016-05-06 18:00:00,4,0.066667,18
4558609924,2016-05-06 19:00:00,3,0.05,19
4558609924,2016-05-06 20:00:00,6,0.1,20
4558609924,2016-05-06 21:00:00,23,0.383333,21
4558609924,2016-05-06 22:00:00,3,0.05,22
4558609924,2016-05-06 23:00:00,1,0.016667,23
4558609924,2016-05-07 00:00:00,0,0.0,0
4558609924,2016-05-07 01:00:00,0,0.0,1
4558609924,2016-05-07 02:00:00,0,0.0,2
4558609924,2016-05-07 03:00:00,0,0.0,3
4558609924,2016-05-07 04:00:00,0,0.0,4
4558609924,2016-05-07 05:00:00,0,0.0,5
4558609924,2016-05-07 06:00:00,0,0.0,6
4558609924,2016-05-07 07:00:00,0,0.0,7
4558609924,2016-05-07 08:00:00,2,0.033333,8
4558609924,2016-05-07 09:00:00,15,0.25,9
4558609924,2016-05-07 10:00:00,15,0.25,10
4558609924,2016-05-07 11:00:00,27,0.45,11
4558609924,2016-05-07 12:00:00,6,0.1,12
4558609924,2016-05-07 13:00:00,6,0.1,13
4558609924,2016-05-07 14:00:00,20,0.333333,14
4558609924,2016-05-07 15:00:00,36,0.6,15
4558609924,2016-05-07 16:00:00,114,1.9,16
4558609924,2016-05-07 17:00:00,8,0.133333,17
4558609924,2016-05-07 18:00:00,10,0.166667,18
4558609924,2016-05-07 19:00:00,22,0.366667,19
4558609924,2016-05-07 20:00:00,18,0.3,20
4558609924,2016-05-07 21:00:00,9,0.15,21
4558609924,2016-05-07 22:00:00,25,0.416667,22
4558609924,2016-05-07 23:00:00,1,0.016667,23
4558609924,2016-05-08 00:00:00,0,0.0,0
4558609924,2016-05-08 01:00:00,0,0.0,1
4558609924,2016-05-08 02:00:00,0,0.0,2
4558609924,2016-05-08 03:00:00,0,0.0,3
4558609924,2016-05-08 04:00:00,0,0.0,4
4558609924,2016-05-08 05:00:00,0,0.0,5
4558609924,2016-05-08 06:00:00,0,0.0,6
4558609924,2016-05-08 07:00:00,0,0.0,7
4558609924,2016-05-08 08:00:00,0,0.0,8
4558609924,2016-05-08 09:00:00,0,0.0,9
4558609924,2016-05-08 10:00:00,0,0.0,10
4558609924,2016-05-08 11:00:00,0,0.0,11
4558609924,2016-05-08 12:00:00,0,0.0,12
4558609924,2016-05-08 13:00:00,112,1.866667,13
4558609924,2016-05-08 14:00:00,74,1.233333,14
4558609924,2016-05-08 15:00:00,51,0.85,15
4558609924,2016-05-08 16:00:00,55,0.916667,16
4558609924,2016-05-08 17:00:00,43,0.716667,17
4558609924,2016-05-08 18:00:00,24,0.4,18
4558609924,2016-05-08 19:00:00,31,0.516667,19
4558609924,2016-05-08 20:00:00,96,1.6,20
4558609924,2016-05-08 21:00:00,20,0.333333,21
4558609924,2016-05-08 22:00:00,0,0.0,22
4558609924,2016-05-08 23:00:00,0,0.0,23
4558609924,2016-05-09 00:00:00,0,0.0,0
4558609924,2016-05-09 01:00:00,0,0.0,1
4558609924,2016-05-09 02:00:00,0,0.0,2
4558609924,2016-05-09 03:00:00,0,0.0,3
4558609924,2016-05-09 04:00:00,0,0.0,4
4558609924,2016-05-09 05:00:00,0,0.0,5
4558609924,2016-05-09 06:00:00,0,0.0,6
4558609924,2016-05-09 07:00:00,14,0.233333,7
4558609924,2016-05-09 08:00:00,21,0.35,8
4558609924,2016-05-09 09:00:00,40,0.666667,9
4558609924,2016-05-09 10:00:00,17,0.283333,10
4558609924,2016-05-09 11:00:00,42,0.7,11
4558609924,2016-05-09 12:00:00,10,0.166667,12
4558609924,2016-05-09 13:00:00,73,1.216667,13
4558609924,2016-05-09 14:00:00,35,0.583333,14
4558609924,2016-05-09 15:00:00,21,0.35,15
4558609924,2016-05-09 16:00:00,23,0.383333,16
4558609924,2016-05-09 17:00:00,9,0.15,17
4558609924,2016-05-09 18:00:00,7,0.116667,18
4558609924,2016-05-09 19:00:00,22,0.366667,19
4558609924,2016-05-09 20:00:00,21,0.35,20
4558609924,2016-05-09 21:00:00,40,0.666667,21
4558609924,2016-05-09 22:00:00,20,0.333333,22
4558609924,2016-05-09 23:00:00,2,0.033333,23
4558609924,2016-05-10 00:00:00,4,0.066667,0
4558609924,2016-05-10 01:00:00,7,0.116667,1
4558609924,2016-05-10 02:00:00,0,0.0,2
4558609924,2016-05-10 03:00:00,0,0.0,3
4558609924,2016-05-10 04:00:00,0,0.0,4
4558609924,2016-05-10 05:00:00,0,0.0,5
4558609924,2016-05-10 06:00:00,0,0.0,6
4558609924,2016-05-10 07:00:00,0,0.0,7
4558609924,2016-05-10 08:00:00,0,0.0,8
4558609924,2016-05-10 09:00:00,0,0.0,9
4558609924,2016-05-10 10:00:00,0,0.0,10
4558609924,2016-05-10 11:00:00,9,0.15,11
4558609924,2016-05-10 12:00:00,21,0.35,12
4558609924,2016-05-10 13:00:00,12,0.2,13
4558609924,2016-05-10 14:00:00,22,0.366667,14
4558609924,2016-05-10 15:00:00,4,0.066667,15
4558609924,2016-05-10 16:00:00,19,0.316667,16
4558609924,2016-05-10 17:00:00,16,0.266667,17
4558609924,2016-05-10 18:00:00,23,0.383333,18
4558609924,2016-05-10 19:00:00,89,1.483333,19
4558609924,2016-05-10 20:00:00,5,0.083333,20
4558609924,2016-05-10 21:00:00,20,0.333333,21
4558609924,2016-05-10 22:00:00,33,0.55,22
4558609924,2016-05-10 23:00:00,5,0.083333,23
4558609924,2016-05-11 00:00:00,5,0.083333,0
4558609924,2016-05-11 01:00:00,10,0.166667,1
4558609924,2016-05-11 02:00:00,0,0.0,2
4558609924,2016-05-11 03:00:00,0,0.0,3
4558609924,2016-05-11 04:00:00,0,0.0,4
4558609924,2016-05-11 05:00:00,0,0.0,5
4558609924,2016-05-11 06:00:00,0,0.0,6
4558609924,2016-05-11 07:00:00,0,0.0,7
4558609924,2016-05-11 08:00:00,0,0.0,8
4558609924,2016-05-11 09:00:00,21,0.35,9
4558609924,2016-05-11 10:00:00,27,0.45,10
4558609924,2016-05-11 11:00:00,13,0.216667,11
4558609924,2016-05-11 12:00:00,11,0.183333,12
4558609924,2016-05-11 13:00:00,18,0.3,13
4558609924,2016-05-11 14:00:00,90,1.5,14
4558609924,2016-05-11 15:00:00,24,0.4,15
4558609924,2016-05-11 16:00:00,24,0.4,16
4558609924,2016-05-11 17:00:00,10,0.166667,17
4558609924,2016-05-11 18:00:00,27,0.45,18
4558609924,2016-05-11 19:00:00,26,0.433333,19
4558609924,2016-05-11 20:00:00,14,0.233333,20
4558609924,2016-05-11 21:00:00,39,0.65,21
4558609924,2016-05-11 22:00:00,18,0.3,22
4558609924,2016-05-11 23:00:00,21,0.35,23
4558609924,2016-05-12 00:00:00,0,0.0,0
4558609924,2016-05-12 01:00:00,0,0.0,1
4558609924,2016-05-12 02:00:00,0,0.0,2
4558609924,2016-05-12 03:00:00,0,0.0,3
4558609924,2016-05-12 04:00:00,0,0.0,4
4558609924,2016-05-12 05:00:00,0,0.0,5
4558609924,2016-05-12 06:00:00,0,0.0,6
4558609924,2016-05-12 07:00:00,4,0.066667,7
4558609924,2016-05-12 08:00:00,17,0.283333,8
4558609924,2016-05-12 09:00:00,35,0.583333,9
4558609924,2016-05-12 10:00:00,32,0.533333,10
4558609924,2016-05-12 11:00:00,22,0.366667,11
4558609924,2016-05-12 12:00:00,23,0.383333,12
4558609924,2016-05-12 13:00:00,36,0.6,13
4558609924,2016-05-12 14:00:00,33,0.55,14
4558609924,2016-05-12 15:00:00,30,0.5,15
4702921684,2016-04-12 00:00:00,0,0.0,0
4702921684,2016-04-12 01:00:00,0,0.0,1
4702921684,2016-04-12 02:00:00,0,0.0,2
4702921684,2016-04-12 03:00:00,1,0.016667,3
4702921684,2016-04-12 04:00:00,0,0.0,4
4702921684,2016-04-12 05:00:00,0,0.0,5
4702921684,2016-04-12 06:00:00,20,0.333333,6
4702921684,2016-04-12 07:00:00,7,0.116667,7
4702921684,2016-04-12 08:00:00,25,0.416667,8
4702921684,2016-04-12 09:00:00,25,0.416667,9
4702921684,2016-04-12 10:00:00,23,0.383333,10
4702921684,2016-04-12 11:00:00,7,0.116667,11
4702921684,2016-04-12 12:00:00,11,0.183333,12
4702921684,2016-04-12 13:00:00,2,0.033333,13
4702921684,2016-04-12 14:00:00,8,0.133333,14
4702921684,2016-04-12 15:00:00,1,0.016667,15
4702921684,2016-04-12 16:00:00,8,0.133333,16
4702921684,2016-04-12 17:00:00,24,0.4,17
4702921684,2016-04-12 18:00:00,27,0.45,18
4702921684,2016-04-12 19:00:00,3,0.05,19
4702921684,2016-04-12 20:00:00,29,0.483333,20
4702921684,2016-04-12 21:00:00,31,0.516667,21
4702921684,2016-04-12 22:00:00,11,0.183333,22
4702921684,2016-04-12 23:00:00,0,0.0,23
4702921684,2016-04-13 00:00:00,0,0.0,0
4702921684,2016-04-13 01:00:00,0,0.0,1
4702921684,2016-04-13 02:00:00,8,0.133333,2
4702921684,2016-04-13 03:00:00,0,0.0,3
4702921684,2016-04-13 04:00:00,0,0.0,4
4702921684,2016-04-13 05:00:00,0,0.0,5
4702921684,2016-04-13 06:00:00,14,0.233333,6
4702921684,2016-04-13 07:00:00,6,0.1,7
4702921684,2016-04-13 08:00:00,10,0.166667,8
4702921684,2016-04-13 09:00:00,4,0.066667,9
4702921684,2016-04-13 10:00:00,7,0.116667,10
4702921684,2016-04-13 11:00:00,6,0.1,11
4702921684,2016-04-13 12:00:00,11,0.183333,12
4702921684,2016-04-13 13:00:00,3,0.05,13
4702921684,2016-04-13 14:00:00,9,0.15,14
4702921684,2016-04-13 15:00:00,2,0.033333,15
4702921684,2016-04-13 16:00:00,3,0.05,16
4702921684,2016-04-13 17:00:00,26,0.433333,17
4702921684,2016-04-13 18:00:00,19,0.316667,18
4702921684,2016-04-13 19:00:00,35,0.583333,19
4702921684,2016-04-13 20:00:00,16,0.266667,20
4702921684,2016-04-13 21:00:00,45,0.75,21
4702921684,2016-04-13 22:00:00,33,0.55,22
4702921684,2016-04-13 23:00:00,1,0.016667,23
4702921684,2016-04-14 00:00:00,0,0.0,0
4702921684,2016-04-14 01:00:00,0,0.0,1
4702921684,2016-04-14 02:00:00,0,0.0,2
4702921684,2016-04-14 03:00:00,0,0.0,3
4702921684,2016-04-14 04:00:00,0,0.0,4
4702921684,2016-04-14 05:00:00,1,0.016667,5
4702921684,2016-04-14 06:00:00,24,0.4,6
4702921684,2016-04-14 07:00:00,7,0.116667,7
4702921684,2016-04-14 08:00:00,0,0.0,8
4702921684,2016-04-14 09:00:00,21,0.35,9
4702921684,2016-04-14 10:00:00,9,0.15,10
4702921684,2016-04-14 11:00:00,4,0.066667,11
4702921684,2016-04-14 12:00:00,9,0.15,12
4702921684,2016-04-14 13:00:00,22,0.366667,13
4702921684,2016-04-14 14:00:00,19,0.316667,14
4702921684,2016-04-14 15:00:00,12,0.2,15
4702921684,2016-04-14 16:00:00,12,0.2,16
4702921684,2016-04-14 17:00:00,20,0.333333,17
4702921684,2016-04-14 18:00:00,31,0.516667,18
4702921684,2016-04-14 19:00:00,24,0.4,19
4702921684,2016-04-14 20:00:00,14,0.233333,20
4702921684,2016-04-14 21:00:00,25,0.416667,21
4702921684,2016-04-14 22:00:00,17,0.283333,22
4702921684,2016-04-14 23:00:00,0,0.0,23
4702921684,2016-04-15 00:00:00,0,0.0,0
4702921684,2016-04-15 01:00:00,0,0.0,1
4702921684,2016-04-15 02:00:00,0,0.0,2
4702921684,2016-04-15 03:00:00,0,0.0,3
4702921684,2016-04-15 04:00:00,0,0.0,4
4702921684,2016-04-15 05:00:00,0,0.0,5
4702921684,2016-04-15 06:00:00,0,0.0,6
4702921684,2016-04-15 07:00:00,18,0.3,7
4702921684,2016-04-15 08:00:00,15,0.25,8
4702921684,2016-04-15 09:00:00,0,0.0,9
4702921684,2016-04-15 10:00:00,3,0.05,10
4702921684,2016-04-15 11:00:00,3,0.05,11
4702921684,2016-04-15 12:00:00,14,0.233333,12
4702921684,2016-04-15 13:00:00,4,0.066667,13
4702921684,2016-04-15 14:00:00,9,0.15,14
4702921684,2016-04-15 15:00:00,4,0.066667,15
4702921684,2016-04-15 16:00:00,32,0.533333,16
4702921684,2016-04-15 17:00:00,21,0.35,17
4702921684,2016-04-15 18:00:00,31,0.516667,18
4702921684,2016-04-15 19:00:00,17,0.283333,19
4702921684,2016-04-15 20:00:00,35,0.583333,20
4702921684,2016-04-15 21:00:00,45,0.75,21
4702921684,2016-04-15 22:00:00,20,0.333333,22
4702921684,2016-04-15 23:00:00,4,0.066667,23
4702921684,2016-04-16 00:00:00,0,0.0,0
4702921684,2016-04-16 01:00:00,0,0.0,1
4702921684,2016-04-16 02:00:00,0,0.0,2
4702921684,2016-04-16 03:00:00,0,0.0,3
4702921684,2016-04-16 04:00:00,3,0.05,4
4702921684,2016-04-16 05:00:00,2,0.033333,5
4702921684,2016-04-16 06:00:00,0,0.0,6
4702921684,2016-04-16 07:00:00,18,0.3,7
4702921684,2016-04-16 08:00:00,12,0.2,8
4702921684,2016-04-16 09:00:00,13,0.216667,9
4702921684,2016-04-16 10:00:00,41,0.683333,10
4702921684,2016-04-16 11:00:00,36,0.6,11
4702921684,2016-04-16 12:00:00,22,0.366667,12
4702921684,2016-04-16 13:00:00,39,0.65,13
4702921684,2016-04-16 14:00:00,25,0.416667,14
4702921684,2016-04-16 15:00:00,17,0.283333,15
4702921684,2016-04-16 16:00:00,35,0.583333,16
4702921684,2016-04-16 17:00:00,24,0.4,17
4702921684,2016-04-16 18:00:00,12,0.2,18
4702921684,2016-04-16 19:00:00,30,0.5,19
4702921684,2016-04-16 20:00:00,24,0.4,20
4702921684,2016-04-16 21:00:00,39,0.65,21
4702921684,2016-04-16 22:00:00,0,0.0,22
4702921684,2016-04-16 23:00:00,0,0.0,23
4702921684,2016-04-17 00:00:00,0,0.0,0
4702921684,2016-04-17 01:00:00,0,0.0,1
4702921684,2016-04-17 02:00:00,0,0.0,2
4702921684,2016-04-17 03:00:00,0,0.0,3
4702921684,2016-04-17 04:00:00,0,0.0,4
4702921684,2016-04-17 05:00:00,0,0.0,5
4702921684,2016-04-17 06:00:00,0,0.0,6
4702921684,2016-04-17 07:00:00,1,0.016667,7
4702921684,2016-04-17 08:00:00,18,0.3,8
4702921684,2016-04-17 09:00:00,40,0.666667,9
4702921684,2016-04-17 10:00:00,29,0.483333,10
4702921684,2016-04-17 11:00:00,17,0.283333,11
4702921684,2016-04-17 12:00:00,62,1.033333,12
4702921684,2016-04-17 13:00:00,31,0.516667,13
4702921684,2016-04-17 14:00:00,119,1.983333,14
4702921684,2016-04-17 15:00:00,61,1.016667,15
4702921684,2016-04-17 16:00:00,0,0.0,16
4702921684,2016-04-17 17:00:00,21,0.35,17
4702921684,2016-04-17 18:00:00,16,0.266667,18
4702921684,2016-04-17 19:00:00,29,0.483333,19
4702921684,2016-04-17 20:00:00,14,0.233333,20
4702921684,2016-04-17 21:00:00,12,0.2,21
4702921684,2016-04-17 22:00:00,0,0.0,22
4702921684,2016-04-17 23:00:00,0,0.0,23
4702921684,2016-04-18 00:00:00,0,0.0,0
4702921684,2016-04-18 01:00:00,0,0.0,1
4702921684,2016-04-18 02:00:00,0,0.0,2
4702921684,2016-04-18 03:00:00,0,0.0,3
4702921684,2016-04-18 04:00:00,0,0.0,4
4702921684,2016-04-18 05:00:00,0,0.0,5
4702921684,2016-04-18 06:00:00,2,0.033333,6
4702921684,2016-04-18 07:00:00,20,0.333333,7
4702921684,2016-04-18 08:00:00,2,0.033333,8
4702921684,2016-04-18 09:00:00,20,0.333333,9
4702921684,2016-04-18 10:00:00,4,0.066667,10
4702921684,2016-04-18 11:00:00,0,0.0,11
4702921684,2016-04-18 12:00:00,29,0.483333,12
4702921684,2016-04-18 13:00:00,14,0.233333,13
4702921684,2016-04-18 14:00:00,15,0.25,14
4702921684,2016-04-18 15:00:00,10,0.166667,15
4702921684,2016-04-18 16:00:00,14,0.233333,16
4702921684,2016-04-18 17:00:00,11,0.183333,17
4702921684,2016-04-18 18:00:00,72,1.2,18
4702921684,2016-04-18 19:00:00,44,0.733333,19
4702921684,2016-04-18 20:00:00,39,0.65,20
4702921684,2016-04-18 21:00:00,21,0.35,21
4702921684,2016-04-18 22:00:00,0,0.0,22
4702921684,2016-04-18 23:00:00,0,0.0,23
4702921684,2016-04-19 00:00:00,0,0.0,0
4702921684,2016-04-19 01:00:00,0,0.0,1
4702921684,2016-04-19 02:00:00,0,0.0,2
4702921684,2016-04-19 03:00:00,0,0.0,3
4702921684,2016-04-19 04:00:00,0,0.0,4
4702921684,2016-04-19 05:00:00,1,0.016667,5
4702921684,2016-04-19 06:00:00,23,0.383333,6
4702921684,2016-04-19 07:00:00,6,0.1,7
4702921684,2016-04-19 08:00:00,9,0.15,8
4702921684,2016-04-19 09:00:00,18,0.3,9
4702921684,2016-04-19 10:00:00,0,0.0,10
4702921684,2016-04-19 11:00:00,4,0.066667,11
4702921684,2016-04-19 12:00:00,30,0.5,12
4702921684,2016-04-19 13:00:00,6,0.1,13
4702921684,2016-04-19 14:00:00,7,0.116667,14
4702921684,2016-04-19 15:00:00,5,0.083333,15
4702921684,2016-04-19 16:00:00,14,0.233333,16
4702921684,2016-04-19 17:00:00,27,0.45,17
4702921684,2016-04-19 18:00:00,23,0.383333,18
4702921684,2016-04-19 19:00:00,18,0.3,19
4702921684,2016-04-19 20:00:00,12,0.2,20
4702921684,2016-04-19 21:00:00,22,0.366667,21
4702921684,2016-04-19 22:00:00,0,0.0,22
4702921684,2016-04-19 23:00:00,0,0.0,23
4702921684,2016-04-20 00:00:00,0,0.0,0
4702921684,2016-04-20 01:00:00,1,0.016667,1
4702921684,2016-04-20 02:00:00,0,0.0,2
4702921684,2016-04-20 03:00:00,0,0.0,3
4702921684,2016-04-20 04:00:00,0,0.0,4
4702921684,2016-04-20 05:00:00,1,0.016667,5
4702921684,2016-04-20 06:00:00,41,0.683333,6
4702921684,2016-04-20 07:00:00,19,0.316667,7
4702921684,2016-04-20 08:00:00,1,0.016667,8
4702921684,2016-04-20 09:00:00,10,0.166667,9
4702921684,2016-04-20 10:00:00,3,0.05,10
4702921684,2016-04-20 11:00:00,17,0.283333,11
4702921684,2016-04-20 12:00:00,8,0.133333,12
4702921684,2016-04-20 13:00:00,6,0.1,13
4702921684,2016-04-20 14:00:00,6,0.1,14
4702921684,2016-04-20 15:00:00,11,0.183333,15
4702921684,2016-04-20 16:00:00,9,0.15,16
4702921684,2016-04-20 17:00:00,33,0.55,17
4702921684,2016-04-20 18:00:00,26,0.433333,18
4702921684,2016-04-20 19:00:00,35,0.583333,19
4702921684,2016-04-20 20:00:00,44,0.733333,20
4702921684,2016-04-20 21:00:00,38,0.633333,21
4702921684,2016-04-20 22:00:00,15,0.25,22
4702921684,2016-04-20 23:00:00,0,0.0,23
4702921684,2016-04-21 00:00:00,0,0.0,0
4702921684,2016-04-21 01:00:00,0,0.0,1
4702921684,2016-04-21 02:00:00,0,0.0,2
4702921684,2016-04-21 03:00:00,0,0.0,3
4702921684,2016-04-21 04:00:00,1,0.016667,4
4702921684,2016-04-21 05:00:00,2,0.033333,5
4702921684,2016-04-21 06:00:00,47,0.783333,6
4702921684,2016-04-21 07:00:00,24,0.4,7
4702921684,2016-04-21 08:00:00,4,0.066667,8
4702921684,2016-04-21 09:00:00,0,0.0,9
4702921684,2016-04-21 10:00:00,0,0.0,10
4702921684,2016-04-21 11:00:00,0,0.0,11
4702921684,2016-04-21 12:00:00,11,0.183333,12
4702921684,2016-04-21 13:00:00,5,0.083333,13
4702921684,2016-04-21 14:00:00,9,0.15,14
4702921684,2016-04-21 15:00:00,7,0.116667,15
4702921684,2016-04-21 16:00:00,10,0.166667,16
4702921684,2016-04-21 17:00:00,46,0.766667,17
4702921684,2016-04-21 18:00:00,25,0.416667,18
4702921684,2016-04-21 19:00:00,27,0.45,19
4702921684,2016-04-21 20:00:00,20,0.333333,20
4702921684,2016-04-21 21:00:00,0,0.0,21
4702921684,2016-04-21 22:00:00,0,0.0,22
4702921684,2016-04-21 23:00:00,0,0.0,23
4702921684,2016-04-22 00:00:00,0,0.0,0
4702921684,2016-04-22 01:00:00,0,0.0,1
4702921684,2016-04-22 02:00:00,0,0.0,2
4702921684,2016-04-22 03:00:00,0,0.0,3
4702921684,2016-04-22 04:00:00,0,0.0,4
4702921684,2016-04-22 05:00:00,0,0.0,5
4702921684,2016-04-22 06:00:00,0,0.0,6
4702921684,2016-04-22 07:00:00,0,0.0,7
4702921684,2016-04-22 08:00:00,0,0.0,8
4702921684,2016-04-22 09:00:00,0,0.0,9
4702921684,2016-04-22 10:00:00,0,0.0,10
4702921684,2016-04-22 11:00:00,0,0.0,11
4702921684,2016-04-22 12:00:00,0,0.0,12
4702921684,2016-04-22 13:00:00,0,0.0,13
4702921684,2016-04-22 14:00:00,0,0.0,14
4702921684,2016-04-22 15:00:00,0,0.0,15
4702921684,2016-04-22 16:00:00,0,0.0,16
4702921684,2016-04-22 17:00:00,0,0.0,17
4702921684,2016-04-22 18:00:00,0,0.0,18
4702921684,2016-04-22 19:00:00,0,0.0,19
4702921684,2016-04-22 20:00:00,24,0.4,20
4702921684,2016-04-22 21:00:00,33,0.55,21
4702921684,2016-04-22 22:00:00,15,0.25,22
4702921684,2016-04-22 23:00:00,0,0.0,23
4702921684,2016-04-23 00:00:00,0,0.0,0
4702921684,2016-04-23 01:00:00,0,0.0,1
4702921684,2016-04-23 02:00:00,0,0.0,2
4702921684,2016-04-23 03:00:00,0,0.0,3
4702921684,2016-04-23 04:00:00,0,0.0,4
4702921684,2016-04-23 05:00:00,0,0.0,5
4702921684,2016-04-23 06:00:00,0,0.0,6
4702921684,2016-04-23 07:00:00,9,0.15,7
4702921684,2016-04-23 08:00:00,10,0.166667,8
4702921684,2016-04-23 09:00:00,40,0.666667,9
4702921684,2016-04-23 10:00:00,31,0.516667,10
4702921684,2016-04-23 11:00:00,76,1.266667,11
4702921684,2016-04-23 12:00:00,62,1.033333,12
4702921684,2016-04-23 13:00:00,40,0.666667,13
4702921684,2016-04-23 14:00:00,40,0.666667,14
4702921684,2016-04-23 15:00:00,54,0.9,15
4702921684,2016-04-23 16:00:00,37,0.616667,16
4702921684,2016-04-23 17:00:00,32,0.533333,17
4702921684,2016-04-23 18:00:00,16,0.266667,18
4702921684,2016-04-23 19:00:00,30,0.5,19
4702921684,2016-04-23 20:00:00,27,0.45,20
4702921684,2016-04-23 21:00:00,44,0.733333,21
4702921684,2016-04-23 22:00:00,19,0.316667,22
4702921684,2016-04-23 23:00:00,0,0.0,23
4702921684,2016-04-24 00:00:00,0,0.0,0
4702921684,2016-04-24 01:00:00,0,0.0,1
4702921684,2016-04-24 02:00:00,0,0.0,2
4702921684,2016-04-24 03:00:00,1,0.016667,3
4702921684,2016-04-24 04:00:00,0,0.0,4
4702921684,2016-04-24 05:00:00,0,0.0,5
4702921684,2016-04-24 06:00:00,2,0.033333,6
4702921684,2016-04-24 07:00:00,7,0.116667,7
4702921684,2016-04-24 08:00:00,16,0.266667,8
4702921684,2016-04-24 09:00:00,22,0.366667,9
4702921684,2016-04-24 10:00:00,31,0.516667,10
4702921684,2016-04-24 11:00:00,14,0.233333,11
4702921684,2016-04-24 12:00:00,96,1.6,12
4702921684,2016-04-24 13:00:00,115,1.916667,13
4702921684,2016-04-24 14:00:00,36,0.6,14
4702921684,2016-04-24 15:00:00,8,0.133333,15
4702921684,2016-04-24 16:00:00,1,0.016667,16
4702921684,2016-04-24 17:00:00,26,0.433333,17
4702921684,2016-04-24 18:00:00,53,0.883333,18
4702921684,2016-04-24 19:00:00,39,0.65,19
4702921684,2016-04-24 20:00:00,30,0.5,20
4702921684,2016-04-24 21:00:00,10,0.166667,21
4702921684,2016-04-24 22:00:00,9,0.15,22
4702921684,2016-04-24 23:00:00,0,0.0,23
4702921684,2016-04-25 00:00:00,0,0.0,0
4702921684,2016-04-25 01:00:00,0,0.0,1
4702921684,2016-04-25 02:00:00,0,0.0,2
4702921684,2016-04-25 03:00:00,0,0.0,3
4702921684,2016-04-25 04:00:00,0,0.0,4
4702921684,2016-04-25 05:00:00,6,0.1,5
4702921684,2016-04-25 06:00:00,22,0.366667,6
4702921684,2016-04-25 07:00:00,5,0.083333,7
4702921684,2016-04-25 08:00:00,5,0.083333,8
4702921684,2016-04-25 09:00:00,2,0.033333,9
4702921684,2016-04-25 10:00:00,6,0.1,10
4702921684,2016-04-25 11:00:00,9,0.15,11
4702921684,2016-04-25 12:00:00,9,0.15,12
4702921684,2016-04-25 13:00:00,13,0.216667,13
4702921684,2016-04-25 14:00:00,16,0.266667,14
4702921684,2016-04-25 15:00:00,7,0.116667,15
4702921684,2016-04-25 16:00:00,12,0.2,16
4702921684,2016-04-25 17:00:00,22,0.366667,17
4702921684,2016-04-25 18:00:00,17,0.283333,18
4702921684,2016-04-25 19:00:00,66,1.1,19
4702921684,2016-04-25 20:00:00,33,0.55,20
4702921684,2016-04-25 21:00:00,46,0.766667,21
4702921684,2016-04-25 22:00:00,22,0.366667,22
4702921684,2016-04-25 23:00:00,0,0.0,23
4702921684,2016-04-26 00:00:00,0,0.0,0
4702921684,2016-04-26 01:00:00,0,0.0,1
4702921684,2016-04-26 02:00:00,0,0.0,2
4702921684,2016-04-26 03:00:00,0,0.0,3
4702921684,2016-04-26 04:00:00,0,0.0,4
4702921684,2016-04-26 05:00:00,2,0.033333,5
4702921684,2016-04-26 06:00:00,28,0.466667,6
4702921684,2016-04-26 07:00:00,10,0.166667,7
4702921684,2016-04-26 08:00:00,0,0.0,8
4702921684,2016-04-26 09:00:00,0,0.0,9
4702921684,2016-04-26 10:00:00,0,0.0,10
4702921684,2016-04-26 11:00:00,6,0.1,11
4702921684,2016-04-26 12:00:00,11,0.183333,12
4702921684,2016-04-26 13:00:00,4,0.066667,13
4702921684,2016-04-26 14:00:00,8,0.133333,14
4702921684,2016-04-26 15:00:00,7,0.116667,15
4702921684,2016-04-26 16:00:00,3,0.05,16
4702921684,2016-04-26 17:00:00,19,0.316667,17
4702921684,2016-04-26 18:00:00,37,0.616667,18
4702921684,2016-04-26 19:00:00,32,0.533333,19
4702921684,2016-04-26 20:00:00,26,0.433333,20
4702921684,2016-04-26 21:00:00,30,0.5,21
4702921684,2016-04-26 22:00:00,12,0.2,22
4702921684,2016-04-26 23:00:00,0,0.0,23
4702921684,2016-04-27 00:00:00,0,0.0,0
4702921684,2016-04-27 01:00:00,0,0.0,1
4702921684,2016-04-27 02:00:00,0,0.0,2
4702921684,2016-04-27 03:00:00,0,0.0,3
4702921684,2016-04-27 04:00:00,0,0.0,4
4702921684,2016-04-27 05:00:00,2,0.033333,5
4702921684,2016-04-27 06:00:00,41,0.683333,6
4702921684,2016-04-27 07:00:00,18,0.3,7
4702921684,2016-04-27 08:00:00,4,0.066667,8
4702921684,2016-04-27 09:00:00,6,0.1,9
4702921684,2016-04-27 10:00:00,5,0.083333,10
4702921684,2016-04-27 11:00:00,6,0.1,11
4702921684,2016-04-27 12:00:00,10,0.166667,12
4702921684,2016-04-27 13:00:00,7,0.116667,13
4702921684,2016-04-27 14:00:00,4,0.066667,14
4702921684,2016-04-27 15:00:00,11,0.183333,15
4702921684,2016-04-27 16:00:00,10,0.166667,16
4702921684,2016-04-27 17:00:00,18,0.3,17
4702921684,2016-04-27 18:00:00,20,0.333333,18
4702921684,2016-04-27 19:00:00,25,0.416667,19
4702921684,2016-04-27 20:00:00,58,0.966667,20
4702921684,2016-04-27 21:00:00,25,0.416667,21
4702921684,2016-04-27 22:00:00,3,0.05,22
4702921684,2016-04-27 23:00:00,0,0.0,23
4702921684,2016-04-28 00:00:00,0,0.0,0
4702921684,2016-04-28 01:00:00,0,0.0,1
4702921684,2016-04-28 02:00:00,0,0.0,2
4702921684,2016-04-28 03:00:00,0,0.0,3
4702921684,2016-04-28 04:00:00,0,0.0,4
4702921684,2016-04-28 05:00:00,1,0.016667,5
4702921684,2016-04-28 06:00:00,22,0.366667,6
4702921684,2016-04-28 07:00:00,6,0.1,7
4702921684,2016-04-28 08:00:00,5,0.083333,8
4702921684,2016-04-28 09:00:00,38,0.633333,9
4702921684,2016-04-28 10:00:00,5,0.083333,10
4702921684,2016-04-28 11:00:00,4,0.066667,11
4702921684,2016-04-28 12:00:00,17,0.283333,12
4702921684,2016-04-28 13:00:00,4,0.066667,13
4702921684,2016-04-28 14:00:00,6,0.1,14
4702921684,2016-04-28 15:00:00,7,0.116667,15
4702921684,2016-04-28 16:00:00,8,0.133333,16
4702921684,2016-04-28 17:00:00,19,0.316667,17
4702921684,2016-04-28 18:00:00,16,0.266667,18
4702921684,2016-04-28 19:00:00,68,1.133333,19
4702921684,2016-04-28 20:00:00,26,0.433333,20
4702921684,2016-04-28 21:00:00,28,0.466667,21
4702921684,2016-04-28 22:00:00,12,0.2,22
4702921684,2016-04-28 23:00:00,0,0.0,23
4702921684,2016-04-29 00:00:00,0,0.0,0
4702921684,2016-04-29 01:00:00,0,0.0,1
4702921684,2016-04-29 02:00:00,0,0.0,2
4702921684,2016-04-29 03:00:00,0,0.0,3
4702921684,2016-04-29 04:00:00,0,0.0,4
4702921684,2016-04-29 05:00:00,0,0.0,5
4702921684,2016-04-29 06:00:00,32,0.533333,6
4702921684,2016-04-29 07:00:00,11,0.183333,7
4702921684,2016-04-29 08:00:00,6,0.1,8
4702921684,2016-04-29 09:00:00,11,0.183333,9
4702921684,2016-04-29 10:00:00,4,0.066667,10
4702921684,2016-04-29 11:00:00,9,0.15,11
4702921684,2016-04-29 12:00:00,35,0.583333,12
4702921684,2016-04-29 13:00:00,13,0.216667,13
4702921684,2016-04-29 14:00:00,9,0.15,14
4702921684,2016-04-29 15:00:00,16,0.266667,15
4702921684,2016-04-29 16:00:00,11,0.183333,16
4702921684,2016-04-29 17:00:00,39,0.65,17
4702921684,2016-04-29 18:00:00,28,0.466667,18
4702921684,2016-04-29 19:00:00,46,0.766667,19
4702921684,2016-04-29 20:00:00,30,0.5,20
4702921684,2016-04-29 21:00:00,26,0.433333,21
4702921684,2016-04-29 22:00:00,15,0.25,22
4702921684,2016-04-29 23:00:00,0,0.0,23
4702921684,2016-04-30 00:00:00,0,0.0,0
4702921684,2016-04-30 01:00:00,0,0.0,1
4702921684,2016-04-30 02:00:00,0,0.0,2
4702921684,2016-04-30 03:00:00,0,0.0,3
4702921684,2016-04-30 04:00:00,0,0.0,4
4702921684,2016-04-30 05:00:00,0,0.0,5
4702921684,2016-04-30 06:00:00,7,0.116667,6
4702921684,2016-04-30 07:00:00,14,0.233333,7
4702921684,2016-04-30 08:00:00,19,0.316667,8
4702921684,2016-04-30 09:00:00,26,0.433333,9
4702921684,2016-04-30 10:00:00,17,0.283333,10
4702921684,2016-04-30 11:00:00,69,1.15,11
4702921684,2016-04-30 12:00:00,29,0.483333,12
4702921684,2016-04-30 13:00:00,49,0.816667,13
4702921684,2016-04-30 14:00:00,49,0.816667,14
4702921684,2016-04-30 15:00:00,37,0.616667,15
4702921684,2016-04-30 16:00:00,22,0.366667,16
4702921684,2016-04-30 17:00:00,9,0.15,17
4702921684,2016-04-30 18:00:00,0,0.0,18
4702921684,2016-04-30 19:00:00,0,0.0,19
4702921684,2016-04-30 20:00:00,0,0.0,20
4702921684,2016-04-30 21:00:00,0,0.0,21
4702921684,2016-04-30 22:00:00,0,0.0,22
4702921684,2016-04-30 23:00:00,0,0.0,23
4702921684,2016-05-01 00:00:00,0,0.0,0
4702921684,2016-05-01 01:00:00,0,0.0,1
4702921684,2016-05-01 02:00:00,0,0.0,2
4702921684,2016-05-01 03:00:00,0,0.0,3
4702921684,2016-05-01 04:00:00,0,0.0,4
4702921684,2016-05-01 05:00:00,0,0.0,5
4702921684,2016-05-01 06:00:00,0,0.0,6
4702921684,2016-05-01 07:00:00,0,0.0,7
4702921684,2016-05-01 08:00:00,0,0.0,8
4702921684,2016-05-01 09:00:00,0,0.0,9
4702921684,2016-05-01 10:00:00,0,0.0,10
4702921684,2016-05-01 11:00:00,0,0.0,11
4702921684,2016-05-01 12:00:00,0,0.0,12
4702921684,2016-05-01 13:00:00,0,0.0,13
4702921684,2016-05-01 14:00:00,0,0.0,14
4702921684,2016-05-01 15:00:00,0,0.0,15
4702921684,2016-05-01 16:00:00,0,0.0,16
4702921684,2016-05-01 17:00:00,0,0.0,17
4702921684,2016-05-01 18:00:00,0,0.0,18
4702921684,2016-05-01 19:00:00,0,0.0,19
4702921684,2016-05-01 20:00:00,0,0.0,20
4702921684,2016-05-01 21:00:00,0,0.0,21
4702921684,2016-05-01 22:00:00,0,0.0,22
4702921684,2016-05-01 23:00:00,0,0.0,23
4702921684,2016-05-02 00:00:00,0,0.0,0
4702921684,2016-05-02 01:00:00,0,0.0,1
4702921684,2016-05-02 02:00:00,0,0.0,2
4702921684,2016-05-02 03:00:00,0,0.0,3
4702921684,2016-05-02 04:00:00,0,0.0,4
4702921684,2016-05-02 05:00:00,0,0.0,5
4702921684,2016-05-02 06:00:00,0,0.0,6
4702921684,2016-05-02 07:00:00,0,0.0,7
4702921684,2016-05-02 08:00:00,0,0.0,8
4702921684,2016-05-02 09:00:00,0,0.0,9
4702921684,2016-05-02 10:00:00,0,0.0,10
4702921684,2016-05-02 11:00:00,0,0.0,11
4702921684,2016-05-02 12:00:00,13,0.216667,12
4702921684,2016-05-02 13:00:00,13,0.216667,13
4702921684,2016-05-02 14:00:00,6,0.1,14
4702921684,2016-05-02 15:00:00,10,0.166667,15
4702921684,2016-05-02 16:00:00,13,0.216667,16
4702921684,2016-05-02 17:00:00,42,0.7,17
4702921684,2016-05-02 18:00:00,22,0.366667,18
4702921684,2016-05-02 19:00:00,65,1.083333,19
4702921684,2016-05-02 20:00:00,24,0.4,20
4702921684,2016-05-02 21:00:00,64,1.066667,21
4702921684,2016-05-02 22:00:00,18,0.3,22
4702921684,2016-05-02 23:00:00,0,0.0,23
4702921684,2016-05-03 00:00:00,0,0.0,0
4702921684,2016-05-03 01:00:00,0,0.0,1
4702921684,2016-05-03 02:00:00,0,0.0,2
4702921684,2016-05-03 03:00:00,2,0.033333,3
4702921684,2016-05-03 04:00:00,3,0.05,4
4702921684,2016-05-03 05:00:00,14,0.233333,5
4702921684,2016-05-03 06:00:00,39,0.65,6
4702921684,2016-05-03 07:00:00,12,0.2,7
4702921684,2016-05-03 08:00:00,5,0.083333,8
4702921684,2016-05-03 09:00:00,20,0.333333,9
4702921684,2016-05-03 10:00:00,3,0.05,10
4702921684,2016-05-03 11:00:00,5,0.083333,11
4702921684,2016-05-03 12:00:00,9,0.15,12
4702921684,2016-05-03 13:00:00,11,0.183333,13
4702921684,2016-05-03 14:00:00,13,0.216667,14
4702921684,2016-05-03 15:00:00,18,0.3,15
4702921684,2016-05-03 16:00:00,10,0.166667,16
4702921684,2016-05-03 17:00:00,21,0.35,17
4702921684,2016-05-03 18:00:00,18,0.3,18
4702921684,2016-05-03 19:00:00,27,0.45,19
4702921684,2016-05-03 20:00:00,31,0.516667,20
4702921684,2016-05-03 21:00:00,34,0.566667,21
4702921684,2016-05-03 22:00:00,18,0.3,22
4702921684,2016-05-03 23:00:00,0,0.0,23
4702921684,2016-05-04 00:00:00,0,0.0,0
4702921684,2016-05-04 01:00:00,2,0.033333,1
4702921684,2016-05-04 02:00:00,0,0.0,2
4702921684,2016-05-04 03:00:00,0,0.0,3
4702921684,2016-05-04 04:00:00,0,0.0,4
4702921684,2016-05-04 05:00:00,2,0.033333,5
4702921684,2016-05-04 06:00:00,23,0.383333,6
4702921684,2016-05-04 07:00:00,9,0.15,7
4702921684,2016-05-04 08:00:00,0,0.0,8
4702921684,2016-05-04 09:00:00,12,0.2,9
4702921684,2016-05-04 10:00:00,31,0.516667,10
4702921684,2016-05-04 11:00:00,0,0.0,11
4702921684,2016-05-04 12:00:00,14,0.233333,12
4702921684,2016-05-04 13:00:00,10,0.166667,13
4702921684,2016-05-04 14:00:00,15,0.25,14
4702921684,2016-05-04 15:00:00,0,0.0,15
4702921684,2016-05-04 16:00:00,1,0.016667,16
4702921684,2016-05-04 17:00:00,30,0.5,17
4702921684,2016-05-04 18:00:00,31,0.516667,18
4702921684,2016-05-04 19:00:00,24,0.4,19
4702921684,2016-05-04 20:00:00,28,0.466667,20
4702921684,2016-05-04 21:00:00,41,0.683333,21
4702921684,2016-05-04 22:00:00,20,0.333333,22
4702921684,2016-05-04 23:00:00,0,0.0,23
4702921684,2016-05-05 00:00:00,0,0.0,0
4702921684,2016-05-05 01:00:00,0,0.0,1
4702921684,2016-05-05 02:00:00,1,0.016667,2
4702921684,2016-05-05 03:00:00,0,0.0,3
4702921684,2016-05-05 04:00:00,0,0.0,4
4702921684,2016-05-05 05:00:00,1,0.016667,5
4702921684,2016-05-05 06:00:00,31,0.516667,6
4702921684,2016-05-05 07:00:00,6,0.1,7
4702921684,2016-05-05 08:00:00,6,0.1,8
4702921684,2016-05-05 09:00:00,45,0.75,9
4702921684,2016-05-05 10:00:00,7,0.116667,10
4702921684,2016-05-05 11:00:00,5,0.083333,11
4702921684,2016-05-05 12:00:00,20,0.333333,12
4702921684,2016-05-05 13:00:00,3,0.05,13
4702921684,2016-05-05 14:00:00,6,0.1,14
4702921684,2016-05-05 15:00:00,0,0.0,15
4702921684,2016-05-05 16:00:00,4,0.066667,16
4702921684,2016-05-05 17:00:00,25,0.416667,17
4702921684,2016-05-05 18:00:00,23,0.383333,18
4702921684,2016-05-05 19:00:00,22,0.366667,19
4702921684,2016-05-05 20:00:00,30,0.5,20
4702921684,2016-05-05 21:00:00,27,0.45,21
4702921684,2016-05-05 22:00:00,13,0.216667,22
4702921684,2016-05-05 23:00:00,0,0.0,23
4702921684,2016-05-06 00:00:00,1,0.016667,0
4702921684,2016-05-06 01:00:00,0,0.0,1
4702921684,2016-05-06 02:00:00,2,0.033333,2
4702921684,2016-05-06 03:00:00,1,0.016667,3
4702921684,2016-05-06 04:00:00,0,0.0,4
4702921684,2016-05-06 05:00:00,0,0.0,5
4702921684,2016-05-06 06:00:00,34,0.566667,6
4702921684,2016-05-06 07:00:00,13,0.216667,7
4702921684,2016-05-06 08:00:00,8,0.133333,8
4702921684,2016-05-06 09:00:00,17,0.283333,9
4702921684,2016-05-06 10:00:00,4,0.066667,10
4702921684,2016-05-06 11:00:00,8,0.133333,11
4702921684,2016-05-06 12:00:00,14,0.233333,12
4702921684,2016-05-06 13:00:00,7,0.116667,13
4702921684,2016-05-06 14:00:00,7,0.116667,14
4702921684,2016-05-06 15:00:00,8,0.133333,15
4702921684,2016-05-06 16:00:00,21,0.35,16
4702921684,2016-05-06 17:00:00,22,0.366667,17
4702921684,2016-05-06 18:00:00,36,0.6,18
4702921684,2016-05-06 19:00:00,20,0.333333,19
4702921684,2016-05-06 20:00:00,11,0.183333,20
4702921684,2016-05-06 21:00:00,8,0.133333,21
4702921684,2016-05-06 22:00:00,0,0.0,22
4702921684,2016-05-06 23:00:00,0,0.0,23
4702921684,2016-05-07 00:00:00,1,0.016667,0
4702921684,2016-05-07 01:00:00,0,0.0,1
4702921684,2016-05-07 02:00:00,0,0.0,2
4702921684,2016-05-07 03:00:00,0,0.0,3
4702921684,2016-05-07 04:00:00,0,0.0,4
4702921684,2016-05-07 05:00:00,0,0.0,5
4702921684,2016-05-07 06:00:00,14,0.233333,6
4702921684,2016-05-07 07:00:00,30,0.5,7
4702921684,2016-05-07 08:00:00,44,0.733333,8
4702921684,2016-05-07 09:00:00,26,0.433333,9
4702921684,2016-05-07 10:00:00,52,0.866667,10
4702921684,2016-05-07 11:00:00,55,0.916667,11
4702921684,2016-05-07 12:00:00,43,0.716667,12
4702921684,2016-05-07 13:00:00,29,0.483333,13
4702921684,2016-05-07 14:00:00,34,0.566667,14
4702921684,2016-05-07 15:00:00,32,0.533333,15
4702921684,2016-05-07 16:00:00,38,0.633333,16
4702921684,2016-05-07 17:00:00,23,0.383333,17
4702921684,2016-05-07 18:00:00,38,0.633333,18
4702921684,2016-05-07 19:00:00,18,0.3,19
4702921684,2016-05-07 20:00:00,50,0.833333,20
4702921684,2016-05-07 21:00:00,18,0.3,21
4702921684,2016-05-07 22:00:00,1,0.016667,22
4702921684,2016-05-07 23:00:00,0,0.0,23
4702921684,2016-05-08 00:00:00,0,0.0,0
4702921684,2016-05-08 01:00:00,0,0.0,1
4702921684,2016-05-08 02:00:00,0,0.0,2
4702921684,2016-05-08 03:00:00,0,0.0,3
4702921684,2016-05-08 04:00:00,0,0.0,4
4702921684,2016-05-08 05:00:00,0,0.0,5
4702921684,2016-05-08 06:00:00,0,0.0,6
4702921684,2016-05-08 07:00:00,0,0.0,7
4702921684,2016-05-08 08:00:00,0,0.0,8
4702921684,2016-05-08 09:00:00,4,0.066667,9
4702921684,2016-05-08 10:00:00,15,0.25,10
4702921684,2016-05-08 11:00:00,55,0.916667,11
4702921684,2016-05-08 12:00:00,89,1.483333,12
4702921684,2016-05-08 13:00:00,47,0.783333,13
4702921684,2016-05-08 14:00:00,85,1.416667,14
4702921684,2016-05-08 15:00:00,37,0.616667,15
4702921684,2016-05-08 16:00:00,76,1.266667,16
4702921684,2016-05-08 17:00:00,13,0.216667,17
4702921684,2016-05-08 18:00:00,18,0.3,18
4702921684,2016-05-08 19:00:00,18,0.3,19
4702921684,2016-05-08 20:00:00,6,0.1,20
4702921684,2016-05-08 21:00:00,2,0.033333,21
4702921684,2016-05-08 22:00:00,4,0.066667,22
4702921684,2016-05-08 23:00:00,0,0.0,23
4702921684,2016-05-09 00:00:00,0,0.0,0
4702921684,2016-05-09 01:00:00,0,0.0,1
4702921684,2016-05-09 02:00:00,0,0.0,2
4702921684,2016-05-09 03:00:00,0,0.0,3
4702921684,2016-05-09 04:00:00,0,0.0,4
4702921684,2016-05-09 05:00:00,0,0.0,5
4702921684,2016-05-09 06:00:00,37,0.616667,6
4702921684,2016-05-09 07:00:00,17,0.283333,7
4702921684,2016-05-09 08:00:00,0,0.0,8
4702921684,2016-05-09 09:00:00,21,0.35,9
4702921684,2016-05-09 10:00:00,10,0.166667,10
4702921684,2016-05-09 11:00:00,6,0.1,11
4702921684,2016-05-09 12:00:00,15,0.25,12
4702921684,2016-05-09 13:00:00,9,0.15,13
4702921684,2016-05-09 14:00:00,8,0.133333,14
4702921684,2016-05-09 15:00:00,12,0.2,15
4702921684,2016-05-09 16:00:00,12,0.2,16
4702921684,2016-05-09 17:00:00,24,0.4,17
4702921684,2016-05-09 18:00:00,29,0.483333,18
4702921684,2016-05-09 19:00:00,17,0.283333,19
4702921684,2016-05-09 20:00:00,26,0.433333,20
4702921684,2016-05-09 21:00:00,20,0.333333,21
4702921684,2016-05-09 22:00:00,12,0.2,22
4702921684,2016-05-09 23:00:00,2,0.033333,23
4702921684,2016-05-10 00:00:00,0,0.0,0
4702921684,2016-05-10 01:00:00,0,0.0,1
4702921684,2016-05-10 02:00:00,0,0.0,2
4702921684,2016-05-10 03:00:00,0,0.0,3
4702921684,2016-05-10 04:00:00,0,0.0,4
4702921684,2016-05-10 05:00:00,0,0.0,5
4702921684,2016-05-10 06:00:00,48,0.8,6
4702921684,2016-05-10 07:00:00,13,0.216667,7
4702921684,2016-05-10 08:00:00,20,0.333333,8
4702921684,2016-05-10 09:00:00,5,0.083333,9
4702921684,2016-05-10 10:00:00,4,0.066667,10
4702921684,2016-05-10 11:00:00,5,0.083333,11
4702921684,2016-05-10 12:00:00,21,0.35,12
4702921684,2016-05-10 13:00:00,5,0.083333,13
4702921684,2016-05-10 14:00:00,4,0.066667,14
4702921684,2016-05-10 15:00:00,9,0.15,15
4702921684,2016-05-10 16:00:00,7,0.116667,16
4702921684,2016-05-10 17:00:00,23,0.383333,17
4702921684,2016-05-10 18:00:00,13,0.216667,18
4702921684,2016-05-10 19:00:00,68,1.133333,19
4702921684,2016-05-10 20:00:00,29,0.483333,20
4702921684,2016-05-10 21:00:00,53,0.883333,21
4702921684,2016-05-10 22:00:00,12,0.2,22
4702921684,2016-05-10 23:00:00,0,0.0,23
4702921684,2016-05-11 00:00:00,0,0.0,0
4702921684,2016-05-11 01:00:00,0,0.0,1
4702921684,2016-05-11 02:00:00,0,0.0,2
4702921684,2016-05-11 03:00:00,0,0.0,3
4702921684,2016-05-11 04:00:00,0,0.0,4
4702921684,2016-05-11 05:00:00,3,0.05,5
4702921684,2016-05-11 06:00:00,21,0.35,6
4702921684,2016-05-11 07:00:00,2,0.033333,7
4702921684,2016-05-11 08:00:00,44,0.733333,8
4702921684,2016-05-11 09:00:00,5,0.083333,9
4702921684,2016-05-11 10:00:00,7,0.116667,10
4702921684,2016-05-11 11:00:00,9,0.15,11
4702921684,2016-05-11 12:00:00,6,0.1,12
4702921684,2016-05-11 13:00:00,9,0.15,13
4702921684,2016-05-11 14:00:00,17,0.283333,14
4702921684,2016-05-11 15:00:00,5,0.083333,15
4702921684,2016-05-11 16:00:00,25,0.416667,16
4702921684,2016-05-11 17:00:00,24,0.4,17
4702921684,2016-05-11 18:00:00,82,1.366667,18
4702921684,2016-05-11 19:00:00,15,0.25,19
4702921684,2016-05-11 20:00:00,13,0.216667,20
4702921684,2016-05-11 21:00:00,40,0.666667,21
4702921684,2016-05-11 22:00:00,20,0.333333,22
4702921684,2016-05-11 23:00:00,0,0.0,23
4702921684,2016-05-12 00:00:00,0,0.0,0
4702921684,2016-05-12 01:00:00,1,0.016667,1
4702921684,2016-05-12 02:00:00,0,0.0,2
4702921684,2016-05-12 03:00:00,0,0.0,3
4702921684,2016-05-12 04:00:00,1,0.016667,4
4702921684,2016-05-12 05:00:00,0,0.0,5
4702921684,2016-05-12 06:00:00,22,0.366667,6
4702921684,2016-05-12 07:00:00,5,0.083333,7
4702921684,2016-05-12 08:00:00,5,0.083333,8
4702921684,2016-05-12 09:00:00,18,0.3,9
4702921684,2016-05-12 10:00:00,16,0.266667,10
5553957443,2016-04-12 00:00:00,1,0.016667,0
5553957443,2016-04-12 01:00:00,0,0.0,1
5553957443,2016-04-12 02:00:00,0,0.0,2
5553957443,2016-04-12 03:00:00,0,0.0,3
5553957443,2016-04-12 04:00:00,0,0.0,4
5553957443,2016-04-12 05:00:00,0,0.0,5
5553957443,2016-04-12 06:00:00,18,0.3,6
5553957443,2016-04-12 07:00:00,47,0.783333,7
5553957443,2016-04-12 08:00:00,29,0.483333,8
5553957443,2016-04-12 09:00:00,2,0.033333,9
5553957443,2016-04-12 10:00:00,2,0.033333,10
5553957443,2016-04-12 11:00:00,2,0.033333,11
5553957443,2016-04-12 12:00:00,15,0.25,12
5553957443,2016-04-12 13:00:00,13,0.216667,13
5553957443,2016-04-12 14:00:00,0,0.0,14
5553957443,2016-04-12 15:00:00,3,0.05,15
5553957443,2016-04-12 16:00:00,58,0.966667,16
5553957443,2016-04-12 17:00:00,27,0.45,17
5553957443,2016-04-12 18:00:00,26,0.433333,18
5553957443,2016-04-12 19:00:00,20,0.333333,19
5553957443,2016-04-12 20:00:00,23,0.383333,20
5553957443,2016-04-12 21:00:00,25,0.416667,21
5553957443,2016-04-12 22:00:00,14,0.233333,22
5553957443,2016-04-12 23:00:00,35,0.583333,23
5553957443,2016-04-13 00:00:00,3,0.05,0
5553957443,2016-04-13 01:00:00,0,0.0,1
5553957443,2016-04-13 02:00:00,0,0.0,2
5553957443,2016-04-13 03:00:00,0,0.0,3
5553957443,2016-04-13 04:00:00,0,0.0,4
5553957443,2016-04-13 05:00:00,0,0.0,5
5553957443,2016-04-13 06:00:00,0,0.0,6
5553957443,2016-04-13 07:00:00,0,0.0,7
5553957443,2016-04-13 08:00:00,7,0.116667,8
5553957443,2016-04-13 09:00:00,7,0.116667,9
5553957443,2016-04-13 10:00:00,11,0.183333,10
5553957443,2016-04-13 11:00:00,3,0.05,11
5553957443,2016-04-13 12:00:00,5,0.083333,12
5553957443,2016-04-13 13:00:00,5,0.083333,13
5553957443,2016-04-13 14:00:00,4,0.066667,14
5553957443,2016-04-13 15:00:00,25,0.416667,15
5553957443,2016-04-13 16:00:00,18,0.3,16
5553957443,2016-04-13 17:00:00,14,0.233333,17
5553957443,2016-04-13 18:00:00,13,0.216667,18
5553957443,2016-04-13 19:00:00,34,0.566667,19
5553957443,2016-04-13 20:00:00,39,0.65,20
5553957443,2016-04-13 21:00:00,20,0.333333,21
5553957443,2016-04-13 22:00:00,18,0.3,22
5553957443,2016-04-13 23:00:00,0,0.0,23
5553957443,2016-04-14 00:00:00,1,0.016667,0
5553957443,2016-04-14 01:00:00,1,0.016667,1
5553957443,2016-04-14 02:00:00,2,0.033333,2
5553957443,2016-04-14 03:00:00,2,0.033333,3
5553957443,2016-04-14 04:00:00,1,0.016667,4
5553957443,2016-04-14 05:00:00,9,0.15,5
5553957443,2016-04-14 06:00:00,43,0.716667,6
5553957443,2016-04-14 07:00:00,51,0.85,7
5553957443,2016-04-14 08:00:00,0,0.0,8
5553957443,2016-04-14 09:00:00,0,0.0,9
5553957443,2016-04-14 10:00:00,4,0.066667,10
5553957443,2016-04-14 11:00:00,0,0.0,11
5553957443,2016-04-14 12:00:00,3,0.05,12
5553957443,2016-04-14 13:00:00,15,0.25,13
5553957443,2016-04-14 14:00:00,95,1.583333,14
5553957443,2016-04-14 15:00:00,13,0.216667,15
5553957443,2016-04-14 16:00:00,41,0.683333,16
5553957443,2016-04-14 17:00:00,144,2.4,17
5553957443,2016-04-14 18:00:00,12,0.2,18
5553957443,2016-04-14 19:00:00,10,0.166667,19
5553957443,2016-04-14 20:00:00,24,0.4,20
5553957443,2016-04-14 21:00:00,31,0.516667,21
5553957443,2016-04-14 22:00:00,15,0.25,22
5553957443,2016-04-14 23:00:00,4,0.066667,23
5553957443,2016-04-15 00:00:00,1,0.016667,0
5553957443,2016-04-15 01:00:00,0,0.0,1
5553957443,2016-04-15 02:00:00,0,0.0,2
5553957443,2016-04-15 03:00:00,1,0.016667,3
5553957443,2016-04-15 04:00:00,0,0.0,4
5553957443,2016-04-15 05:00:00,1,0.016667,5
5553957443,2016-04-15 06:00:00,39,0.65,6
5553957443,2016-04-15 07:00:00,29,0.483333,7
5553957443,2016-04-15 08:00:00,4,0.066667,8
5553957443,2016-04-15 09:00:00,5,0.083333,9
5553957443,2016-04-15 10:00:00,75,1.25,10
5553957443,2016-04-15 11:00:00,50,0.833333,11
5553957443,2016-04-15 12:00:00,23,0.383333,12
5553957443,2016-04-15 13:00:00,1,0.016667,13
5553957443,2016-04-15 14:00:00,84,1.4,14
5553957443,2016-04-15 15:00:00,11,0.183333,15
5553957443,2016-04-15 16:00:00,84,1.4,16
5553957443,2016-04-15 17:00:00,23,0.383333,17
5553957443,2016-04-15 18:00:00,21,0.35,18
5553957443,2016-04-15 19:00:00,10,0.166667,19
5553957443,2016-04-15 20:00:00,0,0.0,20
5553957443,2016-04-15 21:00:00,9,0.15,21
5553957443,2016-04-15 22:00:00,17,0.283333,22
5553957443,2016-04-15 23:00:00,1,0.016667,23
5553957443,2016-04-16 00:00:00,0,0.0,0
5553957443,2016-04-16 01:00:00,1,0.016667,1
5553957443,2016-04-16 02:00:00,0,0.0,2
5553957443,2016-04-16 03:00:00,1,0.016667,3
5553957443,2016-04-16 04:00:00,2,0.033333,4
5553957443,2016-04-16 05:00:00,1,0.016667,5
5553957443,2016-04-16 06:00:00,1,0.016667,6
5553957443,2016-04-16 07:00:00,1,0.016667,7
5553957443,2016-04-16 08:00:00,0,0.0,8
5553957443,2016-04-16 09:00:00,4,0.066667,9
5553957443,2016-04-16 10:00:00,21,0.35,10
5553957443,2016-04-16 11:00:00,2,0.033333,11
5553957443,2016-04-16 12:00:00,1,0.016667,12
5553957443,2016-04-16 13:00:00,13,0.216667,13
5553957443,2016-04-16 14:00:00,27,0.45,14
5553957443,2016-04-16 15:00:00,28,0.466667,15
5553957443,2016-04-16 16:00:00,37,0.616667,16
5553957443,2016-04-16 17:00:00,41,0.683333,17
5553957443,2016-04-16 18:00:00,18,0.3,18
5553957443,2016-04-16 19:00:00,19,0.316667,19
5553957443,2016-04-16 20:00:00,28,0.466667,20
5553957443,2016-04-16 21:00:00,11,0.183333,21
5553957443,2016-04-16 22:00:00,16,0.266667,22
5553957443,2016-04-16 23:00:00,15,0.25,23
5553957443,2016-04-17 00:00:00,3,0.05,0
5553957443,2016-04-17 01:00:00,19,0.316667,1
5553957443,2016-04-17 02:00:00,11,0.183333,2
5553957443,2016-04-17 03:00:00,0,0.0,3
5553957443,2016-04-17 04:00:00,0,0.0,4
5553957443,2016-04-17 05:00:00,2,0.033333,5
5553957443,2016-04-17 06:00:00,0,0.0,6
5553957443,2016-04-17 07:00:00,0,0.0,7
5553957443,2016-04-17 08:00:00,0,0.0,8
5553957443,2016-04-17 09:00:00,2,0.033333,9
5553957443,2016-04-17 10:00:00,0,0.0,10
5553957443,2016-04-17 11:00:00,0,0.0,11
5553957443,2016-04-17 12:00:00,0,0.0,12
5553957443,2016-04-17 13:00:00,0,0.0,13
5553957443,2016-04-17 14:00:00,0,0.0,14
5553957443,2016-04-17 15:00:00,0,0.0,15
5553957443,2016-04-17 16:00:00,0,0.0,16
5553957443,2016-04-17 17:00:00,0,0.0,17
5553957443,2016-04-17 18:00:00,0,0.0,18
5553957443,2016-04-17 19:00:00,0,0.0,19
5553957443,2016-04-17 20:00:00,0,0.0,20
5553957443,2016-04-17 21:00:00,0,0.0,21
5553957443,2016-04-17 22:00:00,7,0.116667,22
5553957443,2016-04-17 23:00:00,2,0.033333,23
5553957443,2016-04-18 00:00:00,0,0.0,0
5553957443,2016-04-18 01:00:00,0,0.0,1
5553957443,2016-04-18 02:00:00,0,0.0,2
5553957443,2016-04-18 03:00:00,1,0.016667,3
5553957443,2016-04-18 04:00:00,1,0.016667,4
5553957443,2016-04-18 05:00:00,1,0.016667,5
5553957443,2016-04-18 06:00:00,6,0.1,6
5553957443,2016-04-18 07:00:00,10,0.166667,7
5553957443,2016-04-18 08:00:00,1,0.016667,8
5553957443,2016-04-18 09:00:00,4,0.066667,9
5553957443,2016-04-18 10:00:00,17,0.283333,10
5553957443,2016-04-18 11:00:00,20,0.333333,11
5553957443,2016-04-18 12:00:00,24,0.4,12
5553957443,2016-04-18 13:00:00,7,0.116667,13
5553957443,2016-04-18 14:00:00,0,0.0,14
5553957443,2016-04-18 15:00:00,25,0.416667,15
5553957443,2016-04-18 16:00:00,1,0.016667,16
5553957443,2016-04-18 17:00:00,31,0.516667,17
5553957443,2016-04-18 18:00:00,13,0.216667,18
5553957443,2016-04-18 19:00:00,0,0.0,19
5553957443,2016-04-18 20:00:00,26,0.433333,20
5553957443,2016-04-18 21:00:00,17,0.283333,21
5553957443,2016-04-18 22:00:00,1,0.016667,22
5553957443,2016-04-18 23:00:00,0,0.0,23
5553957443,2016-04-19 00:00:00,0,0.0,0
5553957443,2016-04-19 01:00:00,0,0.0,1
5553957443,2016-04-19 02:00:00,6,0.1,2
5553957443,2016-04-19 03:00:00,0,0.0,3
5553957443,2016-04-19 04:00:00,1,0.016667,4
5553957443,2016-04-19 05:00:00,0,0.0,5
5553957443,2016-04-19 06:00:00,34,0.566667,6
5553957443,2016-04-19 07:00:00,42,0.7,7
5553957443,2016-04-19 08:00:00,26,0.433333,8
5553957443,2016-04-19 09:00:00,7,0.116667,9
5553957443,2016-04-19 10:00:00,1,0.016667,10
5553957443,2016-04-19 11:00:00,2,0.033333,11
5553957443,2016-04-19 12:00:00,64,1.066667,12
5553957443,2016-04-19 13:00:00,62,1.033333,13
5553957443,2016-04-19 14:00:00,1,0.016667,14
5553957443,2016-04-19 15:00:00,106,1.766667,15
5553957443,2016-04-19 16:00:00,23,0.383333,16
5553957443,2016-04-19 17:00:00,56,0.933333,17
5553957443,2016-04-19 18:00:00,20,0.333333,18
5553957443,2016-04-19 19:00:00,18,0.3,19
5553957443,2016-04-19 20:00:00,8,0.133333,20
5553957443,2016-04-19 21:00:00,26,0.433333,21
5553957443,2016-04-19 22:00:00,9,0.15,22
5553957443,2016-04-19 23:00:00,0,0.0,23
5553957443,2016-04-20 00:00:00,0,0.0,0
5553957443,2016-04-20 01:00:00,1,0.016667,1
5553957443,2016-04-20 02:00:00,2,0.033333,2
5553957443,2016-04-20 03:00:00,0,0.0,3
5553957443,2016-04-20 04:00:00,2,0.033333,4
5553957443,2016-04-20 05:00:00,1,0.016667,5
5553957443,2016-04-20 06:00:00,5,0.083333,6
5553957443,2016-04-20 07:00:00,0,0.0,7
5553957443,2016-04-20 08:00:00,2,0.033333,8
5553957443,2016-04-20 09:00:00,0,0.0,9
5553957443,2016-04-20 10:00:00,5,0.083333,10
5553957443,2016-04-20 11:00:00,5,0.083333,11
5553957443,2016-04-20 12:00:00,19,0.316667,12
5553957443,2016-04-20 13:00:00,23,0.383333,13
5553957443,2016-04-20 14:00:00,10,0.166667,14
5553957443,2016-04-20 15:00:00,4,0.066667,15
5553957443,2016-04-20 16:00:00,7,0.116667,16
5553957443,2016-04-20 17:00:00,5,0.083333,17
5553957443,2016-04-20 18:00:00,1,0.016667,18
5553957443,2016-04-20 19:00:00,4,0.066667,19
5553957443,2016-04-20 20:00:00,22,0.366667,20
5553957443,2016-04-20 21:00:00,13,0.216667,21
5553957443,2016-04-20 22:00:00,16,0.266667,22
5553957443,2016-04-20 23:00:00,1,0.016667,23
5553957443,2016-04-21 00:00:00,0,0.0,0
5553957443,2016-04-21 01:00:00,0,0.0,1
5553957443,2016-04-21 02:00:00,6,0.1,2
5553957443,2016-04-21 03:00:00,0,0.0,3
5553957443,2016-04-21 04:00:00,0,0.0,4
5553957443,2016-04-21 05:00:00,2,0.033333,5
5553957443,2016-04-21 06:00:00,25,0.416667,6
5553957443,2016-04-21 07:00:00,17,0.283333,7
5553957443,2016-04-21 08:00:00,46,0.766667,8
5553957443,2016-04-21 09:00:00,3,0.05,9
5553957443,2016-04-21 10:00:00,2,0.033333,10
5553957443,2016-04-21 11:00:00,5,0.083333,11
5553957443,2016-04-21 12:00:00,9,0.15,12
5553957443,2016-04-21 13:00:00,7,0.116667,13
5553957443,2016-04-21 14:00:00,2,0.033333,14
5553957443,2016-04-21 15:00:00,0,0.0,15
5553957443,2016-04-21 16:00:00,0,0.0,16
5553957443,2016-04-21 17:00:00,104,1.733333,17
5553957443,2016-04-21 18:00:00,78,1.3,18
5553957443,2016-04-21 19:00:00,27,0.45,19
5553957443,2016-04-21 20:00:00,1,0.016667,20
5553957443,2016-04-21 21:00:00,43,0.716667,21
5553957443,2016-04-21 22:00:00,3,0.05,22
5553957443,2016-04-21 23:00:00,22,0.366667,23
5553957443,2016-04-22 00:00:00,0,0.0,0
5553957443,2016-04-22 01:00:00,0,0.0,1
5553957443,2016-04-22 02:00:00,1,0.016667,2
5553957443,2016-04-22 03:00:00,0,0.0,3
5553957443,2016-04-22 04:00:00,0,0.0,4
5553957443,2016-04-22 05:00:00,9,0.15,5
5553957443,2016-04-22 06:00:00,35,0.583333,6
5553957443,2016-04-22 07:00:00,44,0.733333,7
5553957443,2016-04-22 08:00:00,7,0.116667,8
5553957443,2016-04-22 09:00:00,7,0.116667,9
5553957443,2016-04-22 10:00:00,2,0.033333,10
5553957443,2016-04-22 11:00:00,3,0.05,11
5553957443,2016-04-22 12:00:00,10,0.166667,12
5553957443,2016-04-22 13:00:00,12,0.2,13
5553957443,2016-04-22 14:00:00,13,0.216667,14
5553957443,2016-04-22 15:00:00,42,0.7,15
5553957443,2016-04-22 16:00:00,75,1.25,16
5553957443,2016-04-22 17:00:00,16,0.266667,17
5553957443,2016-04-22 18:00:00,15,0.25,18
5553957443,2016-04-22 19:00:00,28,0.466667,19
5553957443,2016-04-22 20:00:00,11,0.183333,20
5553957443,2016-04-22 21:00:00,24,0.4,21
5553957443,2016-04-22 22:00:00,8,0.133333,22
5553957443,2016-04-22 23:00:00,15,0.25,23
5553957443,2016-04-23 00:00:00,17,0.283333,0
5553957443,2016-04-23 01:00:00,2,0.033333,1
5553957443,2016-04-23 02:00:00,1,0.016667,2
5553957443,2016-04-23 03:00:00,0,0.0,3
5553957443,2016-04-23 04:00:00,0,0.0,4
5553957443,2016-04-23 05:00:00,3,0.05,5
5553957443,2016-04-23 06:00:00,1,0.016667,6
5553957443,2016-04-23 07:00:00,0,0.0,7
5553957443,2016-04-23 08:00:00,0,0.0,8
5553957443,2016-04-23 09:00:00,1,0.016667,9
5553957443,2016-04-23 10:00:00,2,0.033333,10
5553957443,2016-04-23 11:00:00,4,0.066667,11
5553957443,2016-04-23 12:00:00,9,0.15,12
5553957443,2016-04-23 13:00:00,2,0.033333,13
5553957443,2016-04-23 14:00:00,0,0.0,14
5553957443,2016-04-23 15:00:00,7,0.116667,15
5553957443,2016-04-23 16:00:00,27,0.45,16
5553957443,2016-04-23 17:00:00,24,0.4,17
5553957443,2016-04-23 18:00:00,35,0.583333,18
5553957443,2016-04-23 19:00:00,31,0.516667,19
5553957443,2016-04-23 20:00:00,28,0.466667,20
5553957443,2016-04-23 21:00:00,26,0.433333,21
5553957443,2016-04-23 22:00:00,20,0.333333,22
5553957443,2016-04-23 23:00:00,32,0.533333,23
5553957443,2016-04-24 00:00:00,9,0.15,0
5553957443,2016-04-24 01:00:00,0,0.0,1
5553957443,2016-04-24 02:00:00,0,0.0,2
5553957443,2016-04-24 03:00:00,1,0.016667,3
5553957443,2016-04-24 04:00:00,4,0.066667,4
5553957443,2016-04-24 05:00:00,3,0.05,5
5553957443,2016-04-24 06:00:00,2,0.033333,6
5553957443,2016-04-24 07:00:00,1,0.016667,7
5553957443,2016-04-24 08:00:00,0,0.0,8
5553957443,2016-04-24 09:00:00,2,0.033333,9
5553957443,2016-04-24 10:00:00,11,0.183333,10
5553957443,2016-04-24 11:00:00,5,0.083333,11
5553957443,2016-04-24 12:00:00,6,0.1,12
5553957443,2016-04-24 13:00:00,2,0.033333,13
5553957443,2016-04-24 14:00:00,4,0.066667,14
5553957443,2016-04-24 15:00:00,0,0.0,15
5553957443,2016-04-24 16:00:00,2,0.033333,16
5553957443,2016-04-24 17:00:00,11,0.183333,17
5553957443,2016-04-24 18:00:00,5,0.083333,18
5553957443,2016-04-24 19:00:00,2,0.033333,19
5553957443,2016-04-24 20:00:00,17,0.283333,20
5553957443,2016-04-24 21:00:00,16,0.266667,21
5553957443,2016-04-24 22:00:00,1,0.016667,22
5553957443,2016-04-24 23:00:00,0,0.0,23
5553957443,2016-04-25 00:00:00,0,0.0,0
5553957443,2016-04-25 01:00:00,0,0.0,1
5553957443,2016-04-25 02:00:00,0,0.0,2
5553957443,2016-04-25 03:00:00,0,0.0,3
5553957443,2016-04-25 04:00:00,0,0.0,4
5553957443,2016-04-25 05:00:00,3,0.05,5
5553957443,2016-04-25 06:00:00,26,0.433333,6
5553957443,2016-04-25 07:00:00,60,1.0,7
5553957443,2016-04-25 08:00:00,2,0.033333,8
5553957443,2016-04-25 09:00:00,2,0.033333,9
5553957443,2016-04-25 10:00:00,3,0.05,10
5553957443,2016-04-25 11:00:00,8,0.133333,11
5553957443,2016-04-25 12:00:00,2,0.033333,12
5553957443,2016-04-25 13:00:00,105,1.75,13
5553957443,2016-04-25 14:00:00,24,0.4,14
5553957443,2016-04-25 15:00:00,8,0.133333,15
5553957443,2016-04-25 16:00:00,7,0.116667,16
5553957443,2016-04-25 17:00:00,50,0.833333,17
5553957443,2016-04-25 18:00:00,25,0.416667,18
5553957443,2016-04-25 19:00:00,21,0.35,19
5553957443,2016-04-25 20:00:00,5,0.083333,20
5553957443,2016-04-25 21:00:00,21,0.35,21
5553957443,2016-04-25 22:00:00,4,0.066667,22
5553957443,2016-04-25 23:00:00,0,0.0,23
5553957443,2016-04-26 00:00:00,0,0.0,0
5553957443,2016-04-26 01:00:00,0,0.0,1
5553957443,2016-04-26 02:00:00,1,0.016667,2
5553957443,2016-04-26 03:00:00,1,0.016667,3
5553957443,2016-04-26 04:00:00,0,0.0,4
5553957443,2016-04-26 05:00:00,1,0.016667,5
5553957443,2016-04-26 06:00:00,38,0.633333,6
5553957443,2016-04-26 07:00:00,55,0.916667,7
5553957443,2016-04-26 08:00:00,2,0.033333,8
5553957443,2016-04-26 09:00:00,6,0.1,9
5553957443,2016-04-26 10:00:00,5,0.083333,10
5553957443,2016-04-26 11:00:00,3,0.05,11
5553957443,2016-04-26 12:00:00,100,1.666667,12
5553957443,2016-04-26 13:00:00,27,0.45,13
5553957443,2016-04-26 14:00:00,4,0.066667,14
5553957443,2016-04-26 15:00:00,0,0.0,15
5553957443,2016-04-26 16:00:00,0,0.0,16
5553957443,2016-04-26 17:00:00,51,0.85,17
5553957443,2016-04-26 18:00:00,20,0.333333,18
5553957443,2016-04-26 19:00:00,17,0.283333,19
5553957443,2016-04-26 20:00:00,18,0.3,20
5553957443,2016-04-26 21:00:00,12,0.2,21
5553957443,2016-04-26 22:00:00,28,0.466667,22
5553957443,2016-04-26 23:00:00,5,0.083333,23
5553957443,2016-04-27 00:00:00,0,0.0,0
5553957443,2016-04-27 01:00:00,0,0.0,1
5553957443,2016-04-27 02:00:00,1,0.016667,2
5553957443,2016-04-27 03:00:00,0,0.0,3
5553957443,2016-04-27 04:00:00,1,0.016667,4
5553957443,2016-04-27 05:00:00,1,0.016667,5
5553957443,2016-04-27 06:00:00,38,0.633333,6
5553957443,2016-04-27 07:00:00,27,0.45,7
5553957443,2016-04-27 08:00:00,9,0.15,8
5553957443,2016-04-27 09:00:00,4,0.066667,9
5553957443,2016-04-27 10:00:00,3,0.05,10
5553957443,2016-04-27 11:00:00,13,0.216667,11
5553957443,2016-04-27 12:00:00,12,0.2,12
5553957443,2016-04-27 13:00:00,9,0.15,13
5553957443,2016-04-27 14:00:00,4,0.066667,14
5553957443,2016-04-27 15:00:00,11,0.183333,15
5553957443,2016-04-27 16:00:00,2,0.033333,16
5553957443,2016-04-27 17:00:00,92,1.533333,17
5553957443,2016-04-27 18:00:00,27,0.45,18
5553957443,2016-04-27 19:00:00,1,0.016667,19
5553957443,2016-04-27 20:00:00,18,0.3,20
5553957443,2016-04-27 21:00:00,13,0.216667,21
5553957443,2016-04-27 22:00:00,0,0.0,22
5553957443,2016-04-27 23:00:00,0,0.0,23
5553957443,2016-04-28 00:00:00,0,0.0,0
5553957443,2016-04-28 01:00:00,0,0.0,1
5553957443,2016-04-28 02:00:00,2,0.033333,2
5553957443,2016-04-28 03:00:00,2,0.033333,3
5553957443,2016-04-28 04:00:00,0,0.0,4
5553957443,2016-04-28 05:00:00,0,0.0,5
5553957443,2016-04-28 06:00:00,6,0.1,6
5553957443,2016-04-28 07:00:00,42,0.7,7
5553957443,2016-04-28 08:00:00,24,0.4,8
5553957443,2016-04-28 09:00:00,7,0.116667,9
5553957443,2016-04-28 10:00:00,8,0.133333,10
5553957443,2016-04-28 11:00:00,5,0.083333,11
5553957443,2016-04-28 12:00:00,6,0.1,12
5553957443,2016-04-28 13:00:00,18,0.3,13
5553957443,2016-04-28 14:00:00,115,1.916667,14
5553957443,2016-04-28 15:00:00,1,0.016667,15
5553957443,2016-04-28 16:00:00,50,0.833333,16
5553957443,2016-04-28 17:00:00,22,0.366667,17
5553957443,2016-04-28 18:00:00,3,0.05,18
5553957443,2016-04-28 19:00:00,7,0.116667,19
5553957443,2016-04-28 20:00:00,6,0.1,20
5553957443,2016-04-28 21:00:00,13,0.216667,21
5553957443,2016-04-28 22:00:00,0,0.0,22
5553957443,2016-04-28 23:00:00,1,0.016667,23
5553957443,2016-04-29 00:00:00,0,0.0,0
5553957443,2016-04-29 01:00:00,0,0.0,1
5553957443,2016-04-29 02:00:00,1,0.016667,2
5553957443,2016-04-29 03:00:00,5,0.083333,3
5553957443,2016-04-29 04:00:00,2,0.033333,4
5553957443,2016-04-29 05:00:00,0,0.0,5
5553957443,2016-04-29 06:00:00,36,0.6,6
5553957443,2016-04-29 07:00:00,62,1.033333,7
5553957443,2016-04-29 08:00:00,4,0.066667,8
5553957443,2016-04-29 09:00:00,0,0.0,9
5553957443,2016-04-29 10:00:00,14,0.233333,10
5553957443,2016-04-29 11:00:00,107,1.783333,11
5553957443,2016-04-29 12:00:00,17,0.283333,12
5553957443,2016-04-29 13:00:00,11,0.183333,13
5553957443,2016-04-29 14:00:00,5,0.083333,14
5553957443,2016-04-29 15:00:00,10,0.166667,15
5553957443,2016-04-29 16:00:00,65,1.083333,16
5553957443,2016-04-29 17:00:00,26,0.433333,17
5553957443,2016-04-29 18:00:00,26,0.433333,18
5553957443,2016-04-29 19:00:00,12,0.2,19
5553957443,2016-04-29 20:00:00,12,0.2,20
5553957443,2016-04-29 21:00:00,5,0.083333,21
5553957443,2016-04-29 22:00:00,1,0.016667,22
5553957443,2016-04-29 23:00:00,17,0.283333,23
5553957443,2016-04-30 00:00:00,0,0.0,0
5553957443,2016-04-30 01:00:00,0,0.0,1
5553957443,2016-04-30 02:00:00,0,0.0,2
5553957443,2016-04-30 03:00:00,0,0.0,3
5553957443,2016-04-30 04:00:00,0,0.0,4
5553957443,2016-04-30 05:00:00,1,0.016667,5
5553957443,2016-04-30 06:00:00,2,0.033333,6
5553957443,2016-04-30 07:00:00,0,0.0,7
5553957443,2016-04-30 08:00:00,0,0.0,8
5553957443,2016-04-30 09:00:00,0,0.0,9
5553957443,2016-04-30 10:00:00,1,0.016667,10
5553957443,2016-04-30 11:00:00,8,0.133333,11
5553957443,2016-04-30 12:00:00,8,0.133333,12
5553957443,2016-04-30 13:00:00,0,0.0,13
5553957443,2016-04-30 14:00:00,2,0.033333,14
5553957443,2016-04-30 15:00:00,2,0.033333,15
5553957443,2016-04-30 16:00:00,1,0.016667,16
5553957443,2016-04-30 17:00:00,3,0.05,17
5553957443,2016-04-30 18:00:00,4,0.066667,18
5553957443,2016-04-30 19:00:00,24,0.4,19
5553957443,2016-04-30 20:00:00,3,0.05,20
5553957443,2016-04-30 21:00:00,6,0.1,21
5553957443,2016-04-30 22:00:00,13,0.216667,22
5553957443,2016-04-30 23:00:00,6,0.1,23
5553957443,2016-05-01 00:00:00,0,0.0,0
5553957443,2016-05-01 01:00:00,0,0.0,1
5553957443,2016-05-01 02:00:00,0,0.0,2
5553957443,2016-05-01 03:00:00,0,0.0,3
5553957443,2016-05-01 04:00:00,0,0.0,4
5553957443,2016-05-01 05:00:00,5,0.083333,5
5553957443,2016-05-01 06:00:00,1,0.016667,6
5553957443,2016-05-01 07:00:00,0,0.0,7
5553957443,2016-05-01 08:00:00,2,0.033333,8
5553957443,2016-05-01 09:00:00,13,0.216667,9
5553957443,2016-05-01 10:00:00,33,0.55,10
5553957443,2016-05-01 11:00:00,22,0.366667,11
5553957443,2016-05-01 12:00:00,40,0.666667,12
5553957443,2016-05-01 13:00:00,27,0.45,13
5553957443,2016-05-01 14:00:00,8,0.133333,14
5553957443,2016-05-01 15:00:00,0,0.0,15
5553957443,2016-05-01 16:00:00,7,0.116667,16
5553957443,2016-05-01 17:00:00,17,0.283333,17
5553957443,2016-05-01 18:00:00,8,0.133333,18
5553957443,2016-05-01 19:00:00,32,0.533333,19
5553957443,2016-05-01 20:00:00,14,0.233333,20
5553957443,2016-05-01 21:00:00,3,0.05,21
5553957443,2016-05-01 22:00:00,5,0.083333,22
5553957443,2016-05-01 23:00:00,0,0.0,23
5553957443,2016-05-02 00:00:00,0,0.0,0
5553957443,2016-05-02 01:00:00,0,0.0,1
5553957443,2016-05-02 02:00:00,1,0.016667,2
5553957443,2016-05-02 03:00:00,0,0.0,3
5553957443,2016-05-02 04:00:00,0,0.0,4
5553957443,2016-05-02 05:00:00,2,0.033333,5
5553957443,2016-05-02 06:00:00,34,0.566667,6
5553957443,2016-05-02 07:00:00,27,0.45,7
5553957443,2016-05-02 08:00:00,8,0.133333,8
5553957443,2016-05-02 09:00:00,8,0.133333,9
5553957443,2016-05-02 10:00:00,8,0.133333,10
5553957443,2016-05-02 11:00:00,10,0.166667,11
5553957443,2016-05-02 12:00:00,5,0.083333,12
5553957443,2016-05-02 13:00:00,5,0.083333,13
5553957443,2016-05-02 14:00:00,3,0.05,14
5553957443,2016-05-02 15:00:00,4,0.066667,15
5553957443,2016-05-02 16:00:00,94,1.566667,16
5553957443,2016-05-02 17:00:00,51,0.85,17
5553957443,2016-05-02 18:00:00,22,0.366667,18
5553957443,2016-05-02 19:00:00,12,0.2,19
5553957443,2016-05-02 20:00:00,10,0.166667,20
5553957443,2016-05-02 21:00:00,8,0.133333,21
5553957443,2016-05-02 22:00:00,2,0.033333,22
5553957443,2016-05-02 23:00:00,0,0.0,23
5553957443,2016-05-03 00:00:00,4,0.066667,0
5553957443,2016-05-03 01:00:00,1,0.016667,1
5553957443,2016-05-03 02:00:00,1,0.016667,2
5553957443,2016-05-03 03:00:00,1,0.016667,3
5553957443,2016-05-03 04:00:00,0,0.0,4
5553957443,2016-05-03 05:00:00,14,0.233333,5
5553957443,2016-05-03 06:00:00,41,0.683333,6
5553957443,2016-05-03 07:00:00,17,0.283333,7
5553957443,2016-05-03 08:00:00,0,0.0,8
5553957443,2016-05-03 09:00:00,5,0.083333,9
5553957443,2016-05-03 10:00:00,7,0.116667,10
5553957443,2016-05-03 11:00:00,4,0.066667,11
5553957443,2016-05-03 12:00:00,17,0.283333,12
5553957443,2016-05-03 13:00:00,1,0.016667,13
5553957443,2016-05-03 14:00:00,0,0.0,14
5553957443,2016-05-03 15:00:00,2,0.033333,15
5553957443,2016-05-03 16:00:00,64,1.066667,16
5553957443,2016-05-03 17:00:00,72,1.2,17
5553957443,2016-05-03 18:00:00,21,0.35,18
5553957443,2016-05-03 19:00:00,42,0.7,19
5553957443,2016-05-03 20:00:00,34,0.566667,20
5553957443,2016-05-03 21:00:00,7,0.116667,21
5553957443,2016-05-03 22:00:00,17,0.283333,22
5553957443,2016-05-03 23:00:00,11,0.183333,23
5553957443,2016-05-04 00:00:00,11,0.183333,0
5553957443,2016-05-04 01:00:00,0,0.0,1
5553957443,2016-05-04 02:00:00,1,0.016667,2
5553957443,2016-05-04 03:00:00,0,0.0,3
5553957443,2016-05-04 04:00:00,0,0.0,4
5553957443,2016-05-04 05:00:00,0,0.0,5
5553957443,2016-05-04 06:00:00,4,0.066667,6
5553957443,2016-05-04 07:00:00,0,0.0,7
5553957443,2016-05-04 08:00:00,6,0.1,8
5553957443,2016-05-04 09:00:00,3,0.05,9
5553957443,2016-05-04 10:00:00,5,0.083333,10
5553957443,2016-05-04 11:00:00,1,0.016667,11
5553957443,2016-05-04 12:00:00,7,0.116667,12
5553957443,2016-05-04 13:00:00,9,0.15,13
5553957443,2016-05-04 14:00:00,20,0.333333,14
5553957443,2016-05-04 15:00:00,24,0.4,15
5553957443,2016-05-04 16:00:00,17,0.283333,16
5553957443,2016-05-04 17:00:00,29,0.483333,17
5553957443,2016-05-04 18:00:00,25,0.416667,18
5553957443,2016-05-04 19:00:00,30,0.5,19
5553957443,2016-05-04 20:00:00,6,0.1,20
5553957443,2016-05-04 21:00:00,19,0.316667,21
5553957443,2016-05-04 22:00:00,7,0.116667,22
5553957443,2016-05-04 23:00:00,0,0.0,23
5553957443,2016-05-05 00:00:00,0,0.0,0
5553957443,2016-05-05 01:00:00,1,0.016667,1
5553957443,2016-05-05 02:00:00,0,0.0,2
5553957443,2016-05-05 03:00:00,0,0.0,3
5553957443,2016-05-05 04:00:00,0,0.0,4
5553957443,2016-05-05 05:00:00,1,0.016667,5
5553957443,2016-05-05 06:00:00,19,0.316667,6
5553957443,2016-05-05 07:00:00,30,0.5,7
5553957443,2016-05-05 08:00:00,45,0.75,8
5553957443,2016-05-05 09:00:00,10,0.166667,9
5553957443,2016-05-05 10:00:00,2,0.033333,10
5553957443,2016-05-05 11:00:00,3,0.05,11
5553957443,2016-05-05 12:00:00,9,0.15,12
5553957443,2016-05-05 13:00:00,6,0.1,13
5553957443,2016-05-05 14:00:00,13,0.216667,14
5553957443,2016-05-05 15:00:00,3,0.05,15
5553957443,2016-05-05 16:00:00,80,1.333333,16
5553957443,2016-05-05 17:00:00,87,1.45,17
5553957443,2016-05-05 18:00:00,14,0.233333,18
5553957443,2016-05-05 19:00:00,25,0.416667,19
5553957443,2016-05-05 20:00:00,43,0.716667,20
5553957443,2016-05-05 21:00:00,19,0.316667,21
5553957443,2016-05-05 22:00:00,20,0.333333,22
5553957443,2016-05-05 23:00:00,1,0.016667,23
5553957443,2016-05-06 00:00:00,0,0.0,0
5553957443,2016-05-06 01:00:00,0,0.0,1
5553957443,2016-05-06 02:00:00,0,0.0,2
5553957443,2016-05-06 03:00:00,1,0.016667,3
5553957443,2016-05-06 04:00:00,4,0.066667,4
5553957443,2016-05-06 05:00:00,1,0.016667,5
5553957443,2016-05-06 06:00:00,12,0.2,6
5553957443,2016-05-06 07:00:00,38,0.633333,7
5553957443,2016-05-06 08:00:00,52,0.866667,8
5553957443,2016-05-06 09:00:00,3,0.05,9
5553957443,2016-05-06 10:00:00,1,0.016667,10
5553957443,2016-05-06 11:00:00,4,0.066667,11
5553957443,2016-05-06 12:00:00,9,0.15,12
5553957443,2016-05-06 13:00:00,2,0.033333,13
5553957443,2016-05-06 14:00:00,17,0.283333,14
5553957443,2016-05-06 15:00:00,3,0.05,15
5553957443,2016-05-06 16:00:00,0,0.0,16
5553957443,2016-05-06 17:00:00,56,0.933333,17
5553957443,2016-05-06 18:00:00,31,0.516667,18
5553957443,2016-05-06 19:00:00,31,0.516667,19
5553957443,2016-05-06 20:00:00,21,0.35,20
5553957443,2016-05-06 21:00:00,2,0.033333,21
5553957443,2016-05-06 22:00:00,22,0.366667,22
5553957443,2016-05-06 23:00:00,0,0.0,23
5553957443,2016-05-07 00:00:00,0,0.0,0
5553957443,2016-05-07 01:00:00,1,0.016667,1
5553957443,2016-05-07 02:00:00,0,0.0,2
5553957443,2016-05-07 03:00:00,0,0.0,3
5553957443,2016-05-07 04:00:00,0,0.0,4
5553957443,2016-05-07 05:00:00,0,0.0,5
5553957443,2016-05-07 06:00:00,0,0.0,6
5553957443,2016-05-07 07:00:00,6,0.1,7
5553957443,2016-05-07 08:00:00,0,0.0,8
5553957443,2016-05-07 09:00:00,0,0.0,9
5553957443,2016-05-07 10:00:00,0,0.0,10
5553957443,2016-05-07 11:00:00,0,0.0,11
5553957443,2016-05-07 12:00:00,0,0.0,12
5553957443,2016-05-07 13:00:00,0,0.0,13
5553957443,2016-05-07 14:00:00,2,0.033333,14
5553957443,2016-05-07 15:00:00,0,0.0,15
5553957443,2016-05-07 16:00:00,0,0.0,16
5553957443,2016-05-07 17:00:00,10,0.166667,17
5553957443,2016-05-07 18:00:00,20,0.333333,18
5553957443,2016-05-07 19:00:00,9,0.15,19
5553957443,2016-05-07 20:00:00,6,0.1,20
5553957443,2016-05-07 21:00:00,10,0.166667,21
5553957443,2016-05-07 22:00:00,19,0.316667,22
5553957443,2016-05-07 23:00:00,13,0.216667,23
5553957443,2016-05-08 00:00:00,0,0.0,0
5553957443,2016-05-08 01:00:00,0,0.0,1
5553957443,2016-05-08 02:00:00,0,0.0,2
5553957443,2016-05-08 03:00:00,0,0.0,3
5553957443,2016-05-08 04:00:00,3,0.05,4
5553957443,2016-05-08 05:00:00,1,0.016667,5
5553957443,2016-05-08 06:00:00,1,0.016667,6
5553957443,2016-05-08 07:00:00,0,0.0,7
5553957443,2016-05-08 08:00:00,0,0.0,8
5553957443,2016-05-08 09:00:00,8,0.133333,9
5553957443,2016-05-08 10:00:00,23,0.383333,10
5553957443,2016-05-08 11:00:00,1,0.016667,11
5553957443,2016-05-08 12:00:00,35,0.583333,12
5553957443,2016-05-08 13:00:00,26,0.433333,13
5553957443,2016-05-08 14:00:00,6,0.1,14
5553957443,2016-05-08 15:00:00,10,0.166667,15
5553957443,2016-05-08 16:00:00,20,0.333333,16
5553957443,2016-05-08 17:00:00,13,0.216667,17
5553957443,2016-05-08 18:00:00,24,0.4,18
5553957443,2016-05-08 19:00:00,37,0.616667,19
5553957443,2016-05-08 20:00:00,9,0.15,20
5553957443,2016-05-08 21:00:00,17,0.283333,21
5553957443,2016-05-08 22:00:00,1,0.016667,22
5553957443,2016-05-08 23:00:00,0,0.0,23
5553957443,2016-05-09 00:00:00,3,0.05,0
5553957443,2016-05-09 01:00:00,1,0.016667,1
5553957443,2016-05-09 02:00:00,0,0.0,2
5553957443,2016-05-09 03:00:00,1,0.016667,3
5553957443,2016-05-09 04:00:00,0,0.0,4
5553957443,2016-05-09 05:00:00,0,0.0,5
5553957443,2016-05-09 06:00:00,29,0.483333,6
5553957443,2016-05-09 07:00:00,42,0.7,7
5553957443,2016-05-09 08:00:00,37,0.616667,8
5553957443,2016-05-09 09:00:00,1,0.016667,9
5553957443,2016-05-09 10:00:00,10,0.166667,10
5553957443,2016-05-09 11:00:00,6,0.1,11
5553957443,2016-05-09 12:00:00,6,0.1,12
5553957443,2016-05-09 13:00:00,2,0.033333,13
5553957443,2016-05-09 14:00:00,1,0.016667,14
5553957443,2016-05-09 15:00:00,0,0.0,15
5553957443,2016-05-09 16:00:00,83,1.383333,16
5553957443,2016-05-09 17:00:00,99,1.65,17
5553957443,2016-05-09 18:00:00,54,0.9,18
5553957443,2016-05-09 19:00:00,51,0.85,19
5553957443,2016-05-09 20:00:00,25,0.416667,20
5553957443,2016-05-09 21:00:00,12,0.2,21
5553957443,2016-05-09 22:00:00,9,0.15,22
5553957443,2016-05-09 23:00:00,0,0.0,23
5553957443,2016-05-10 00:00:00,0,0.0,0
5553957443,2016-05-10 01:00:00,0,0.0,1
5553957443,2016-05-10 02:00:00,0,0.0,2
5553957443,2016-05-10 03:00:00,4,0.066667,3
5553957443,2016-05-10 04:00:00,0,0.0,4
5553957443,2016-05-10 05:00:00,0,0.0,5
5553957443,2016-05-10 06:00:00,37,0.616667,6
5553957443,2016-05-10 07:00:00,58,0.966667,7
5553957443,2016-05-10 08:00:00,2,0.033333,8
5553957443,2016-05-10 09:00:00,0,0.0,9
5553957443,2016-05-10 10:00:00,1,0.016667,10
5553957443,2016-05-10 11:00:00,102,1.7,11
5553957443,2016-05-10 12:00:00,103,1.716667,12
5553957443,2016-05-10 13:00:00,9,0.15,13
5553957443,2016-05-10 14:00:00,0,0.0,14
5553957443,2016-05-10 15:00:00,3,0.05,15
5553957443,2016-05-10 16:00:00,10,0.166667,16
5553957443,2016-05-10 17:00:00,60,1.0,17
5553957443,2016-05-10 18:00:00,27,0.45,18
5553957443,2016-05-10 19:00:00,18,0.3,19
5553957443,2016-05-10 20:00:00,24,0.4,20
5553957443,2016-05-10 21:00:00,24,0.4,21
5553957443,2016-05-10 22:00:00,25,0.416667,22
5553957443,2016-05-10 23:00:00,21,0.35,23
5553957443,2016-05-11 00:00:00,5,0.083333,0
5553957443,2016-05-11 01:00:00,0,0.0,1
5553957443,2016-05-11 02:00:00,1,0.016667,2
5553957443,2016-05-11 03:00:00,0,0.0,3
5553957443,2016-05-11 04:00:00,0,0.0,4
5553957443,2016-05-11 05:00:00,0,0.0,5
5553957443,2016-05-11 06:00:00,1,0.016667,6
5553957443,2016-05-11 07:00:00,0,0.0,7
5553957443,2016-05-11 08:00:00,14,0.233333,8
5553957443,2016-05-11 09:00:00,5,0.083333,9
5553957443,2016-05-11 10:00:00,20,0.333333,10
5553957443,2016-05-11 11:00:00,9,0.15,11
5553957443,2016-05-11 12:00:00,21,0.35,12
5553957443,2016-05-11 13:00:00,2,0.033333,13
5553957443,2016-05-11 14:00:00,25,0.416667,14
5553957443,2016-05-11 15:00:00,16,0.266667,15
5553957443,2016-05-11 16:00:00,9,0.15,16
5553957443,2016-05-11 17:00:00,1,0.016667,17
5553957443,2016-05-11 18:00:00,21,0.35,18
5553957443,2016-05-11 19:00:00,11,0.183333,19
5553957443,2016-05-11 20:00:00,12,0.2,20
5553957443,2016-05-11 21:00:00,21,0.35,21
5553957443,2016-05-11 22:00:00,0,0.0,22
5553957443,2016-05-11 23:00:00,1,0.016667,23
5553957443,2016-05-12 00:00:00,1,0.016667,0
5553957443,2016-05-12 01:00:00,1,0.016667,1
5553957443,2016-05-12 02:00:00,4,0.066667,2
5553957443,2016-05-12 03:00:00,0,0.0,3
5553957443,2016-05-12 04:00:00,0,0.0,4
5553957443,2016-05-12 05:00:00,3,0.05,5
5553957443,2016-05-12 06:00:00,21,0.35,6
5553957443,2016-05-12 07:00:00,54,0.9,7
5553957443,2016-05-12 08:00:00,0,0.0,8
5553957443,2016-05-12 09:00:00,0,0.0,9
5577150313,2016-04-12 00:00:00,0,0.0,0
5577150313,2016-04-12 01:00:00,0,0.0,1
5577150313,2016-04-12 02:00:00,0,0.0,2
5577150313,2016-04-12 03:00:00,0,0.0,3
5577150313,2016-04-12 04:00:00,0,0.0,4
5577150313,2016-04-12 05:00:00,3,0.05,5
5577150313,2016-04-12 06:00:00,126,2.1,6
5577150313,2016-04-12 07:00:00,20,0.333333,7
5577150313,2016-04-12 08:00:00,9,0.15,8
5577150313,2016-04-12 09:00:00,14,0.233333,9
5577150313,2016-04-12 10:00:00,23,0.383333,10
5577150313,2016-04-12 11:00:00,49,0.816667,11
5577150313,2016-04-12 12:00:00,5,0.083333,12
5577150313,2016-04-12 13:00:00,4,0.066667,13
5577150313,2016-04-12 14:00:00,1,0.016667,14
5577150313,2016-04-12 15:00:00,7,0.116667,15
5577150313,2016-04-12 16:00:00,52,0.866667,16
5577150313,2016-04-12 17:00:00,15,0.25,17
5577150313,2016-04-12 18:00:00,8,0.133333,18
5577150313,2016-04-12 19:00:00,79,1.316667,19
5577150313,2016-04-12 20:00:00,8,0.133333,20
5577150313,2016-04-12 21:00:00,5,0.083333,21
5577150313,2016-04-12 22:00:00,2,0.033333,22
5577150313,2016-04-12 23:00:00,0,0.0,23
5577150313,2016-04-13 00:00:00,0,0.0,0
5577150313,2016-04-13 01:00:00,0,0.0,1
5577150313,2016-04-13 02:00:00,1,0.016667,2
5577150313,2016-04-13 03:00:00,1,0.016667,3
5577150313,2016-04-13 04:00:00,2,0.033333,4
5577150313,2016-04-13 05:00:00,4,0.066667,5
5577150313,2016-04-13 06:00:00,49,0.816667,6
5577150313,2016-04-13 07:00:00,9,0.15,7
5577150313,2016-04-13 08:00:00,11,0.183333,8
5577150313,2016-04-13 09:00:00,5,0.083333,9
5577150313,2016-04-13 10:00:00,14,0.233333,10
5577150313,2016-04-13 11:00:00,9,0.15,11
5577150313,2016-04-13 12:00:00,0,0.0,12
5577150313,2016-04-13 13:00:00,0,0.0,13
5577150313,2016-04-13 14:00:00,0,0.0,14
5577150313,2016-04-13 15:00:00,0,0.0,15
5577150313,2016-04-13 16:00:00,0,0.0,16
5577150313,2016-04-13 17:00:00,30,0.5,17
5577150313,2016-04-13 18:00:00,0,0.0,18
5577150313,2016-04-13 19:00:00,11,0.183333,19
5577150313,2016-04-13 20:00:00,62,1.033333,20
5577150313,2016-04-13 21:00:00,3,0.05,21
5577150313,2016-04-13 22:00:00,0,0.0,22
5577150313,2016-04-13 23:00:00,0,0.0,23
5577150313,2016-04-14 00:00:00,3,0.05,0
5577150313,2016-04-14 01:00:00,0,0.0,1
5577150313,2016-04-14 02:00:00,0,0.0,2
5577150313,2016-04-14 03:00:00,0,0.0,3
5577150313,2016-04-14 04:00:00,1,0.016667,4
5577150313,2016-04-14 05:00:00,11,0.183333,5
5577150313,2016-04-14 06:00:00,116,1.933333,6
5577150313,2016-04-14 07:00:00,27,0.45,7
5577150313,2016-04-14 08:00:00,3,0.05,8
5577150313,2016-04-14 09:00:00,6,0.1,9
5577150313,2016-04-14 10:00:00,0,0.0,10
5577150313,2016-04-14 11:00:00,70,1.166667,11
5577150313,2016-04-14 12:00:00,15,0.25,12
5577150313,2016-04-14 13:00:00,8,0.133333,13
5577150313,2016-04-14 14:00:00,134,2.233333,14
5577150313,2016-04-14 15:00:00,65,1.083333,15
5577150313,2016-04-14 16:00:00,67,1.116667,16
5577150313,2016-04-14 17:00:00,10,0.166667,17
5577150313,2016-04-14 18:00:00,4,0.066667,18
5577150313,2016-04-14 19:00:00,29,0.483333,19
5577150313,2016-04-14 20:00:00,15,0.25,20
5577150313,2016-04-14 21:00:00,5,0.083333,21
5577150313,2016-04-14 22:00:00,1,0.016667,22
5577150313,2016-04-14 23:00:00,0,0.0,23
5577150313,2016-04-15 00:00:00,3,0.05,0
5577150313,2016-04-15 01:00:00,0,0.0,1
5577150313,2016-04-15 02:00:00,1,0.016667,2
5577150313,2016-04-15 03:00:00,1,0.016667,3
5577150313,2016-04-15 04:00:00,1,0.016667,4
5577150313,2016-04-15 05:00:00,16,0.266667,5
5577150313,2016-04-15 06:00:00,113,1.883333,6
5577150313,2016-04-15 07:00:00,25,0.416667,7
5577150313,2016-04-15 08:00:00,12,0.2,8
5577150313,2016-04-15 09:00:00,13,0.216667,9
5577150313,2016-04-15 10:00:00,8,0.133333,10
5577150313,2016-04-15 11:00:00,48,0.8,11
5577150313,2016-04-15 12:00:00,22,0.366667,12
5577150313,2016-04-15 13:00:00,19,0.316667,13
5577150313,2016-04-15 14:00:00,39,0.65,14
5577150313,2016-04-15 15:00:00,71,1.183333,15
5577150313,2016-04-15 16:00:00,16,0.266667,16
5577150313,2016-04-15 17:00:00,5,0.083333,17
5577150313,2016-04-15 18:00:00,54,0.9,18
5577150313,2016-04-15 19:00:00,92,1.533333,19
5577150313,2016-04-15 20:00:00,88,1.466667,20
5577150313,2016-04-15 21:00:00,1,0.016667,21
5577150313,2016-04-15 22:00:00,4,0.066667,22
5577150313,2016-04-15 23:00:00,0,0.0,23
5577150313,2016-04-16 00:00:00,4,0.066667,0
5577150313,2016-04-16 01:00:00,1,0.016667,1
5577150313,2016-04-16 02:00:00,3,0.05,2
5577150313,2016-04-16 03:00:00,1,0.016667,3
5577150313,2016-04-16 04:00:00,0,0.0,4
5577150313,2016-04-16 05:00:00,0,0.0,5
5577150313,2016-04-16 06:00:00,74,1.233333,6
5577150313,2016-04-16 07:00:00,114,1.9,7
5577150313,2016-04-16 08:00:00,5,0.083333,8
5577150313,2016-04-16 09:00:00,1,0.016667,9
5577150313,2016-04-16 10:00:00,78,1.3,10
5577150313,2016-04-16 11:00:00,59,0.983333,11
5577150313,2016-04-16 12:00:00,34,0.566667,12
5577150313,2016-04-16 13:00:00,125,2.083333,13
5577150313,2016-04-16 14:00:00,180,3.0,14
5577150313,2016-04-16 15:00:00,26,0.433333,15
5577150313,2016-04-16 16:00:00,8,0.133333,16
5577150313,2016-04-16 17:00:00,22,0.366667,17
5577150313,2016-04-16 18:00:00,54,0.9,18
5577150313,2016-04-16 19:00:00,23,0.383333,19
5577150313,2016-04-16 20:00:00,9,0.15,20
5577150313,2016-04-16 21:00:00,0,0.0,21
5577150313,2016-04-16 22:00:00,1,0.016667,22
5577150313,2016-04-16 23:00:00,0,0.0,23
5577150313,2016-04-17 00:00:00,1,0.016667,0
5577150313,2016-04-17 01:00:00,0,0.0,1
5577150313,2016-04-17 02:00:00,3,0.05,2
5577150313,2016-04-17 03:00:00,0,0.0,3
5577150313,2016-04-17 04:00:00,1,0.016667,4
5577150313,2016-04-17 05:00:00,1,0.016667,5
5577150313,2016-04-17 06:00:00,67,1.116667,6
5577150313,2016-04-17 07:00:00,96,1.6,7
5577150313,2016-04-17 08:00:00,23,0.383333,8
5577150313,2016-04-17 09:00:00,41,0.683333,9
5577150313,2016-04-17 10:00:00,56,0.933333,10
5577150313,2016-04-17 11:00:00,99,1.65,11
5577150313,2016-04-17 12:00:00,152,2.533333,12
5577150313,2016-04-17 13:00:00,116,1.933333,13
5577150313,2016-04-17 14:00:00,37,0.616667,14
5577150313,2016-04-17 15:00:00,15,0.25,15
5577150313,2016-04-17 16:00:00,2,0.033333,16
5577150313,2016-04-17 17:00:00,1,0.016667,17
5577150313,2016-04-17 18:00:00,35,0.583333,18
5577150313,2016-04-17 19:00:00,8,0.133333,19
5577150313,2016-04-17 20:00:00,22,0.366667,20
5577150313,2016-04-17 21:00:00,56,0.933333,21
5577150313,2016-04-17 22:00:00,1,0.016667,22
5577150313,2016-04-17 23:00:00,0,0.0,23
5577150313,2016-04-18 00:00:00,0,0.0,0
5577150313,2016-04-18 01:00:00,0,0.0,1
5577150313,2016-04-18 02:00:00,0,0.0,2
5577150313,2016-04-18 03:00:00,0,0.0,3
5577150313,2016-04-18 04:00:00,0,0.0,4
5577150313,2016-04-18 05:00:00,1,0.016667,5
5577150313,2016-04-18 06:00:00,0,0.0,6
5577150313,2016-04-18 07:00:00,12,0.2,7
5577150313,2016-04-18 08:00:00,4,0.066667,8
5577150313,2016-04-18 09:00:00,128,2.133333,9
5577150313,2016-04-18 10:00:00,172,2.866667,10
5577150313,2016-04-18 11:00:00,12,0.2,11
5577150313,2016-04-18 12:00:00,7,0.116667,12
5577150313,2016-04-18 13:00:00,1,0.016667,13
5577150313,2016-04-18 14:00:00,21,0.35,14
5577150313,2016-04-18 15:00:00,13,0.216667,15
5577150313,2016-04-18 16:00:00,11,0.183333,16
5577150313,2016-04-18 17:00:00,6,0.1,17
5577150313,2016-04-18 18:00:00,48,0.8,18
5577150313,2016-04-18 19:00:00,68,1.133333,19
5577150313,2016-04-18 20:00:00,16,0.266667,20
5577150313,2016-04-18 21:00:00,14,0.233333,21
5577150313,2016-04-18 22:00:00,0,0.0,22
5577150313,2016-04-18 23:00:00,2,0.033333,23
5577150313,2016-04-19 00:00:00,0,0.0,0
5577150313,2016-04-19 01:00:00,0,0.0,1
5577150313,2016-04-19 02:00:00,0,0.0,2
5577150313,2016-04-19 03:00:00,0,0.0,3
5577150313,2016-04-19 04:00:00,0,0.0,4
5577150313,2016-04-19 05:00:00,0,0.0,5
5577150313,2016-04-19 06:00:00,3,0.05,6
5577150313,2016-04-19 07:00:00,115,1.916667,7
5577150313,2016-04-19 08:00:00,65,1.083333,8
5577150313,2016-04-19 09:00:00,2,0.033333,9
5577150313,2016-04-19 10:00:00,8,0.133333,10
5577150313,2016-04-19 11:00:00,5,0.083333,11
5577150313,2016-04-19 12:00:00,19,0.316667,12
5577150313,2016-04-19 13:00:00,16,0.266667,13
5577150313,2016-04-19 14:00:00,81,1.35,14
5577150313,2016-04-19 15:00:00,21,0.35,15
5577150313,2016-04-19 16:00:00,20,0.333333,16
5577150313,2016-04-19 17:00:00,0,0.0,17
5577150313,2016-04-19 18:00:00,8,0.133333,18
5577150313,2016-04-19 19:00:00,5,0.083333,19
5577150313,2016-04-19 20:00:00,105,1.75,20
5577150313,2016-04-19 21:00:00,5,0.083333,21
5577150313,2016-04-19 22:00:00,2,0.033333,22
5577150313,2016-04-19 23:00:00,1,0.016667,23
5577150313,2016-04-20 00:00:00,0,0.0,0
5577150313,2016-04-20 01:00:00,0,0.0,1
5577150313,2016-04-20 02:00:00,1,0.016667,2
5577150313,2016-04-20 03:00:00,1,0.016667,3
5577150313,2016-04-20 04:00:00,1,0.016667,4
5577150313,2016-04-20 05:00:00,0,0.0,5
5577150313,2016-04-20 06:00:00,0,0.0,6
5577150313,2016-04-20 07:00:00,0,0.0,7
5577150313,2016-04-20 08:00:00,124,2.066667,8
5577150313,2016-04-20 09:00:00,46,0.766667,9
5577150313,2016-04-20 10:00:00,42,0.7,10
5577150313,2016-04-20 11:00:00,29,0.483333,11
5577150313,2016-04-20 12:00:00,30,0.5,12
5577150313,2016-04-20 13:00:00,17,0.283333,13
5577150313,2016-04-20 14:00:00,12,0.2,14
5577150313,2016-04-20 15:00:00,1,0.016667,15
5577150313,2016-04-20 16:00:00,12,0.2,16
5577150313,2016-04-20 17:00:00,7,0.116667,17
5577150313,2016-04-20 18:00:00,21,0.35,18
5577150313,2016-04-20 19:00:00,41,0.683333,19
5577150313,2016-04-20 20:00:00,12,0.2,20
5577150313,2016-04-20 21:00:00,2,0.033333,21
5577150313,2016-04-20 22:00:00,5,0.083333,22
5577150313,2016-04-20 23:00:00,2,0.033333,23
5577150313,2016-04-21 00:00:00,0,0.0,0
5577150313,2016-04-21 01:00:00,0,0.0,1
5577150313,2016-04-21 02:00:00,1,0.016667,2
5577150313,2016-04-21 03:00:00,1,0.016667,3
5577150313,2016-04-21 04:00:00,0,0.0,4
5577150313,2016-04-21 05:00:00,1,0.016667,5
5577150313,2016-04-21 06:00:00,154,2.566667,6
5577150313,2016-04-21 07:00:00,34,0.566667,7
5577150313,2016-04-21 08:00:00,11,0.183333,8
5577150313,2016-04-21 09:00:00,12,0.2,9
5577150313,2016-04-21 10:00:00,0,0.0,10
5577150313,2016-04-21 11:00:00,70,1.166667,11
5577150313,2016-04-21 12:00:00,7,0.116667,12
5577150313,2016-04-21 13:00:00,11,0.183333,13
5577150313,2016-04-21 14:00:00,46,0.766667,14
5577150313,2016-04-21 15:00:00,88,1.466667,15
5577150313,2016-04-21 16:00:00,62,1.033333,16
5577150313,2016-04-21 17:00:00,56,0.933333,17
5577150313,2016-04-21 18:00:00,7,0.116667,18
5577150313,2016-04-21 19:00:00,71,1.183333,19
5577150313,2016-04-21 20:00:00,10,0.166667,20
5577150313,2016-04-21 21:00:00,1,0.016667,21
5577150313,2016-04-21 22:00:00,10,0.166667,22
5577150313,2016-04-21 23:00:00,0,0.0,23
5577150313,2016-04-22 00:00:00,1,0.016667,0
5577150313,2016-04-22 01:00:00,0,0.0,1
5577150313,2016-04-22 02:00:00,0,0.0,2
5577150313,2016-04-22 03:00:00,8,0.133333,3
5577150313,2016-04-22 04:00:00,0,0.0,4
5577150313,2016-04-22 05:00:00,20,0.333333,5
5577150313,2016-04-22 06:00:00,126,2.1,6
5577150313,2016-04-22 07:00:00,25,0.416667,7
5577150313,2016-04-22 08:00:00,13,0.216667,8
5577150313,2016-04-22 09:00:00,16,0.266667,9
5577150313,2016-04-22 10:00:00,18,0.3,10
5577150313,2016-04-22 11:00:00,21,0.35,11
5577150313,2016-04-22 12:00:00,29,0.483333,12
5577150313,2016-04-22 13:00:00,2,0.033333,13
5577150313,2016-04-22 14:00:00,2,0.033333,14
5577150313,2016-04-22 15:00:00,1,0.016667,15
5577150313,2016-04-22 16:00:00,5,0.083333,16
5577150313,2016-04-22 17:00:00,14,0.233333,17
5577150313,2016-04-22 18:00:00,29,0.483333,18
5577150313,2016-04-22 19:00:00,28,0.466667,19
5577150313,2016-04-22 20:00:00,39,0.65,20
5577150313,2016-04-22 21:00:00,1,0.016667,21
5577150313,2016-04-22 22:00:00,40,0.666667,22
5577150313,2016-04-22 23:00:00,8,0.133333,23
5577150313,2016-04-23 00:00:00,1,0.016667,0
5577150313,2016-04-23 01:00:00,0,0.0,1
5577150313,2016-04-23 02:00:00,1,0.016667,2
5577150313,2016-04-23 03:00:00,0,0.0,3
5577150313,2016-04-23 04:00:00,2,0.033333,4
5577150313,2016-04-23 05:00:00,0,0.0,5
5577150313,2016-04-23 06:00:00,10,0.166667,6
5577150313,2016-04-23 07:00:00,41,0.683333,7
5577150313,2016-04-23 08:00:00,4,0.066667,8
5577150313,2016-04-23 09:00:00,11,0.183333,9
5577150313,2016-04-23 10:00:00,33,0.55,10
5577150313,2016-04-23 11:00:00,17,0.283333,11
5577150313,2016-04-23 12:00:00,10,0.166667,12
5577150313,2016-04-23 13:00:00,17,0.283333,13
5577150313,2016-04-23 14:00:00,3,0.05,14
5577150313,2016-04-23 15:00:00,71,1.183333,15
5577150313,2016-04-23 16:00:00,9,0.15,16
5577150313,2016-04-23 17:00:00,29,0.483333,17
5577150313,2016-04-23 18:00:00,26,0.433333,18
5577150313,2016-04-23 19:00:00,32,0.533333,19
5577150313,2016-04-23 20:00:00,23,0.383333,20
5577150313,2016-04-23 21:00:00,1,0.016667,21
5577150313,2016-04-23 22:00:00,1,0.016667,22
5577150313,2016-04-23 23:00:00,1,0.016667,23
5577150313,2016-04-24 00:00:00,0,0.0,0
5577150313,2016-04-24 01:00:00,4,0.066667,1
5577150313,2016-04-24 02:00:00,3,0.05,2
5577150313,2016-04-24 03:00:00,0,0.0,3
5577150313,2016-04-24 04:00:00,0,0.0,4
5577150313,2016-04-24 05:00:00,0,0.0,5
5577150313,2016-04-24 06:00:00,1,0.016667,6
5577150313,2016-04-24 07:00:00,23,0.383333,7
5577150313,2016-04-24 08:00:00,24,0.4,8
5577150313,2016-04-24 09:00:00,14,0.233333,9
5577150313,2016-04-24 10:00:00,117,1.95,10
5577150313,2016-04-24 11:00:00,170,2.833333,11
5577150313,2016-04-24 12:00:00,22,0.366667,12
5577150313,2016-04-24 13:00:00,9,0.15,13
5577150313,2016-04-24 14:00:00,23,0.383333,14
5577150313,2016-04-24 15:00:00,159,2.65,15
5577150313,2016-04-24 16:00:00,87,1.45,16
5577150313,2016-04-24 17:00:00,126,2.1,17
5577150313,2016-04-24 18:00:00,39,0.65,18
5577150313,2016-04-24 19:00:00,62,1.033333,19
5577150313,2016-04-24 20:00:00,6,0.1,20
5577150313,2016-04-24 21:00:00,8,0.133333,21
5577150313,2016-04-24 22:00:00,2,0.033333,22
5577150313,2016-04-24 23:00:00,2,0.033333,23
5577150313,2016-04-25 00:00:00,1,0.016667,0
5577150313,2016-04-25 01:00:00,0,0.0,1
5577150313,2016-04-25 02:00:00,0,0.0,2
5577150313,2016-04-25 03:00:00,1,0.016667,3
5577150313,2016-04-25 04:00:00,1,0.016667,4
5577150313,2016-04-25 05:00:00,7,0.116667,5
5577150313,2016-04-25 06:00:00,122,2.033333,6
5577150313,2016-04-25 07:00:00,36,0.6,7
5577150313,2016-04-25 08:00:00,10,0.166667,8
5577150313,2016-04-25 09:00:00,4,0.066667,9
5577150313,2016-04-25 10:00:00,76,1.266667,10
5577150313,2016-04-25 11:00:00,36,0.6,11
5577150313,2016-04-25 12:00:00,25,0.416667,12
5577150313,2016-04-25 13:00:00,25,0.416667,13
5577150313,2016-04-25 14:00:00,6,0.1,14
5577150313,2016-04-25 15:00:00,8,0.133333,15
5577150313,2016-04-25 16:00:00,29,0.483333,16
5577150313,2016-04-25 17:00:00,11,0.183333,17
5577150313,2016-04-25 18:00:00,6,0.1,18
5577150313,2016-04-25 19:00:00,49,0.816667,19
5577150313,2016-04-25 20:00:00,12,0.2,20
5577150313,2016-04-25 21:00:00,6,0.1,21
5577150313,2016-04-25 22:00:00,2,0.033333,22
5577150313,2016-04-25 23:00:00,0,0.0,23
5577150313,2016-04-26 00:00:00,1,0.016667,0
5577150313,2016-04-26 01:00:00,0,0.0,1
5577150313,2016-04-26 02:00:00,0,0.0,2
5577150313,2016-04-26 03:00:00,0,0.0,3
5577150313,2016-04-26 04:00:00,3,0.05,4
5577150313,2016-04-26 05:00:00,60,1.0,5
5577150313,2016-04-26 06:00:00,81,1.35,6
5577150313,2016-04-26 07:00:00,10,0.166667,7
5577150313,2016-04-26 08:00:00,15,0.25,8
5577150313,2016-04-26 09:00:00,5,0.083333,9
5577150313,2016-04-26 10:00:00,8,0.133333,10
5577150313,2016-04-26 11:00:00,14,0.233333,11
5577150313,2016-04-26 12:00:00,26,0.433333,12
5577150313,2016-04-26 13:00:00,36,0.6,13
5577150313,2016-04-26 14:00:00,11,0.183333,14
5577150313,2016-04-26 15:00:00,8,0.133333,15
5577150313,2016-04-26 16:00:00,8,0.133333,16
5577150313,2016-04-26 17:00:00,0,0.0,17
5577150313,2016-04-26 18:00:00,7,0.116667,18
5577150313,2016-04-26 19:00:00,17,0.283333,19
5577150313,2016-04-26 20:00:00,42,0.7,20
5577150313,2016-04-26 21:00:00,6,0.1,21
5577150313,2016-04-26 22:00:00,0,0.0,22
5577150313,2016-04-26 23:00:00,1,0.016667,23
5577150313,2016-04-27 00:00:00,0,0.0,0
5577150313,2016-04-27 01:00:00,1,0.016667,1
5577150313,2016-04-27 02:00:00,0,0.0,2
5577150313,2016-04-27 03:00:00,0,0.0,3
5577150313,2016-04-27 04:00:00,0,0.0,4
5577150313,2016-04-27 05:00:00,11,0.183333,5
5577150313,2016-04-27 06:00:00,127,2.116667,6
5577150313,2016-04-27 07:00:00,13,0.216667,7
5577150313,2016-04-27 08:00:00,12,0.2,8
5577150313,2016-04-27 09:00:00,16,0.266667,9
5577150313,2016-04-27 10:00:00,8,0.133333,10
5577150313,2016-04-27 11:00:00,15,0.25,11
5577150313,2016-04-27 12:00:00,8,0.133333,12
5577150313,2016-04-27 13:00:00,7,0.116667,13
5577150313,2016-04-27 14:00:00,3,0.05,14
5577150313,2016-04-27 15:00:00,22,0.366667,15
5577150313,2016-04-27 16:00:00,17,0.283333,16
5577150313,2016-04-27 17:00:00,7,0.116667,17
5577150313,2016-04-27 18:00:00,29,0.483333,18
5577150313,2016-04-27 19:00:00,97,1.616667,19
5577150313,2016-04-27 20:00:00,3,0.05,20
5577150313,2016-04-27 21:00:00,8,0.133333,21
5577150313,2016-04-27 22:00:00,6,0.1,22
5577150313,2016-04-27 23:00:00,1,0.016667,23
5577150313,2016-04-28 00:00:00,1,0.016667,0
5577150313,2016-04-28 01:00:00,0,0.0,1
5577150313,2016-04-28 02:00:00,1,0.016667,2
5577150313,2016-04-28 03:00:00,0,0.0,3
5577150313,2016-04-28 04:00:00,0,0.0,4
5577150313,2016-04-28 05:00:00,23,0.383333,5
5577150313,2016-04-28 06:00:00,115,1.916667,6
5577150313,2016-04-28 07:00:00,48,0.8,7
5577150313,2016-04-28 08:00:00,12,0.2,8
5577150313,2016-04-28 09:00:00,5,0.083333,9
5577150313,2016-04-28 10:00:00,11,0.183333,10
5577150313,2016-04-28 11:00:00,65,1.083333,11
5577150313,2016-04-28 12:00:00,0,0.0,12
5577150313,2016-04-28 13:00:00,42,0.7,13
5577150313,2016-04-28 14:00:00,27,0.45,14
5577150313,2016-04-28 15:00:00,33,0.55,15
5577150313,2016-04-28 16:00:00,6,0.1,16
5577150313,2016-04-28 17:00:00,36,0.6,17
5577150313,2016-04-28 18:00:00,8,0.133333,18
5577150313,2016-04-28 19:00:00,82,1.366667,19
5577150313,2016-04-28 20:00:00,17,0.283333,20
5577150313,2016-04-28 21:00:00,8,0.133333,21
5577150313,2016-04-28 22:00:00,0,0.0,22
5577150313,2016-04-28 23:00:00,0,0.0,23
5577150313,2016-04-29 00:00:00,0,0.0,0
5577150313,2016-04-29 01:00:00,2,0.033333,1
5577150313,2016-04-29 02:00:00,0,0.0,2
5577150313,2016-04-29 03:00:00,0,0.0,3
5577150313,2016-04-29 04:00:00,0,0.0,4
5577150313,2016-04-29 05:00:00,2,0.033333,5
5577150313,2016-04-29 06:00:00,107,1.783333,6
5577150313,2016-04-29 07:00:00,56,0.933333,7
5577150313,2016-04-29 08:00:00,9,0.15,8
5577150313,2016-04-29 09:00:00,17,0.283333,9
5577150313,2016-04-29 10:00:00,17,0.283333,10
5577150313,2016-04-29 11:00:00,22,0.366667,11
5577150313,2016-04-29 12:00:00,15,0.25,12
5577150313,2016-04-29 13:00:00,3,0.05,13
5577150313,2016-04-29 14:00:00,3,0.05,14
5577150313,2016-04-29 15:00:00,6,0.1,15
5577150313,2016-04-29 16:00:00,7,0.116667,16
5577150313,2016-04-29 17:00:00,3,0.05,17
5577150313,2016-04-29 18:00:00,19,0.316667,18
5577150313,2016-04-29 19:00:00,105,1.75,19
5577150313,2016-04-29 20:00:00,129,2.15,20
5577150313,2016-04-29 21:00:00,2,0.033333,21
5577150313,2016-04-29 22:00:00,4,0.066667,22
5577150313,2016-04-29 23:00:00,0,0.0,23
5577150313,2016-04-30 00:00:00,0,0.0,0
5577150313,2016-04-30 01:00:00,0,0.0,1
5577150313,2016-04-30 02:00:00,0,0.0,2
5577150313,2016-04-30 03:00:00,0,0.0,3
5577150313,2016-04-30 04:00:00,0,0.0,4
5577150313,2016-04-30 05:00:00,1,0.016667,5
5577150313,2016-04-30 06:00:00,5,0.083333,6
5577150313,2016-04-30 07:00:00,10,0.166667,7
5577150313,2016-04-30 08:00:00,9,0.15,8
5577150313,2016-04-30 09:00:00,4,0.066667,9
5577150313,2016-04-30 10:00:00,109,1.816667,10
5577150313,2016-04-30 11:00:00,160,2.666667,11
5577150313,2016-04-30 12:00:00,57,0.95,12
5577150313,2016-04-30 13:00:00,89,1.483333,13
5577150313,2016-04-30 14:00:00,65,1.083333,14
5577150313,2016-04-30 15:00:00,12,0.2,15
5577150313,2016-04-30 16:00:00,5,0.083333,16
5577150313,2016-04-30 17:00:00,15,0.25,17
5577150313,2016-04-30 18:00:00,176,2.933333,18
5577150313,2016-04-30 19:00:00,121,2.016667,19
5577150313,2016-04-30 20:00:00,14,0.233333,20
5577150313,2016-04-30 21:00:00,12,0.2,21
5577150313,2016-04-30 22:00:00,7,0.116667,22
5577150313,2016-04-30 23:00:00,3,0.05,23
5577150313,2016-05-01 00:00:00,0,0.0,0
5577150313,2016-05-01 01:00:00,1,0.016667,1
5577150313,2016-05-01 02:00:00,2,0.033333,2
5577150313,2016-05-01 03:00:00,0,0.0,3
5577150313,2016-05-01 04:00:00,0,0.0,4
5577150313,2016-05-01 05:00:00,0,0.0,5
5577150313,2016-05-01 06:00:00,4,0.066667,6
5577150313,2016-05-01 07:00:00,3,0.05,7
5577150313,2016-05-01 08:00:00,93,1.55,8
5577150313,2016-05-01 09:00:00,106,1.766667,9
5577150313,2016-05-01 10:00:00,173,2.883333,10
5577150313,2016-05-01 11:00:00,154,2.566667,11
5577150313,2016-05-01 12:00:00,22,0.366667,12
5577150313,2016-05-01 13:00:00,17,0.283333,13
5577150313,2016-05-01 14:00:00,27,0.45,14
5577150313,2016-05-01 15:00:00,14,0.233333,15
5577150313,2016-05-01 16:00:00,76,1.266667,16
5577150313,2016-05-01 17:00:00,11,0.183333,17
5577150313,2016-05-01 18:00:00,93,1.55,18
5577150313,2016-05-01 19:00:00,98,1.633333,19
5577150313,2016-05-01 20:00:00,5,0.083333,20
5577150313,2016-05-01 21:00:00,4,0.066667,21
5577150313,2016-05-01 22:00:00,0,0.0,22
5577150313,2016-05-01 23:00:00,1,0.016667,23
5577150313,2016-05-02 00:00:00,0,0.0,0
5577150313,2016-05-02 01:00:00,0,0.0,1
5577150313,2016-05-02 02:00:00,3,0.05,2
5577150313,2016-05-02 03:00:00,0,0.0,3
5577150313,2016-05-02 04:00:00,0,0.0,4
5577150313,2016-05-02 05:00:00,1,0.016667,5
5577150313,2016-05-02 06:00:00,118,1.966667,6
5577150313,2016-05-02 07:00:00,59,0.983333,7
5577150313,2016-05-02 08:00:00,10,0.166667,8
5577150313,2016-05-02 09:00:00,4,0.066667,9
5577150313,2016-05-02 10:00:00,28,0.466667,10
5577150313,2016-05-02 11:00:00,15,0.25,11
5577150313,2016-05-02 12:00:00,9,0.15,12
5577150313,2016-05-02 13:00:00,19,0.316667,13
5577150313,2016-05-02 14:00:00,19,0.316667,14
5577150313,2016-05-02 15:00:00,28,0.466667,15
5577150313,2016-05-02 16:00:00,14,0.233333,16
5577150313,2016-05-02 17:00:00,6,0.1,17
5577150313,2016-05-02 18:00:00,9,0.15,18
5577150313,2016-05-02 19:00:00,10,0.166667,19
5577150313,2016-05-02 20:00:00,25,0.416667,20
5577150313,2016-05-02 21:00:00,4,0.066667,21
5577150313,2016-05-02 22:00:00,3,0.05,22
5577150313,2016-05-02 23:00:00,2,0.033333,23
5577150313,2016-05-03 00:00:00,25,0.416667,0
5577150313,2016-05-03 01:00:00,68,1.133333,1
5577150313,2016-05-03 02:00:00,39,0.65,2
5577150313,2016-05-03 03:00:00,6,0.1,3
5577150313,2016-05-03 04:00:00,28,0.466667,4
5577150313,2016-05-03 05:00:00,25,0.416667,5
5577150313,2016-05-03 06:00:00,13,0.216667,6
5577150313,2016-05-03 07:00:00,18,0.3,7
5577150313,2016-05-03 08:00:00,28,0.466667,8
5577150313,2016-05-03 09:00:00,55,0.916667,9
5577150313,2016-05-03 10:00:00,130,2.166667,10
5577150313,2016-05-03 11:00:00,5,0.083333,11
5577150313,2016-05-03 12:00:00,1,0.016667,12
5577150313,2016-05-03 13:00:00,1,0.016667,13
5577150313,2016-05-03 14:00:00,0,0.0,14
5577150313,2016-05-03 15:00:00,1,0.016667,15
5577150313,2016-05-03 16:00:00,0,0.0,16
5577150313,2016-05-03 17:00:00,0,0.0,17
5577150313,2016-05-03 18:00:00,0,0.0,18
5577150313,2016-05-03 19:00:00,1,0.016667,19
5577150313,2016-05-03 20:00:00,3,0.05,20
5577150313,2016-05-03 21:00:00,21,0.35,21
5577150313,2016-05-03 22:00:00,49,0.816667,22
5577150313,2016-05-03 23:00:00,2,0.033333,23
5577150313,2016-05-04 00:00:00,12,0.2,0
5577150313,2016-05-04 01:00:00,4,0.066667,1
5577150313,2016-05-04 02:00:00,11,0.183333,2
5577150313,2016-05-04 03:00:00,2,0.033333,3
5577150313,2016-05-04 04:00:00,18,0.3,4
5577150313,2016-05-04 05:00:00,12,0.2,5
5577150313,2016-05-04 06:00:00,12,0.2,6
5577150313,2016-05-04 07:00:00,11,0.183333,7
5577150313,2016-05-04 08:00:00,24,0.4,8
5577150313,2016-05-04 09:00:00,57,0.95,9
5577150313,2016-05-04 10:00:00,23,0.383333,10
5577150313,2016-05-04 11:00:00,0,0.0,11
5577150313,2016-05-04 12:00:00,1,0.016667,12
5577150313,2016-05-04 13:00:00,0,0.0,13
5577150313,2016-05-04 14:00:00,0,0.0,14
5577150313,2016-05-04 15:00:00,0,0.0,15
5577150313,2016-05-04 16:00:00,0,0.0,16
5577150313,2016-05-04 17:00:00,0,0.0,17
5577150313,2016-05-04 18:00:00,0,0.0,18
5577150313,2016-05-04 19:00:00,0,0.0,19
5577150313,2016-05-04 20:00:00,1,0.016667,20
5577150313,2016-05-04 21:00:00,9,0.15,21
5577150313,2016-05-04 22:00:00,33,0.55,22
5577150313,2016-05-04 23:00:00,4,0.066667,23
5577150313,2016-05-05 00:00:00,15,0.25,0
5577150313,2016-05-05 01:00:00,0,0.0,1
5577150313,2016-05-05 02:00:00,0,0.0,2
5577150313,2016-05-05 03:00:00,0,0.0,3
5577150313,2016-05-05 04:00:00,0,0.0,4
5577150313,2016-05-05 05:00:00,0,0.0,5
5577150313,2016-05-05 06:00:00,0,0.0,6
5577150313,2016-05-05 07:00:00,0,0.0,7
5577150313,2016-05-05 08:00:00,0,0.0,8
5577150313,2016-05-05 09:00:00,0,0.0,9
5577150313,2016-05-05 10:00:00,7,0.116667,10
5577150313,2016-05-05 11:00:00,27,0.45,11
5577150313,2016-05-05 12:00:00,69,1.15,12
5577150313,2016-05-05 13:00:00,1,0.016667,13
5577150313,2016-05-05 14:00:00,16,0.266667,14
5577150313,2016-05-05 15:00:00,2,0.033333,15
5577150313,2016-05-05 16:00:00,8,0.133333,16
5577150313,2016-05-05 17:00:00,35,0.583333,17
5577150313,2016-05-05 18:00:00,8,0.133333,18
5577150313,2016-05-05 19:00:00,32,0.533333,19
5577150313,2016-05-05 20:00:00,24,0.4,20
5577150313,2016-05-05 21:00:00,76,1.266667,21
5577150313,2016-05-05 22:00:00,0,0.0,22
5577150313,2016-05-05 23:00:00,0,0.0,23
5577150313,2016-05-06 00:00:00,0,0.0,0
5577150313,2016-05-06 01:00:00,0,0.0,1
5577150313,2016-05-06 02:00:00,0,0.0,2
5577150313,2016-05-06 03:00:00,0,0.0,3
5577150313,2016-05-06 04:00:00,0,0.0,4
5577150313,2016-05-06 05:00:00,0,0.0,5
5577150313,2016-05-06 06:00:00,2,0.033333,6
5577150313,2016-05-06 07:00:00,72,1.2,7
5577150313,2016-05-06 08:00:00,37,0.616667,8
5577150313,2016-05-06 09:00:00,1,0.016667,9
5577150313,2016-05-06 10:00:00,36,0.6,10
5577150313,2016-05-06 11:00:00,57,0.95,11
5577150313,2016-05-06 12:00:00,18,0.3,12
5577150313,2016-05-06 13:00:00,2,0.033333,13
5577150313,2016-05-06 14:00:00,6,0.1,14
5577150313,2016-05-06 15:00:00,0,0.0,15
5577150313,2016-05-06 16:00:00,3,0.05,16
5577150313,2016-05-06 17:00:00,0,0.0,17
5577150313,2016-05-06 18:00:00,0,0.0,18
5577150313,2016-05-06 19:00:00,0,0.0,19
5577150313,2016-05-06 20:00:00,0,0.0,20
5577150313,2016-05-06 21:00:00,0,0.0,21
5577150313,2016-05-06 22:00:00,0,0.0,22
5577150313,2016-05-06 23:00:00,0,0.0,23
5577150313,2016-05-07 00:00:00,0,0.0,0
5577150313,2016-05-07 01:00:00,0,0.0,1
5577150313,2016-05-07 02:00:00,0,0.0,2
5577150313,2016-05-07 03:00:00,0,0.0,3
5577150313,2016-05-07 04:00:00,0,0.0,4
5577150313,2016-05-07 05:00:00,0,0.0,5
5577150313,2016-05-07 06:00:00,0,0.0,6
5577150313,2016-05-07 07:00:00,0,0.0,7
5577150313,2016-05-07 08:00:00,0,0.0,8
5577150313,2016-05-07 09:00:00,0,0.0,9
5577150313,2016-05-07 10:00:00,0,0.0,10
5577150313,2016-05-07 11:00:00,0,0.0,11
5577150313,2016-05-07 12:00:00,0,0.0,12
5577150313,2016-05-07 13:00:00,0,0.0,13
5577150313,2016-05-07 14:00:00,0,0.0,14
5577150313,2016-05-07 15:00:00,0,0.0,15
5577150313,2016-05-07 16:00:00,0,0.0,16
5577150313,2016-05-07 17:00:00,0,0.0,17
5577150313,2016-05-07 18:00:00,0,0.0,18
5577150313,2016-05-07 19:00:00,0,0.0,19
5577150313,2016-05-07 20:00:00,0,0.0,20
5577150313,2016-05-07 21:00:00,0,0.0,21
5577150313,2016-05-07 22:00:00,0,0.0,22
5577150313,2016-05-07 23:00:00,0,0.0,23
5577150313,2016-05-08 00:00:00,0,0.0,0
5577150313,2016-05-08 01:00:00,0,0.0,1
5577150313,2016-05-08 02:00:00,0,0.0,2
5577150313,2016-05-08 03:00:00,0,0.0,3
5577150313,2016-05-08 04:00:00,0,0.0,4
5577150313,2016-05-08 05:00:00,0,0.0,5
5577150313,2016-05-08 06:00:00,0,0.0,6
5577150313,2016-05-08 07:00:00,0,0.0,7
5577150313,2016-05-08 08:00:00,0,0.0,8
5577150313,2016-05-08 09:00:00,0,0.0,9
5577150313,2016-05-08 10:00:00,0,0.0,10
5577150313,2016-05-08 11:00:00,0,0.0,11
5577150313,2016-05-08 12:00:00,0,0.0,12
5577150313,2016-05-08 13:00:00,0,0.0,13
5577150313,2016-05-08 14:00:00,0,0.0,14
5577150313,2016-05-08 15:00:00,0,0.0,15
5577150313,2016-05-08 16:00:00,0,0.0,16
5577150313,2016-05-08 17:00:00,0,0.0,17
5577150313,2016-05-08 18:00:00,0,0.0,18
5577150313,2016-05-08 19:00:00,0,0.0,19
5577150313,2016-05-08 20:00:00,0,0.0,20
5577150313,2016-05-08 21:00:00,0,0.0,21
5577150313,2016-05-08 22:00:00,0,0.0,22
5577150313,2016-05-08 23:00:00,0,0.0,23
5577150313,2016-05-09 00:00:00,0,0.0,0
5577150313,2016-05-09 01:00:00,0,0.0,1
5577150313,2016-05-09 02:00:00,0,0.0,2
5577150313,2016-05-09 03:00:00,0,0.0,3
5577150313,2016-05-09 04:00:00,0,0.0,4
5577150313,2016-05-09 05:00:00,0,0.0,5
5577150313,2016-05-09 06:00:00,0,0.0,6
5577150313,2016-05-09 07:00:00,0,0.0,7
5577150313,2016-05-09 08:00:00,0,0.0,8
5577150313,2016-05-09 09:00:00,0,0.0,9
5577150313,2016-05-09 10:00:00,0,0.0,10
5577150313,2016-05-09 11:00:00,3,0.05,11
5577150313,2016-05-09 12:00:00,39,0.65,12
5577150313,2016-05-09 13:00:00,7,0.116667,13
5577150313,2016-05-09 14:00:00,31,0.516667,14
5577150313,2016-05-09 15:00:00,18,0.3,15
5577150313,2016-05-09 16:00:00,2,0.033333,16
5577150313,2016-05-09 17:00:00,9,0.15,17
5577150313,2016-05-09 18:00:00,9,0.15,18
5577150313,2016-05-09 19:00:00,63,1.05,19
5577150313,2016-05-09 20:00:00,3,0.05,20
5577150313,2016-05-09 21:00:00,5,0.083333,21
5577150313,2016-05-09 22:00:00,0,0.0,22
5577150313,2016-05-09 23:00:00,5,0.083333,23
5577150313,2016-05-10 00:00:00,1,0.016667,0
5577150313,2016-05-10 01:00:00,0,0.0,1
5577150313,2016-05-10 02:00:00,1,0.016667,2
5577150313,2016-05-10 03:00:00,0,0.0,3
5577150313,2016-05-10 04:00:00,0,0.0,4
5577150313,2016-05-10 05:00:00,8,0.133333,5
5577150313,2016-05-10 06:00:00,98,1.633333,6
5577150313,2016-05-10 07:00:00,27,0.45,7
5577150313,2016-05-10 08:00:00,58,0.966667,8
5577150313,2016-05-10 09:00:00,36,0.6,9
5577150313,2016-05-10 10:00:00,10,0.166667,10
5577150313,2016-05-10 11:00:00,55,0.916667,11
5577150313,2016-05-10 12:00:00,3,0.05,12
5577150313,2016-05-10 13:00:00,10,0.166667,13
5577150313,2016-05-10 14:00:00,77,1.283333,14
5577150313,2016-05-10 15:00:00,34,0.566667,15
5577150313,2016-05-10 16:00:00,10,0.166667,16
5577150313,2016-05-10 17:00:00,38,0.633333,17
5577150313,2016-05-10 18:00:00,10,0.166667,18
5577150313,2016-05-10 19:00:00,82,1.366667,19
5577150313,2016-05-10 20:00:00,12,0.2,20
5577150313,2016-05-10 21:00:00,7,0.116667,21
5577150313,2016-05-10 22:00:00,1,0.016667,22
5577150313,2016-05-10 23:00:00,2,0.033333,23
5577150313,2016-05-11 00:00:00,0,0.0,0
5577150313,2016-05-11 01:00:00,0,0.0,1
5577150313,2016-05-11 02:00:00,2,0.033333,2
5577150313,2016-05-11 03:00:00,0,0.0,3
5577150313,2016-05-11 04:00:00,1,0.016667,4
5577150313,2016-05-11 05:00:00,4,0.066667,5
5577150313,2016-05-11 06:00:00,118,1.966667,6
5577150313,2016-05-11 07:00:00,28,0.466667,7
5577150313,2016-05-11 08:00:00,8,0.133333,8
5577150313,2016-05-11 09:00:00,14,0.233333,9
5577150313,2016-05-11 10:00:00,9,0.15,10
5577150313,2016-05-11 11:00:00,42,0.7,11
6117666160,2016-04-12 00:00:00,0,0.0,0
6117666160,2016-04-12 01:00:00,0,0.0,1
6117666160,2016-04-12 02:00:00,0,0.0,2
6117666160,2016-04-12 03:00:00,0,0.0,3
6117666160,2016-04-12 04:00:00,0,0.0,4
6117666160,2016-04-12 05:00:00,0,0.0,5
6117666160,2016-04-12 06:00:00,0,0.0,6
6117666160,2016-04-12 07:00:00,0,0.0,7
6117666160,2016-04-12 08:00:00,0,0.0,8
6117666160,2016-04-12 09:00:00,0,0.0,9
6117666160,2016-04-12 10:00:00,0,0.0,10
6117666160,2016-04-12 11:00:00,0,0.0,11
6117666160,2016-04-12 12:00:00,0,0.0,12
6117666160,2016-04-12 13:00:00,0,0.0,13
6117666160,2016-04-12 14:00:00,0,0.0,14
6117666160,2016-04-12 15:00:00,0,0.0,15
6117666160,2016-04-12 16:00:00,0,0.0,16
6117666160,2016-04-12 17:00:00,0,0.0,17
6117666160,2016-04-12 18:00:00,0,0.0,18
6117666160,2016-04-12 19:00:00,0,0.0,19
6117666160,2016-04-12 20:00:00,0,0.0,20
6117666160,2016-04-12 21:00:00,0,0.0,21
6117666160,2016-04-12 22:00:00,0,0.0,22
6117666160,2016-04-12 23:00:00,0,0.0,23
6117666160,2016-04-13 00:00:00,0,0.0,0
6117666160,2016-04-13 01:00:00,0,0.0,1
6117666160,2016-04-13 02:00:00,0,0.0,2
6117666160,2016-04-13 03:00:00,0,0.0,3
6117666160,2016-04-13 04:00:00,0,0.0,4
6117666160,2016-04-13 05:00:00,0,0.0,5
6117666160,2016-04-13 06:00:00,0,0.0,6
6117666160,2016-04-13 07:00:00,0,0.0,7
6117666160,2016-04-13 08:00:00,0,0.0,8
6117666160,2016-04-13 09:00:00,0,0.0,9
6117666160,2016-04-13 10:00:00,0,0.0,10
6117666160,2016-04-13 11:00:00,0,0.0,11
6117666160,2016-04-13 12:00:00,0,0.0,12
6117666160,2016-04-13 13:00:00,0,0.0,13
6117666160,2016-04-13 14:00:00,0,0.0,14
6117666160,2016-04-13 15:00:00,0,0.0,15
6117666160,2016-04-13 16:00:00,0,0.0,16
6117666160,2016-04-13 17:00:00,0,0.0,17
6117666160,2016-04-13 18:00:00,0,0.0,18
6117666160,2016-04-13 19:00:00,0,0.0,19
6117666160,2016-04-13 20:00:00,0,0.0,20
6117666160,2016-04-13 21:00:00,0,0.0,21
6117666160,2016-04-13 22:00:00,0,0.0,22
6117666160,2016-04-13 23:00:00,0,0.0,23
6117666160,2016-04-14 00:00:00,0,0.0,0
6117666160,2016-04-14 01:00:00,0,0.0,1
6117666160,2016-04-14 02:00:00,0,0.0,2
6117666160,2016-04-14 03:00:00,0,0.0,3
6117666160,2016-04-14 04:00:00,0,0.0,4
6117666160,2016-04-14 05:00:00,0,0.0,5
6117666160,2016-04-14 06:00:00,0,0.0,6
6117666160,2016-04-14 07:00:00,0,0.0,7
6117666160,2016-04-14 08:00:00,0,0.0,8
6117666160,2016-04-14 09:00:00,0,0.0,9
6117666160,2016-04-14 10:00:00,0,0.0,10
6117666160,2016-04-14 11:00:00,0,0.0,11
6117666160,2016-04-14 12:00:00,0,0.0,12
6117666160,2016-04-14 13:00:00,0,0.0,13
6117666160,2016-04-14 14:00:00,0,0.0,14
6117666160,2016-04-14 15:00:00,0,0.0,15
6117666160,2016-04-14 16:00:00,0,0.0,16
6117666160,2016-04-14 17:00:00,0,0.0,17
6117666160,2016-04-14 18:00:00,0,0.0,18
6117666160,2016-04-14 19:00:00,0,0.0,19
6117666160,2016-04-14 20:00:00,0,0.0,20
6117666160,2016-04-14 21:00:00,0,0.0,21
6117666160,2016-04-14 22:00:00,0,0.0,22
6117666160,2016-04-14 23:00:00,0,0.0,23
6117666160,2016-04-15 00:00:00,0,0.0,0
6117666160,2016-04-15 01:00:00,0,0.0,1
6117666160,2016-04-15 02:00:00,0,0.0,2
6117666160,2016-04-15 03:00:00,0,0.0,3
6117666160,2016-04-15 04:00:00,0,0.0,4
6117666160,2016-04-15 05:00:00,0,0.0,5
6117666160,2016-04-15 06:00:00,0,0.0,6
6117666160,2016-04-15 07:00:00,0,0.0,7
6117666160,2016-04-15 08:00:00,0,0.0,8
6117666160,2016-04-15 09:00:00,0,0.0,9
6117666160,2016-04-15 10:00:00,0,0.0,10
6117666160,2016-04-15 11:00:00,25,0.416667,11
6117666160,2016-04-15 12:00:00,51,0.85,12
6117666160,2016-04-15 13:00:00,51,0.85,13
6117666160,2016-04-15 14:00:00,43,0.716667,14
6117666160,2016-04-15 15:00:00,45,0.75,15
6117666160,2016-04-15 16:00:00,46,0.766667,16
6117666160,2016-04-15 17:00:00,55,0.916667,17
6117666160,2016-04-15 18:00:00,48,0.8,18
6117666160,2016-04-15 19:00:00,49,0.816667,19
6117666160,2016-04-15 20:00:00,56,0.933333,20
6117666160,2016-04-15 21:00:00,26,0.433333,21
6117666160,2016-04-15 22:00:00,8,0.133333,22
6117666160,2016-04-15 23:00:00,22,0.366667,23
6117666160,2016-04-16 00:00:00,6,0.1,0
6117666160,2016-04-16 01:00:00,0,0.0,1
6117666160,2016-04-16 02:00:00,1,0.016667,2
6117666160,2016-04-16 03:00:00,1,0.016667,3
6117666160,2016-04-16 04:00:00,0,0.0,4
6117666160,2016-04-16 05:00:00,0,0.0,5
6117666160,2016-04-16 06:00:00,0,0.0,6
6117666160,2016-04-16 07:00:00,9,0.15,7
6117666160,2016-04-16 08:00:00,45,0.75,8
6117666160,2016-04-16 09:00:00,38,0.633333,9
6117666160,2016-04-16 10:00:00,47,0.783333,10
6117666160,2016-04-16 11:00:00,50,0.833333,11
6117666160,2016-04-16 12:00:00,52,0.866667,12
6117666160,2016-04-16 13:00:00,50,0.833333,13
6117666160,2016-04-16 14:00:00,24,0.4,14
6117666160,2016-04-16 15:00:00,45,0.75,15
6117666160,2016-04-16 16:00:00,26,0.433333,16
6117666160,2016-04-16 17:00:00,28,0.466667,17
6117666160,2016-04-16 18:00:00,20,0.333333,18
6117666160,2016-04-16 19:00:00,18,0.3,19
6117666160,2016-04-16 20:00:00,46,0.766667,20
6117666160,2016-04-16 21:00:00,7,0.116667,21
6117666160,2016-04-16 22:00:00,38,0.633333,22
6117666160,2016-04-16 23:00:00,18,0.3,23
6117666160,2016-04-17 00:00:00,13,0.216667,0
6117666160,2016-04-17 01:00:00,22,0.366667,1
6117666160,2016-04-17 02:00:00,3,0.05,2
6117666160,2016-04-17 03:00:00,9,0.15,3
6117666160,2016-04-17 04:00:00,0,0.0,4
6117666160,2016-04-17 05:00:00,1,0.016667,5
6117666160,2016-04-17 06:00:00,0,0.0,6
6117666160,2016-04-17 07:00:00,0,0.0,7
6117666160,2016-04-17 08:00:00,10,0.166667,8
6117666160,2016-04-17 09:00:00,8,0.133333,9
6117666160,2016-04-17 10:00:00,6,0.1,10
6117666160,2016-04-17 11:00:00,15,0.25,11
6117666160,2016-04-17 12:00:00,18,0.3,12
6117666160,2016-04-17 13:00:00,45,0.75,13
6117666160,2016-04-17 14:00:00,22,0.366667,14
6117666160,2016-04-17 15:00:00,21,0.35,15
6117666160,2016-04-17 16:00:00,0,0.0,16
6117666160,2016-04-17 17:00:00,40,0.666667,17
6117666160,2016-04-17 18:00:00,21,0.35,18
6117666160,2016-04-17 19:00:00,3,0.05,19
6117666160,2016-04-17 20:00:00,1,0.016667,20
6117666160,2016-04-17 21:00:00,31,0.516667,21
6117666160,2016-04-17 22:00:00,23,0.383333,22
6117666160,2016-04-17 23:00:00,0,0.0,23
6117666160,2016-04-18 00:00:00,15,0.25,0
6117666160,2016-04-18 01:00:00,1,0.016667,1
6117666160,2016-04-18 02:00:00,1,0.016667,2
6117666160,2016-04-18 03:00:00,0,0.0,3
6117666160,2016-04-18 04:00:00,0,0.0,4
6117666160,2016-04-18 05:00:00,0,0.0,5
6117666160,2016-04-18 06:00:00,0,0.0,6
6117666160,2016-04-18 07:00:00,20,0.333333,7
6117666160,2016-04-18 08:00:00,24,0.4,8
6117666160,2016-04-18 09:00:00,10,0.166667,9
6117666160,2016-04-18 10:00:00,0,0.0,10
6117666160,2016-04-18 11:00:00,0,0.0,11
6117666160,2016-04-18 12:00:00,0,0.0,12
6117666160,2016-04-18 13:00:00,22,0.366667,13
6117666160,2016-04-18 14:00:00,6,0.1,14
6117666160,2016-04-18 15:00:00,14,0.233333,15
6117666160,2016-04-18 16:00:00,21,0.35,16
6117666160,2016-04-18 17:00:00,28,0.466667,17
6117666160,2016-04-18 18:00:00,14,0.233333,18
6117666160,2016-04-18 19:00:00,33,0.55,19
6117666160,2016-04-18 20:00:00,7,0.116667,20
6117666160,2016-04-18 21:00:00,0,0.0,21
6117666160,2016-04-18 22:00:00,15,0.25,22
6117666160,2016-04-18 23:00:00,10,0.166667,23
6117666160,2016-04-19 00:00:00,0,0.0,0
6117666160,2016-04-19 01:00:00,1,0.016667,1
6117666160,2016-04-19 02:00:00,0,0.0,2
6117666160,2016-04-19 03:00:00,1,0.016667,3
6117666160,2016-04-19 04:00:00,0,0.0,4
6117666160,2016-04-19 05:00:00,0,0.0,5
6117666160,2016-04-19 06:00:00,0,0.0,6
6117666160,2016-04-19 07:00:00,0,0.0,7
6117666160,2016-04-19 08:00:00,24,0.4,8
6117666160,2016-04-19 09:00:00,16,0.266667,9
6117666160,2016-04-19 10:00:00,35,0.583333,10
6117666160,2016-04-19 11:00:00,29,0.483333,11
6117666160,2016-04-19 12:00:00,19,0.316667,12
6117666160,2016-04-19 13:00:00,33,0.55,13
6117666160,2016-04-19 14:00:00,38,0.633333,14
6117666160,2016-04-19 15:00:00,42,0.7,15
6117666160,2016-04-19 16:00:00,41,0.683333,16
6117666160,2016-04-19 17:00:00,44,0.733333,17
6117666160,2016-04-19 18:00:00,42,0.7,18
6117666160,2016-04-19 19:00:00,50,0.833333,19
6117666160,2016-04-19 20:00:00,35,0.583333,20
6117666160,2016-04-19 21:00:00,11,0.183333,21
6117666160,2016-04-19 22:00:00,8,0.133333,22
6117666160,2016-04-19 23:00:00,11,0.183333,23
6117666160,2016-04-20 00:00:00,0,0.0,0
6117666160,2016-04-20 01:00:00,0,0.0,1
6117666160,2016-04-20 02:00:00,1,0.016667,2
6117666160,2016-04-20 03:00:00,0,0.0,3
6117666160,2016-04-20 04:00:00,1,0.016667,4
6117666160,2016-04-20 05:00:00,0,0.0,5
6117666160,2016-04-20 06:00:00,0,0.0,6
6117666160,2016-04-20 07:00:00,15,0.25,7
6117666160,2016-04-20 08:00:00,21,0.35,8
6117666160,2016-04-20 09:00:00,30,0.5,9
6117666160,2016-04-20 10:00:00,35,0.583333,10
6117666160,2016-04-20 11:00:00,28,0.466667,11
6117666160,2016-04-20 12:00:00,39,0.65,12
6117666160,2016-04-20 13:00:00,32,0.533333,13
6117666160,2016-04-20 14:00:00,34,0.566667,14
6117666160,2016-04-20 15:00:00,56,0.933333,15
6117666160,2016-04-20 16:00:00,71,1.183333,16
6117666160,2016-04-20 17:00:00,21,0.35,17
6117666160,2016-04-20 18:00:00,16,0.266667,18
6117666160,2016-04-20 19:00:00,25,0.416667,19
6117666160,2016-04-20 20:00:00,10,0.166667,20
6117666160,2016-04-20 21:00:00,1,0.016667,21
6117666160,2016-04-20 22:00:00,0,0.0,22
6117666160,2016-04-20 23:00:00,11,0.183333,23
6117666160,2016-04-21 00:00:00,0,0.0,0
6117666160,2016-04-21 01:00:00,1,0.016667,1
6117666160,2016-04-21 02:00:00,0,0.0,2
6117666160,2016-04-21 03:00:00,0,0.0,3
6117666160,2016-04-21 04:00:00,0,0.0,4
6117666160,2016-04-21 05:00:00,0,0.0,5
6117666160,2016-04-21 06:00:00,0,0.0,6
6117666160,2016-04-21 07:00:00,2,0.033333,7
6117666160,2016-04-21 08:00:00,1,0.016667,8
6117666160,2016-04-21 09:00:00,24,0.4,9
6117666160,2016-04-21 10:00:00,59,0.983333,10
6117666160,2016-04-21 11:00:00,0,0.0,11
6117666160,2016-04-21 12:00:00,30,0.5,12
6117666160,2016-04-21 13:00:00,37,0.616667,13
6117666160,2016-04-21 14:00:00,30,0.5,14
6117666160,2016-04-21 15:00:00,33,0.55,15
6117666160,2016-04-21 16:00:00,8,0.133333,16
6117666160,2016-04-21 17:00:00,6,0.1,17
6117666160,2016-04-21 18:00:00,61,1.016667,18
6117666160,2016-04-21 19:00:00,39,0.65,19
6117666160,2016-04-21 20:00:00,3,0.05,20
6117666160,2016-04-21 21:00:00,15,0.25,21
6117666160,2016-04-21 22:00:00,9,0.15,22
6117666160,2016-04-21 23:00:00,7,0.116667,23
6117666160,2016-04-22 00:00:00,3,0.05,0
6117666160,2016-04-22 01:00:00,0,0.0,1
6117666160,2016-04-22 02:00:00,0,0.0,2
6117666160,2016-04-22 03:00:00,1,0.016667,3
6117666160,2016-04-22 04:00:00,0,0.0,4
6117666160,2016-04-22 05:00:00,0,0.0,5
6117666160,2016-04-22 06:00:00,3,0.05,6
6117666160,2016-04-22 07:00:00,4,0.066667,7
6117666160,2016-04-22 08:00:00,0,0.0,8
6117666160,2016-04-22 09:00:00,10,0.166667,9
6117666160,2016-04-22 10:00:00,18,0.3,10
6117666160,2016-04-22 11:00:00,11,0.183333,11
6117666160,2016-04-22 12:00:00,23,0.383333,12
6117666160,2016-04-22 13:00:00,30,0.5,13
6117666160,2016-04-22 14:00:00,29,0.483333,14
6117666160,2016-04-22 15:00:00,40,0.666667,15
6117666160,2016-04-22 16:00:00,23,0.383333,16
6117666160,2016-04-22 17:00:00,40,0.666667,17
6117666160,2016-04-22 18:00:00,34,0.566667,18
6117666160,2016-04-22 19:00:00,47,0.783333,19
6117666160,2016-04-22 20:00:00,43,0.716667,20
6117666160,2016-04-22 21:00:00,26,0.433333,21
6117666160,2016-04-22 22:00:00,14,0.233333,22
6117666160,2016-04-22 23:00:00,3,0.05,23
6117666160,2016-04-23 00:00:00,1,0.016667,0
6117666160,2016-04-23 01:00:00,0,0.0,1
6117666160,2016-04-23 02:00:00,6,0.1,2
6117666160,2016-04-23 03:00:00,1,0.016667,3
6117666160,2016-04-23 04:00:00,0,0.0,4
6117666160,2016-04-23 05:00:00,0,0.0,5
6117666160,2016-04-23 06:00:00,0,0.0,6
6117666160,2016-04-23 07:00:00,9,0.15,7
6117666160,2016-04-23 08:00:00,22,0.366667,8
6117666160,2016-04-23 09:00:00,47,0.783333,9
6117666160,2016-04-23 10:00:00,44,0.733333,10
6117666160,2016-04-23 11:00:00,46,0.766667,11
6117666160,2016-04-23 12:00:00,46,0.766667,12
6117666160,2016-04-23 13:00:00,34,0.566667,13
6117666160,2016-04-23 14:00:00,45,0.75,14
6117666160,2016-04-23 15:00:00,42,0.7,15
6117666160,2016-04-23 16:00:00,38,0.633333,16
6117666160,2016-04-23 17:00:00,50,0.833333,17
6117666160,2016-04-23 18:00:00,29,0.483333,18
6117666160,2016-04-23 19:00:00,7,0.116667,19
6117666160,2016-04-23 20:00:00,20,0.333333,20
6117666160,2016-04-23 21:00:00,3,0.05,21
6117666160,2016-04-23 22:00:00,4,0.066667,22
6117666160,2016-04-23 23:00:00,18,0.3,23
6117666160,2016-04-24 00:00:00,14,0.233333,0
6117666160,2016-04-24 01:00:00,14,0.233333,1
6117666160,2016-04-24 02:00:00,1,0.016667,2
6117666160,2016-04-24 03:00:00,0,0.0,3
6117666160,2016-04-24 04:00:00,1,0.016667,4
6117666160,2016-04-24 05:00:00,0,0.0,5
6117666160,2016-04-24 06:00:00,0,0.0,6
6117666160,2016-04-24 07:00:00,0,0.0,7
6117666160,2016-04-24 08:00:00,16,0.266667,8
6117666160,2016-04-24 09:00:00,32,0.533333,9
6117666160,2016-04-24 10:00:00,50,0.833333,10
6117666160,2016-04-24 11:00:00,33,0.55,11
6117666160,2016-04-24 12:00:00,40,0.666667,12
6117666160,2016-04-24 13:00:00,43,0.716667,13
6117666160,2016-04-24 14:00:00,34,0.566667,14
6117666160,2016-04-24 15:00:00,40,0.666667,15
6117666160,2016-04-24 16:00:00,20,0.333333,16
6117666160,2016-04-24 17:00:00,22,0.366667,17
6117666160,2016-04-24 18:00:00,2,0.033333,18
6117666160,2016-04-24 19:00:00,0,0.0,19
6117666160,2016-04-24 20:00:00,0,0.0,20
6117666160,2016-04-24 21:00:00,0,0.0,21
6117666160,2016-04-24 22:00:00,0,0.0,22
6117666160,2016-04-24 23:00:00,0,0.0,23
6117666160,2016-04-25 00:00:00,0,0.0,0
6117666160,2016-04-25 01:00:00,0,0.0,1
6117666160,2016-04-25 02:00:00,0,0.0,2
6117666160,2016-04-25 03:00:00,0,0.0,3
6117666160,2016-04-25 04:00:00,0,0.0,4
6117666160,2016-04-25 05:00:00,0,0.0,5
6117666160,2016-04-25 06:00:00,0,0.0,6
6117666160,2016-04-25 07:00:00,0,0.0,7
6117666160,2016-04-25 08:00:00,0,0.0,8
6117666160,2016-04-25 09:00:00,0,0.0,9
6117666160,2016-04-25 10:00:00,0,0.0,10
6117666160,2016-04-25 11:00:00,0,0.0,11
6117666160,2016-04-25 12:00:00,0,0.0,12
6117666160,2016-04-25 13:00:00,0,0.0,13
6117666160,2016-04-25 14:00:00,0,0.0,14
6117666160,2016-04-25 15:00:00,0,0.0,15
6117666160,2016-04-25 16:00:00,0,0.0,16
6117666160,2016-04-25 17:00:00,0,0.0,17
6117666160,2016-04-25 18:00:00,0,0.0,18
6117666160,2016-04-25 19:00:00,0,0.0,19
6117666160,2016-04-25 20:00:00,0,0.0,20
6117666160,2016-04-25 21:00:00,0,0.0,21
6117666160,2016-04-25 22:00:00,0,0.0,22
6117666160,2016-04-25 23:00:00,0,0.0,23
6117666160,2016-04-26 00:00:00,0,0.0,0
6117666160,2016-04-26 01:00:00,0,0.0,1
6117666160,2016-04-26 02:00:00,0,0.0,2
6117666160,2016-04-26 03:00:00,0,0.0,3
6117666160,2016-04-26 04:00:00,0,0.0,4
6117666160,2016-04-26 05:00:00,0,0.0,5
6117666160,2016-04-26 06:00:00,0,0.0,6
6117666160,2016-04-26 07:00:00,2,0.033333,7
6117666160,2016-04-26 08:00:00,20,0.333333,8
6117666160,2016-04-26 09:00:00,6,0.1,9
6117666160,2016-04-26 10:00:00,1,0.016667,10
6117666160,2016-04-26 11:00:00,13,0.216667,11
6117666160,2016-04-26 12:00:00,42,0.7,12
6117666160,2016-04-26 13:00:00,25,0.416667,13
6117666160,2016-04-26 14:00:00,7,0.116667,14
6117666160,2016-04-26 15:00:00,35,0.583333,15
6117666160,2016-04-26 16:00:00,39,0.65,16
6117666160,2016-04-26 17:00:00,45,0.75,17
6117666160,2016-04-26 18:00:00,37,0.616667,18
6117666160,2016-04-26 19:00:00,27,0.45,19
6117666160,2016-04-26 20:00:00,34,0.566667,20
6117666160,2016-04-26 21:00:00,8,0.133333,21
6117666160,2016-04-26 22:00:00,13,0.216667,22
6117666160,2016-04-26 23:00:00,12,0.2,23
6117666160,2016-04-27 00:00:00,1,0.016667,0
6117666160,2016-04-27 01:00:00,0,0.0,1
6117666160,2016-04-27 02:00:00,0,0.0,2
6117666160,2016-04-27 03:00:00,0,0.0,3
6117666160,2016-04-27 04:00:00,1,0.016667,4
6117666160,2016-04-27 05:00:00,0,0.0,5
6117666160,2016-04-27 06:00:00,0,0.0,6
6117666160,2016-04-27 07:00:00,0,0.0,7
6117666160,2016-04-27 08:00:00,0,0.0,8
6117666160,2016-04-27 09:00:00,14,0.233333,9
6117666160,2016-04-27 10:00:00,0,0.0,10
6117666160,2016-04-27 11:00:00,32,0.533333,11
6117666160,2016-04-27 12:00:00,33,0.55,12
6117666160,2016-04-27 13:00:00,50,0.833333,13
6117666160,2016-04-27 14:00:00,42,0.7,14
6117666160,2016-04-27 15:00:00,43,0.716667,15
6117666160,2016-04-27 16:00:00,29,0.483333,16
6117666160,2016-04-27 17:00:00,46,0.766667,17
6117666160,2016-04-27 18:00:00,43,0.716667,18
6117666160,2016-04-27 19:00:00,41,0.683333,19
6117666160,2016-04-27 20:00:00,42,0.7,20
6117666160,2016-04-27 21:00:00,20,0.333333,21
6117666160,2016-04-27 22:00:00,11,0.183333,22
6117666160,2016-04-27 23:00:00,10,0.166667,23
6117666160,2016-04-28 00:00:00,0,0.0,0
6117666160,2016-04-28 01:00:00,0,0.0,1
6117666160,2016-04-28 02:00:00,0,0.0,2
6117666160,2016-04-28 03:00:00,3,0.05,3
6117666160,2016-04-28 04:00:00,0,0.0,4
6117666160,2016-04-28 05:00:00,0,0.0,5
6117666160,2016-04-28 06:00:00,1,0.016667,6
6117666160,2016-04-28 07:00:00,1,0.016667,7
6117666160,2016-04-28 08:00:00,19,0.316667,8
6117666160,2016-04-28 09:00:00,6,0.1,9
6117666160,2016-04-28 10:00:00,30,0.5,10
6117666160,2016-04-28 11:00:00,0,0.0,11
6117666160,2016-04-28 12:00:00,0,0.0,12
6117666160,2016-04-28 13:00:00,9,0.15,13
6117666160,2016-04-28 14:00:00,0,0.0,14
6117666160,2016-04-28 15:00:00,0,0.0,15
6117666160,2016-04-28 16:00:00,18,0.3,16
6117666160,2016-04-28 17:00:00,32,0.533333,17
6117666160,2016-04-28 18:00:00,6,0.1,18
6117666160,2016-04-28 19:00:00,11,0.183333,19
6117666160,2016-04-28 20:00:00,1,0.016667,20
6117666160,2016-04-28 21:00:00,4,0.066667,21
6117666160,2016-04-28 22:00:00,0,0.0,22
6117666160,2016-04-28 23:00:00,0,0.0,23
6117666160,2016-04-29 00:00:00,0,0.0,0
6117666160,2016-04-29 01:00:00,0,0.0,1
6117666160,2016-04-29 02:00:00,0,0.0,2
6117666160,2016-04-29 03:00:00,0,0.0,3
6117666160,2016-04-29 04:00:00,0,0.0,4
6117666160,2016-04-29 05:00:00,0,0.0,5
6117666160,2016-04-29 06:00:00,0,0.0,6
6117666160,2016-04-29 07:00:00,0,0.0,7
6117666160,2016-04-29 08:00:00,11,0.183333,8
6117666160,2016-04-29 09:00:00,4,0.066667,9
6117666160,2016-04-29 10:00:00,19,0.316667,10
6117666160,2016-04-29 11:00:00,20,0.333333,11
6117666160,2016-04-29 12:00:00,48,0.8,12
6117666160,2016-04-29 13:00:00,47,0.783333,13
6117666160,2016-04-29 14:00:00,47,0.783333,14
6117666160,2016-04-29 15:00:00,45,0.75,15
6117666160,2016-04-29 16:00:00,38,0.633333,16
6117666160,2016-04-29 17:00:00,38,0.633333,17
6117666160,2016-04-29 18:00:00,38,0.633333,18
6117666160,2016-04-29 19:00:00,46,0.766667,19
6117666160,2016-04-29 20:00:00,33,0.55,20
6117666160,2016-04-29 21:00:00,8,0.133333,21
6117666160,2016-04-29 22:00:00,11,0.183333,22
6117666160,2016-04-29 23:00:00,8,0.133333,23
6117666160,2016-04-30 00:00:00,2,0.033333,0
6117666160,2016-04-30 01:00:00,0,0.0,1
6117666160,2016-04-30 02:00:00,0,0.0,2
6117666160,2016-04-30 03:00:00,0,0.0,3
6117666160,2016-04-30 04:00:00,0,0.0,4
6117666160,2016-04-30 05:00:00,0,0.0,5
6117666160,2016-04-30 06:00:00,0,0.0,6
6117666160,2016-04-30 07:00:00,0,0.0,7
6117666160,2016-04-30 08:00:00,0,0.0,8
6117666160,2016-04-30 09:00:00,0,0.0,9
6117666160,2016-04-30 10:00:00,19,0.316667,10
6117666160,2016-04-30 11:00:00,18,0.3,11
6117666160,2016-04-30 12:00:00,25,0.416667,12
6117666160,2016-04-30 13:00:00,31,0.516667,13
6117666160,2016-04-30 14:00:00,24,0.4,14
6117666160,2016-04-30 15:00:00,33,0.55,15
6117666160,2016-04-30 16:00:00,29,0.483333,16
6117666160,2016-04-30 17:00:00,30,0.5,17
6117666160,2016-04-30 18:00:00,28,0.466667,18
6117666160,2016-04-30 19:00:00,30,0.5,19
6117666160,2016-04-30 20:00:00,36,0.6,20
6117666160,2016-04-30 21:00:00,24,0.4,21
6117666160,2016-04-30 22:00:00,14,0.233333,22
6117666160,2016-04-30 23:00:00,0,0.0,23
6117666160,2016-05-01 00:00:00,0,0.0,0
6117666160,2016-05-01 01:00:00,1,0.016667,1
6117666160,2016-05-01 02:00:00,18,0.3,2
6117666160,2016-05-01 03:00:00,1,0.016667,3
6117666160,2016-05-01 04:00:00,0,0.0,4
6117666160,2016-05-01 05:00:00,0,0.0,5
6117666160,2016-05-01 06:00:00,0,0.0,6
6117666160,2016-05-01 07:00:00,0,0.0,7
6117666160,2016-05-01 08:00:00,0,0.0,8
6117666160,2016-05-01 09:00:00,22,0.366667,9
6117666160,2016-05-01 10:00:00,27,0.45,10
6117666160,2016-05-01 11:00:00,50,0.833333,11
6117666160,2016-05-01 12:00:00,43,0.716667,12
6117666160,2016-05-01 13:00:00,47,0.783333,13
6117666160,2016-05-01 14:00:00,29,0.483333,14
6117666160,2016-05-01 15:00:00,26,0.433333,15
6117666160,2016-05-01 16:00:00,28,0.466667,16
6117666160,2016-05-01 17:00:00,32,0.533333,17
6117666160,2016-05-01 18:00:00,46,0.766667,18
6117666160,2016-05-01 19:00:00,23,0.383333,19
6117666160,2016-05-01 20:00:00,4,0.066667,20
6117666160,2016-05-01 21:00:00,0,0.0,21
6117666160,2016-05-01 22:00:00,0,0.0,22
6117666160,2016-05-01 23:00:00,0,0.0,23
6117666160,2016-05-02 00:00:00,0,0.0,0
6117666160,2016-05-02 01:00:00,0,0.0,1
6117666160,2016-05-02 02:00:00,0,0.0,2
6117666160,2016-05-02 03:00:00,17,0.283333,3
6117666160,2016-05-02 04:00:00,32,0.533333,4
6117666160,2016-05-02 05:00:00,41,0.683333,5
6117666160,2016-05-02 06:00:00,36,0.6,6
6117666160,2016-05-02 07:00:00,42,0.7,7
6117666160,2016-05-02 08:00:00,48,0.8,8
6117666160,2016-05-02 09:00:00,19,0.316667,9
6117666160,2016-05-02 10:00:00,0,0.0,10
6117666160,2016-05-02 11:00:00,0,0.0,11
6117666160,2016-05-02 12:00:00,0,0.0,12
6117666160,2016-05-02 13:00:00,0,0.0,13
6117666160,2016-05-02 14:00:00,0,0.0,14
6117666160,2016-05-02 15:00:00,0,0.0,15
6117666160,2016-05-02 16:00:00,0,0.0,16
6117666160,2016-05-02 17:00:00,0,0.0,17
6117666160,2016-05-02 18:00:00,0,0.0,18
6117666160,2016-05-02 19:00:00,0,0.0,19
6117666160,2016-05-02 20:00:00,0,0.0,20
6117666160,2016-05-02 21:00:00,0,0.0,21
6117666160,2016-05-02 22:00:00,0,0.0,22
6117666160,2016-05-02 23:00:00,0,0.0,23
6117666160,2016-05-03 00:00:00,0,0.0,0
6117666160,2016-05-03 01:00:00,0,0.0,1
6117666160,2016-05-03 02:00:00,0,0.0,2
6117666160,2016-05-03 03:00:00,0,0.0,3
6117666160,2016-05-03 04:00:00,0,0.0,4
6117666160,2016-05-03 05:00:00,0,0.0,5
6117666160,2016-05-03 06:00:00,0,0.0,6
6117666160,2016-05-03 07:00:00,0,0.0,7
6117666160,2016-05-03 08:00:00,0,0.0,8
6117666160,2016-05-03 09:00:00,0,0.0,9
6117666160,2016-05-03 10:00:00,0,0.0,10
6117666160,2016-05-03 11:00:00,0,0.0,11
6117666160,2016-05-03 12:00:00,0,0.0,12
6117666160,2016-05-03 13:00:00,0,0.0,13
6117666160,2016-05-03 14:00:00,0,0.0,14
6117666160,2016-05-03 15:00:00,0,0.0,15
6117666160,2016-05-03 16:00:00,0,0.0,16
6117666160,2016-05-03 17:00:00,0,0.0,17
6117666160,2016-05-03 18:00:00,0,0.0,18
6117666160,2016-05-03 19:00:00,0,0.0,19
6117666160,2016-05-03 20:00:00,0,0.0,20
6117666160,2016-05-03 21:00:00,0,0.0,21
6117666160,2016-05-03 22:00:00,0,0.0,22
6117666160,2016-05-03 23:00:00,0,0.0,23
6117666160,2016-05-04 00:00:00,0,0.0,0
6117666160,2016-05-04 01:00:00,0,0.0,1
6117666160,2016-05-04 02:00:00,0,0.0,2
6117666160,2016-05-04 03:00:00,0,0.0,3
6117666160,2016-05-04 04:00:00,0,0.0,4
6117666160,2016-05-04 05:00:00,0,0.0,5
6117666160,2016-05-04 06:00:00,0,0.0,6
6117666160,2016-05-04 07:00:00,0,0.0,7
6117666160,2016-05-04 08:00:00,0,0.0,8
6117666160,2016-05-04 09:00:00,0,0.0,9
6117666160,2016-05-04 10:00:00,0,0.0,10
6117666160,2016-05-04 11:00:00,0,0.0,11
6117666160,2016-05-04 12:00:00,0,0.0,12
6117666160,2016-05-04 13:00:00,0,0.0,13
6117666160,2016-05-04 14:00:00,0,0.0,14
6117666160,2016-05-04 15:00:00,0,0.0,15
6117666160,2016-05-04 16:00:00,0,0.0,16
6117666160,2016-05-04 17:00:00,0,0.0,17
6117666160,2016-05-04 18:00:00,37,0.616667,18
6117666160,2016-05-04 19:00:00,48,0.8,19
6117666160,2016-05-04 20:00:00,34,0.566667,20
6117666160,2016-05-04 21:00:00,22,0.366667,21
6117666160,2016-05-04 22:00:00,1,0.016667,22
6117666160,2016-05-04 23:00:00,14,0.233333,23
6117666160,2016-05-05 00:00:00,0,0.0,0
6117666160,2016-05-05 01:00:00,0,0.0,1
6117666160,2016-05-05 02:00:00,0,0.0,2
6117666160,2016-05-05 03:00:00,1,0.016667,3
6117666160,2016-05-05 04:00:00,0,0.0,4
6117666160,2016-05-05 05:00:00,0,0.0,5
6117666160,2016-05-05 06:00:00,1,0.016667,6
6117666160,2016-05-05 07:00:00,29,0.483333,7
6117666160,2016-05-05 08:00:00,21,0.35,8
6117666160,2016-05-05 09:00:00,45,0.75,9
6117666160,2016-05-05 10:00:00,41,0.683333,10
6117666160,2016-05-05 11:00:00,42,0.7,11
6117666160,2016-05-05 12:00:00,29,0.483333,12
6117666160,2016-05-05 13:00:00,28,0.466667,13
6117666160,2016-05-05 14:00:00,36,0.6,14
6117666160,2016-05-05 15:00:00,41,0.683333,15
6117666160,2016-05-05 16:00:00,33,0.55,16
6117666160,2016-05-05 17:00:00,28,0.466667,17
6117666160,2016-05-05 18:00:00,23,0.383333,18
6117666160,2016-05-05 19:00:00,25,0.416667,19
6117666160,2016-05-05 20:00:00,29,0.483333,20
6117666160,2016-05-05 21:00:00,3,0.05,21
6117666160,2016-05-05 22:00:00,32,0.533333,22
6117666160,2016-05-05 23:00:00,0,0.0,23
6117666160,2016-05-06 00:00:00,0,0.0,0
6117666160,2016-05-06 01:00:00,0,0.0,1
6117666160,2016-05-06 02:00:00,0,0.0,2
6117666160,2016-05-06 03:00:00,0,0.0,3
6117666160,2016-05-06 04:00:00,0,0.0,4
6117666160,2016-05-06 05:00:00,0,0.0,5
6117666160,2016-05-06 06:00:00,1,0.016667,6
6117666160,2016-05-06 07:00:00,0,0.0,7
6117666160,2016-05-06 08:00:00,0,0.0,8
6117666160,2016-05-06 09:00:00,14,0.233333,9
6117666160,2016-05-06 10:00:00,11,0.183333,10
6117666160,2016-05-06 11:00:00,0,0.0,11
6117666160,2016-05-06 12:00:00,6,0.1,12
6117666160,2016-05-06 13:00:00,0,0.0,13
6117666160,2016-05-06 14:00:00,0,0.0,14
6117666160,2016-05-06 15:00:00,31,0.516667,15
6117666160,2016-05-06 16:00:00,20,0.333333,16
6117666160,2016-05-06 17:00:00,0,0.0,17
6117666160,2016-05-06 18:00:00,19,0.316667,18
6117666160,2016-05-06 19:00:00,11,0.183333,19
6117666160,2016-05-06 20:00:00,4,0.066667,20
6117666160,2016-05-06 21:00:00,14,0.233333,21
6117666160,2016-05-06 22:00:00,2,0.033333,22
6117666160,2016-05-06 23:00:00,0,0.0,23
6117666160,2016-05-07 00:00:00,20,0.333333,0
6117666160,2016-05-07 01:00:00,0,0.0,1
6117666160,2016-05-07 02:00:00,0,0.0,2
6117666160,2016-05-07 03:00:00,0,0.0,3
6117666160,2016-05-07 04:00:00,0,0.0,4
6117666160,2016-05-07 05:00:00,0,0.0,5
6117666160,2016-05-07 06:00:00,0,0.0,6
6117666160,2016-05-07 07:00:00,6,0.1,7
6117666160,2016-05-07 08:00:00,24,0.4,8
6117666160,2016-05-07 09:00:00,34,0.566667,9
6117666160,2016-05-07 10:00:00,40,0.666667,10
6117666160,2016-05-07 11:00:00,45,0.75,11
6117666160,2016-05-07 12:00:00,30,0.5,12
6117666160,2016-05-07 13:00:00,40,0.666667,13
6117666160,2016-05-07 14:00:00,45,0.75,14
6117666160,2016-05-07 15:00:00,30,0.5,15
6117666160,2016-05-07 16:00:00,33,0.55,16
6117666160,2016-05-07 17:00:00,30,0.5,17
6117666160,2016-05-07 18:00:00,12,0.2,18
6117666160,2016-05-07 19:00:00,11,0.183333,19
6117666160,2016-05-07 20:00:00,1,0.016667,20
6117666160,2016-05-07 21:00:00,10,0.166667,21
6117666160,2016-05-07 22:00:00,1,0.016667,22
6117666160,2016-05-07 23:00:00,0,0.0,23
6117666160,2016-05-08 00:00:00,7,0.116667,0
6117666160,2016-05-08 01:00:00,0,0.0,1
6117666160,2016-05-08 02:00:00,0,0.0,2
6117666160,2016-05-08 03:00:00,0,0.0,3
6117666160,2016-05-08 04:00:00,2,0.033333,4
6117666160,2016-05-08 05:00:00,0,0.0,5
6117666160,2016-05-08 06:00:00,0,0.0,6
6117666160,2016-05-08 07:00:00,0,0.0,7
6117666160,2016-05-08 08:00:00,0,0.0,8
6117666160,2016-05-08 09:00:00,23,0.383333,9
6117666160,2016-05-08 10:00:00,23,0.383333,10
6117666160,2016-05-08 11:00:00,19,0.316667,11
6117666160,2016-05-08 12:00:00,31,0.516667,12
6117666160,2016-05-08 13:00:00,24,0.4,13
6117666160,2016-05-08 14:00:00,17,0.283333,14
6117666160,2016-05-08 15:00:00,40,0.666667,15
6117666160,2016-05-08 16:00:00,25,0.416667,16
6117666160,2016-05-08 17:00:00,43,0.716667,17
6117666160,2016-05-08 18:00:00,35,0.583333,18
6117666160,2016-05-08 19:00:00,11,0.183333,19
6117666160,2016-05-08 20:00:00,1,0.016667,20
6117666160,2016-05-08 21:00:00,1,0.016667,21
6117666160,2016-05-08 22:00:00,16,0.266667,22
6117666160,2016-05-08 23:00:00,0,0.0,23
6117666160,2016-05-09 00:00:00,0,0.0,0
6117666160,2016-05-09 01:00:00,0,0.0,1
6117666160,2016-05-09 02:00:00,1,0.016667,2
6117666160,2016-05-09 03:00:00,0,0.0,3
6117666160,2016-05-09 04:00:00,0,0.0,4
6117666160,2016-05-09 05:00:00,1,0.016667,5
6117666160,2016-05-09 06:00:00,2,0.033333,6
6117666160,2016-05-09 07:00:00,18,0.3,7
6117666160,2016-05-09 08:00:00,24,0.4,8
6117666160,2016-05-09 09:00:00,37,0.616667,9
6117666160,2016-05-09 10:00:00,37,0.616667,10
6117666160,2016-05-09 11:00:00,35,0.583333,11
6290855005,2016-04-12 00:00:00,0,0.0,0
6290855005,2016-04-12 01:00:00,0,0.0,1
6290855005,2016-04-12 02:00:00,0,0.0,2
6290855005,2016-04-12 03:00:00,0,0.0,3
6290855005,2016-04-12 04:00:00,0,0.0,4
6290855005,2016-04-12 05:00:00,0,0.0,5
6290855005,2016-04-12 06:00:00,3,0.05,6
6290855005,2016-04-12 07:00:00,21,0.35,7
6290855005,2016-04-12 08:00:00,16,0.266667,8
6290855005,2016-04-12 09:00:00,26,0.433333,9
6290855005,2016-04-12 10:00:00,22,0.366667,10
6290855005,2016-04-12 11:00:00,19,0.316667,11
6290855005,2016-04-12 12:00:00,11,0.183333,12
6290855005,2016-04-12 13:00:00,24,0.4,13
6290855005,2016-04-12 14:00:00,21,0.35,14
6290855005,2016-04-12 15:00:00,19,0.316667,15
6290855005,2016-04-12 16:00:00,17,0.283333,16
6290855005,2016-04-12 17:00:00,0,0.0,17
6290855005,2016-04-12 18:00:00,0,0.0,18
6290855005,2016-04-12 19:00:00,0,0.0,19
6290855005,2016-04-12 20:00:00,0,0.0,20
6290855005,2016-04-12 21:00:00,0,0.0,21
6290855005,2016-04-12 22:00:00,0,0.0,22
6290855005,2016-04-12 23:00:00,0,0.0,23
6290855005,2016-04-13 00:00:00,0,0.0,0
6290855005,2016-04-13 01:00:00,0,0.0,1
6290855005,2016-04-13 02:00:00,0,0.0,2
6290855005,2016-04-13 03:00:00,0,0.0,3
6290855005,2016-04-13 04:00:00,0,0.0,4
6290855005,2016-04-13 05:00:00,0,0.0,5
6290855005,2016-04-13 06:00:00,11,0.183333,6
6290855005,2016-04-13 07:00:00,23,0.383333,7
6290855005,2016-04-13 08:00:00,28,0.466667,8
6290855005,2016-04-13 09:00:00,31,0.516667,9
6290855005,2016-04-13 10:00:00,23,0.383333,10
6290855005,2016-04-13 11:00:00,22,0.366667,11
6290855005,2016-04-13 12:00:00,32,0.533333,12
6290855005,2016-04-13 13:00:00,30,0.5,13
6290855005,2016-04-13 14:00:00,31,0.516667,14
6290855005,2016-04-13 15:00:00,27,0.45,15
6290855005,2016-04-13 16:00:00,32,0.533333,16
6290855005,2016-04-13 17:00:00,16,0.266667,17
6290855005,2016-04-13 18:00:00,30,0.5,18
6290855005,2016-04-13 19:00:00,11,0.183333,19
6290855005,2016-04-13 20:00:00,3,0.05,20
6290855005,2016-04-13 21:00:00,0,0.0,21
6290855005,2016-04-13 22:00:00,0,0.0,22
6290855005,2016-04-13 23:00:00,0,0.0,23
6290855005,2016-04-14 00:00:00,0,0.0,0
6290855005,2016-04-14 01:00:00,0,0.0,1
6290855005,2016-04-14 02:00:00,0,0.0,2
6290855005,2016-04-14 03:00:00,0,0.0,3
6290855005,2016-04-14 04:00:00,0,0.0,4
6290855005,2016-04-14 05:00:00,0,0.0,5
6290855005,2016-04-14 06:00:00,14,0.233333,6
6290855005,2016-04-14 07:00:00,30,0.5,7
6290855005,2016-04-14 08:00:00,27,0.45,8
6290855005,2016-04-14 09:00:00,21,0.35,9
6290855005,2016-04-14 10:00:00,27,0.45,10
6290855005,2016-04-14 11:00:00,31,0.516667,11
6290855005,2016-04-14 12:00:00,36,0.6,12
6290855005,2016-04-14 13:00:00,17,0.283333,13
6290855005,2016-04-14 14:00:00,18,0.3,14
6290855005,2016-04-14 15:00:00,17,0.283333,15
6290855005,2016-04-14 16:00:00,14,0.233333,16
6290855005,2016-04-14 17:00:00,27,0.45,17
6290855005,2016-04-14 18:00:00,23,0.383333,18
6290855005,2016-04-14 19:00:00,13,0.216667,19
6290855005,2016-04-14 20:00:00,12,0.2,20
6290855005,2016-04-14 21:00:00,21,0.35,21
6290855005,2016-04-14 22:00:00,12,0.2,22
6290855005,2016-04-14 23:00:00,3,0.05,23
6290855005,2016-04-15 00:00:00,0,0.0,0
6290855005,2016-04-15 01:00:00,0,0.0,1
6290855005,2016-04-15 02:00:00,0,0.0,2
6290855005,2016-04-15 03:00:00,0,0.0,3
6290855005,2016-04-15 04:00:00,0,0.0,4
6290855005,2016-04-15 05:00:00,0,0.0,5
6290855005,2016-04-15 06:00:00,0,0.0,6
6290855005,2016-04-15 07:00:00,10,0.166667,7
6290855005,2016-04-15 08:00:00,13,0.216667,8
6290855005,2016-04-15 09:00:00,23,0.383333,9
6290855005,2016-04-15 10:00:00,22,0.366667,10
6290855005,2016-04-15 11:00:00,24,0.4,11
6290855005,2016-04-15 12:00:00,15,0.25,12
6290855005,2016-04-15 13:00:00,25,0.416667,13
6290855005,2016-04-15 14:00:00,14,0.233333,14
6290855005,2016-04-15 15:00:00,8,0.133333,15
6290855005,2016-04-15 16:00:00,22,0.366667,16
6290855005,2016-04-15 17:00:00,17,0.283333,17
6290855005,2016-04-15 18:00:00,33,0.55,18
6290855005,2016-04-15 19:00:00,34,0.566667,19
6290855005,2016-04-15 20:00:00,15,0.25,20
6290855005,2016-04-15 21:00:00,20,0.333333,21
6290855005,2016-04-15 22:00:00,17,0.283333,22
6290855005,2016-04-15 23:00:00,16,0.266667,23
6290855005,2016-04-16 00:00:00,0,0.0,0
6290855005,2016-04-16 01:00:00,0,0.0,1
6290855005,2016-04-16 02:00:00,0,0.0,2
6290855005,2016-04-16 03:00:00,0,0.0,3
6290855005,2016-04-16 04:00:00,0,0.0,4
6290855005,2016-04-16 05:00:00,0,0.0,5
6290855005,2016-04-16 06:00:00,0,0.0,6
6290855005,2016-04-16 07:00:00,0,0.0,7
6290855005,2016-04-16 08:00:00,36,0.6,8
6290855005,2016-04-16 09:00:00,33,0.55,9
6290855005,2016-04-16 10:00:00,20,0.333333,10
6290855005,2016-04-16 11:00:00,24,0.4,11
6290855005,2016-04-16 12:00:00,5,0.083333,12
6290855005,2016-04-16 13:00:00,41,0.683333,13
6290855005,2016-04-16 14:00:00,41,0.683333,14
6290855005,2016-04-16 15:00:00,17,0.283333,15
6290855005,2016-04-16 16:00:00,13,0.216667,16
6290855005,2016-04-16 17:00:00,13,0.216667,17
6290855005,2016-04-16 18:00:00,12,0.2,18
6290855005,2016-04-16 19:00:00,3,0.05,19
6290855005,2016-04-16 20:00:00,0,0.0,20
6290855005,2016-04-16 21:00:00,0,0.0,21
6290855005,2016-04-16 22:00:00,0,0.0,22
6290855005,2016-04-16 23:00:00,0,0.0,23
6290855005,2016-04-17 00:00:00,0,0.0,0
6290855005,2016-04-17 01:00:00,0,0.0,1
6290855005,2016-04-17 02:00:00,0,0.0,2
6290855005,2016-04-17 03:00:00,0,0.0,3
6290855005,2016-04-17 04:00:00,0,0.0,4
6290855005,2016-04-17 05:00:00,0,0.0,5
6290855005,2016-04-17 06:00:00,0,0.0,6
6290855005,2016-04-17 07:00:00,12,0.2,7
6290855005,2016-04-17 08:00:00,12,0.2,8
6290855005,2016-04-17 09:00:00,91,1.516667,9
6290855005,2016-04-17 10:00:00,34,0.566667,10
6290855005,2016-04-17 11:00:00,8,0.133333,11
6290855005,2016-04-17 12:00:00,43,0.716667,12
6290855005,2016-04-17 13:00:00,56,0.933333,13
6290855005,2016-04-17 14:00:00,34,0.566667,14
6290855005,2016-04-17 15:00:00,6,0.1,15
6290855005,2016-04-17 16:00:00,11,0.183333,16
6290855005,2016-04-17 17:00:00,17,0.283333,17
6290855005,2016-04-17 18:00:00,12,0.2,18
6290855005,2016-04-17 19:00:00,6,0.1,19
6290855005,2016-04-17 20:00:00,0,0.0,20
6290855005,2016-04-17 21:00:00,0,0.0,21
6290855005,2016-04-17 22:00:00,0,0.0,22
6290855005,2016-04-17 23:00:00,0,0.0,23
6290855005,2016-04-18 00:00:00,0,0.0,0
6290855005,2016-04-18 01:00:00,0,0.0,1
6290855005,2016-04-18 02:00:00,0,0.0,2
6290855005,2016-04-18 03:00:00,0,0.0,3
6290855005,2016-04-18 04:00:00,0,0.0,4
6290855005,2016-04-18 05:00:00,1,0.016667,5
6290855005,2016-04-18 06:00:00,19,0.316667,6
6290855005,2016-04-18 07:00:00,20,0.333333,7
6290855005,2016-04-18 08:00:00,18,0.3,8
6290855005,2016-04-18 09:00:00,28,0.466667,9
6290855005,2016-04-18 10:00:00,40,0.666667,10
6290855005,2016-04-18 11:00:00,23,0.383333,11
6290855005,2016-04-18 12:00:00,31,0.516667,12
6290855005,2016-04-18 13:00:00,23,0.383333,13
6290855005,2016-04-18 14:00:00,15,0.25,14
6290855005,2016-04-18 15:00:00,24,0.4,15
6290855005,2016-04-18 16:00:00,17,0.283333,16
6290855005,2016-04-18 17:00:00,12,0.2,17
6290855005,2016-04-18 18:00:00,0,0.0,18
6290855005,2016-04-18 19:00:00,0,0.0,19
6290855005,2016-04-18 20:00:00,0,0.0,20
6290855005,2016-04-18 21:00:00,0,0.0,21
6290855005,2016-04-18 22:00:00,0,0.0,22
6290855005,2016-04-18 23:00:00,0,0.0,23
6290855005,2016-04-19 00:00:00,0,0.0,0
6290855005,2016-04-19 01:00:00,0,0.0,1
6290855005,2016-04-19 02:00:00,0,0.0,2
6290855005,2016-04-19 03:00:00,0,0.0,3
6290855005,2016-04-19 04:00:00,0,0.0,4
6290855005,2016-04-19 05:00:00,0,0.0,5
6290855005,2016-04-19 06:00:00,14,0.233333,6
6290855005,2016-04-19 07:00:00,16,0.266667,7
6290855005,2016-04-19 08:00:00,16,0.266667,8
6290855005,2016-04-19 09:00:00,33,0.55,9
6290855005,2016-04-19 10:00:00,37,0.616667,10
6290855005,2016-04-19 11:00:00,38,0.633333,11
6290855005,2016-04-19 12:00:00,29,0.483333,12
6290855005,2016-04-19 13:00:00,27,0.45,13
6290855005,2016-04-19 14:00:00,41,0.683333,14
6290855005,2016-04-19 15:00:00,22,0.366667,15
6290855005,2016-04-19 16:00:00,17,0.283333,16
6290855005,2016-04-19 17:00:00,5,0.083333,17
6290855005,2016-04-19 18:00:00,11,0.183333,18
6290855005,2016-04-19 19:00:00,11,0.183333,19
6290855005,2016-04-19 20:00:00,4,0.066667,20
6290855005,2016-04-19 21:00:00,0,0.0,21
6290855005,2016-04-19 22:00:00,0,0.0,22
6290855005,2016-04-19 23:00:00,0,0.0,23
6290855005,2016-04-20 00:00:00,0,0.0,0
6290855005,2016-04-20 01:00:00,0,0.0,1
6290855005,2016-04-20 02:00:00,0,0.0,2
6290855005,2016-04-20 03:00:00,0,0.0,3
6290855005,2016-04-20 04:00:00,0,0.0,4
6290855005,2016-04-20 05:00:00,0,0.0,5
6290855005,2016-04-20 06:00:00,18,0.3,6
6290855005,2016-04-20 07:00:00,36,0.6,7
6290855005,2016-04-20 08:00:00,24,0.4,8
6290855005,2016-04-20 09:00:00,11,0.183333,9
6290855005,2016-04-20 10:00:00,18,0.3,10
6290855005,2016-04-20 11:00:00,13,0.216667,11
6290855005,2016-04-20 12:00:00,20,0.333333,12
6290855005,2016-04-20 13:00:00,32,0.533333,13
6290855005,2016-04-20 14:00:00,22,0.366667,14
6290855005,2016-04-20 15:00:00,25,0.416667,15
6290855005,2016-04-20 16:00:00,23,0.383333,16
6290855005,2016-04-20 17:00:00,16,0.266667,17
6290855005,2016-04-20 18:00:00,0,0.0,18
6290855005,2016-04-20 19:00:00,0,0.0,19
6290855005,2016-04-20 20:00:00,0,0.0,20
6290855005,2016-04-20 21:00:00,0,0.0,21
6290855005,2016-04-20 22:00:00,0,0.0,22
6290855005,2016-04-20 23:00:00,0,0.0,23
6290855005,2016-04-21 00:00:00,0,0.0,0
6290855005,2016-04-21 01:00:00,0,0.0,1
6290855005,2016-04-21 02:00:00,0,0.0,2
6290855005,2016-04-21 03:00:00,0,0.0,3
6290855005,2016-04-21 04:00:00,0,0.0,4
6290855005,2016-04-21 05:00:00,0,0.0,5
6290855005,2016-04-21 06:00:00,0,0.0,6
6290855005,2016-04-21 07:00:00,0,0.0,7
6290855005,2016-04-21 08:00:00,0,0.0,8
6290855005,2016-04-21 09:00:00,0,0.0,9
6290855005,2016-04-21 10:00:00,0,0.0,10
6290855005,2016-04-21 11:00:00,0,0.0,11
6290855005,2016-04-21 12:00:00,0,0.0,12
6290855005,2016-04-21 13:00:00,0,0.0,13
6290855005,2016-04-21 14:00:00,0,0.0,14
6290855005,2016-04-21 15:00:00,0,0.0,15
6290855005,2016-04-21 16:00:00,0,0.0,16
6290855005,2016-04-21 17:00:00,0,0.0,17
6290855005,2016-04-21 18:00:00,0,0.0,18
6290855005,2016-04-21 19:00:00,0,0.0,19
6290855005,2016-04-21 20:00:00,0,0.0,20
6290855005,2016-04-21 21:00:00,0,0.0,21
6290855005,2016-04-21 22:00:00,0,0.0,22
6290855005,2016-04-21 23:00:00,0,0.0,23
6290855005,2016-04-22 00:00:00,0,0.0,0
6290855005,2016-04-22 01:00:00,0,0.0,1
6290855005,2016-04-22 02:00:00,0,0.0,2
6290855005,2016-04-22 03:00:00,0,0.0,3
6290855005,2016-04-22 04:00:00,0,0.0,4
6290855005,2016-04-22 05:00:00,0,0.0,5
6290855005,2016-04-22 06:00:00,22,0.366667,6
6290855005,2016-04-22 07:00:00,30,0.5,7
6290855005,2016-04-22 08:00:00,24,0.4,8
6290855005,2016-04-22 09:00:00,30,0.5,9
6290855005,2016-04-22 10:00:00,19,0.316667,10
6290855005,2016-04-22 11:00:00,27,0.45,11
6290855005,2016-04-22 12:00:00,31,0.516667,12
6290855005,2016-04-22 13:00:00,21,0.35,13
6290855005,2016-04-22 14:00:00,33,0.55,14
6290855005,2016-04-22 15:00:00,6,0.1,15
6290855005,2016-04-22 16:00:00,26,0.433333,16
6290855005,2016-04-22 17:00:00,30,0.5,17
6290855005,2016-04-22 18:00:00,3,0.05,18
6290855005,2016-04-22 19:00:00,0,0.0,19
6290855005,2016-04-22 20:00:00,0,0.0,20
6290855005,2016-04-22 21:00:00,0,0.0,21
6290855005,2016-04-22 22:00:00,0,0.0,22
6290855005,2016-04-22 23:00:00,0,0.0,23
6290855005,2016-04-23 00:00:00,0,0.0,0
6290855005,2016-04-23 01:00:00,0,0.0,1
6290855005,2016-04-23 02:00:00,0,0.0,2
6290855005,2016-04-23 03:00:00,0,0.0,3
6290855005,2016-04-23 04:00:00,0,0.0,4
6290855005,2016-04-23 05:00:00,0,0.0,5
6290855005,2016-04-23 06:00:00,0,0.0,6
6290855005,2016-04-23 07:00:00,0,0.0,7
6290855005,2016-04-23 08:00:00,0,0.0,8
6290855005,2016-04-23 09:00:00,72,1.2,9
6290855005,2016-04-23 10:00:00,27,0.45,10
6290855005,2016-04-23 11:00:00,0,0.0,11
6290855005,2016-04-23 12:00:00,0,0.0,12
6290855005,2016-04-23 13:00:00,0,0.0,13
6290855005,2016-04-23 14:00:00,0,0.0,14
6290855005,2016-04-23 15:00:00,0,0.0,15
6290855005,2016-04-23 16:00:00,0,0.0,16
6290855005,2016-04-23 17:00:00,0,0.0,17
6290855005,2016-04-23 18:00:00,0,0.0,18
6290855005,2016-04-23 19:00:00,0,0.0,19
6290855005,2016-04-23 20:00:00,0,0.0,20
6290855005,2016-04-23 21:00:00,0,0.0,21
6290855005,2016-04-23 22:00:00,0,0.0,22
6290855005,2016-04-23 23:00:00,0,0.0,23
6290855005,2016-04-24 00:00:00,0,0.0,0
6290855005,2016-04-24 01:00:00,0,0.0,1
6290855005,2016-04-24 02:00:00,0,0.0,2
6290855005,2016-04-24 03:00:00,0,0.0,3
6290855005,2016-04-24 04:00:00,0,0.0,4
6290855005,2016-04-24 05:00:00,0,0.0,5
6290855005,2016-04-24 06:00:00,0,0.0,6
6290855005,2016-04-24 07:00:00,0,0.0,7
6290855005,2016-04-24 08:00:00,0,0.0,8
6290855005,2016-04-24 09:00:00,11,0.183333,9
6290855005,2016-04-24 10:00:00,45,0.75,10
6290855005,2016-04-24 11:00:00,31,0.516667,11
6290855005,2016-04-24 12:00:00,44,0.733333,12
6290855005,2016-04-24 13:00:00,15,0.25,13
6290855005,2016-04-24 14:00:00,20,0.333333,14
6290855005,2016-04-24 15:00:00,15,0.25,15
6290855005,2016-04-24 16:00:00,12,0.2,16
6290855005,2016-04-24 17:00:00,26,0.433333,17
6290855005,2016-04-24 18:00:00,8,0.133333,18
6290855005,2016-04-24 19:00:00,12,0.2,19
6290855005,2016-04-24 20:00:00,17,0.283333,20
6290855005,2016-04-24 21:00:00,2,0.033333,21
6290855005,2016-04-24 22:00:00,0,0.0,22
6290855005,2016-04-24 23:00:00,0,0.0,23
6290855005,2016-04-25 00:00:00,0,0.0,0
6290855005,2016-04-25 01:00:00,0,0.0,1
6290855005,2016-04-25 02:00:00,0,0.0,2
6290855005,2016-04-25 03:00:00,0,0.0,3
6290855005,2016-04-25 04:00:00,0,0.0,4
6290855005,2016-04-25 05:00:00,0,0.0,5
6290855005,2016-04-25 06:00:00,16,0.266667,6
6290855005,2016-04-25 07:00:00,29,0.483333,7
6290855005,2016-04-25 08:00:00,52,0.866667,8
6290855005,2016-04-25 09:00:00,34,0.566667,9
6290855005,2016-04-25 10:00:00,22,0.366667,10
6290855005,2016-04-25 11:00:00,21,0.35,11
6290855005,2016-04-25 12:00:00,14,0.233333,12
6290855005,2016-04-25 13:00:00,20,0.333333,13
6290855005,2016-04-25 14:00:00,20,0.333333,14
6290855005,2016-04-25 15:00:00,20,0.333333,15
6290855005,2016-04-25 16:00:00,20,0.333333,16
6290855005,2016-04-25 17:00:00,11,0.183333,17
6290855005,2016-04-25 18:00:00,0,0.0,18
6290855005,2016-04-25 19:00:00,0,0.0,19
6290855005,2016-04-25 20:00:00,0,0.0,20
6290855005,2016-04-25 21:00:00,0,0.0,21
6290855005,2016-04-25 22:00:00,0,0.0,22
6290855005,2016-04-25 23:00:00,0,0.0,23
6290855005,2016-04-26 00:00:00,0,0.0,0
6290855005,2016-04-26 01:00:00,0,0.0,1
6290855005,2016-04-26 02:00:00,0,0.0,2
6290855005,2016-04-26 03:00:00,0,0.0,3
6290855005,2016-04-26 04:00:00,0,0.0,4
6290855005,2016-04-26 05:00:00,0,0.0,5
6290855005,2016-04-26 06:00:00,0,0.0,6
6290855005,2016-04-26 07:00:00,0,0.0,7
6290855005,2016-04-26 08:00:00,0,0.0,8
6290855005,2016-04-26 09:00:00,0,0.0,9
6290855005,2016-04-26 10:00:00,0,0.0,10
6290855005,2016-04-26 11:00:00,0,0.0,11
6290855005,2016-04-26 12:00:00,0,0.0,12
6290855005,2016-04-26 13:00:00,0,0.0,13
6290855005,2016-04-26 14:00:00,0,0.0,14
6290855005,2016-04-26 15:00:00,0,0.0,15
6290855005,2016-04-26 16:00:00,0,0.0,16
6290855005,2016-04-26 17:00:00,0,0.0,17
6290855005,2016-04-26 18:00:00,0,0.0,18
6290855005,2016-04-26 19:00:00,0,0.0,19
6290855005,2016-04-26 20:00:00,0,0.0,20
6290855005,2016-04-26 21:00:00,0,0.0,21
6290855005,2016-04-26 22:00:00,0,0.0,22
6290855005,2016-04-26 23:00:00,0,0.0,23
6290855005,2016-04-27 00:00:00,0,0.0,0
6290855005,2016-04-27 01:00:00,0,0.0,1
6290855005,2016-04-27 02:00:00,0,0.0,2
6290855005,2016-04-27 03:00:00,0,0.0,3
6290855005,2016-04-27 04:00:00,0,0.0,4
6290855005,2016-04-27 05:00:00,0,0.0,5
6290855005,2016-04-27 06:00:00,14,0.233333,6
6290855005,2016-04-27 07:00:00,28,0.466667,7
6290855005,2016-04-27 08:00:00,38,0.633333,8
6290855005,2016-04-27 09:00:00,20,0.333333,9
6290855005,2016-04-27 10:00:00,12,0.2,10
6290855005,2016-04-27 11:00:00,26,0.433333,11
6290855005,2016-04-27 12:00:00,24,0.4,12
6290855005,2016-04-27 13:00:00,21,0.35,13
6290855005,2016-04-27 14:00:00,32,0.533333,14
6290855005,2016-04-27 15:00:00,20,0.333333,15
6290855005,2016-04-27 16:00:00,22,0.366667,16
6290855005,2016-04-27 17:00:00,14,0.233333,17
6290855005,2016-04-27 18:00:00,16,0.266667,18
6290855005,2016-04-27 19:00:00,0,0.0,19
6290855005,2016-04-27 20:00:00,0,0.0,20
6290855005,2016-04-27 21:00:00,0,0.0,21
6290855005,2016-04-27 22:00:00,0,0.0,22
6290855005,2016-04-27 23:00:00,0,0.0,23
6290855005,2016-04-28 00:00:00,0,0.0,0
6290855005,2016-04-28 01:00:00,0,0.0,1
6290855005,2016-04-28 02:00:00,0,0.0,2
6290855005,2016-04-28 03:00:00,0,0.0,3
6290855005,2016-04-28 04:00:00,0,0.0,4
6290855005,2016-04-28 05:00:00,0,0.0,5
6290855005,2016-04-28 06:00:00,11,0.183333,6
6290855005,2016-04-28 07:00:00,29,0.483333,7
6290855005,2016-04-28 08:00:00,12,0.2,8
6290855005,2016-04-28 09:00:00,19,0.316667,9
6290855005,2016-04-28 10:00:00,3,0.05,10
6290855005,2016-04-28 11:00:00,29,0.483333,11
6290855005,2016-04-28 12:00:00,35,0.583333,12
6290855005,2016-04-28 13:00:00,17,0.283333,13
6290855005,2016-04-28 14:00:00,26,0.433333,14
6290855005,2016-04-28 15:00:00,25,0.416667,15
6290855005,2016-04-28 16:00:00,29,0.483333,16
6290855005,2016-04-28 17:00:00,20,0.333333,17
6290855005,2016-04-28 18:00:00,0,0.0,18
6290855005,2016-04-28 19:00:00,0,0.0,19
6290855005,2016-04-28 20:00:00,0,0.0,20
6290855005,2016-04-28 21:00:00,0,0.0,21
6290855005,2016-04-28 22:00:00,0,0.0,22
6290855005,2016-04-28 23:00:00,0,0.0,23
6290855005,2016-04-29 00:00:00,0,0.0,0
6290855005,2016-04-29 01:00:00,0,0.0,1
6290855005,2016-04-29 02:00:00,0,0.0,2
6290855005,2016-04-29 03:00:00,0,0.0,3
6290855005,2016-04-29 04:00:00,0,0.0,4
6290855005,2016-04-29 05:00:00,0,0.0,5
6290855005,2016-04-29 06:00:00,0,0.0,6
6290855005,2016-04-29 07:00:00,0,0.0,7
6290855005,2016-04-29 08:00:00,0,0.0,8
6290855005,2016-04-29 09:00:00,0,0.0,9
6290855005,2016-04-29 10:00:00,0,0.0,10
6290855005,2016-04-29 11:00:00,0,0.0,11
6290855005,2016-04-29 12:00:00,0,0.0,12
6290855005,2016-04-29 13:00:00,0,0.0,13
6290855005,2016-04-29 14:00:00,0,0.0,14
6290855005,2016-04-29 15:00:00,0,0.0,15
6290855005,2016-04-29 16:00:00,0,0.0,16
6290855005,2016-04-29 17:00:00,0,0.0,17
6290855005,2016-04-29 18:00:00,0,0.0,18
6290855005,2016-04-29 19:00:00,0,0.0,19
6290855005,2016-04-29 20:00:00,0,0.0,20
6290855005,2016-04-29 21:00:00,0,0.0,21
6290855005,2016-04-29 22:00:00,0,0.0,22
6290855005,2016-04-29 23:00:00,0,0.0,23
6290855005,2016-04-30 00:00:00,0,0.0,0
6290855005,2016-04-30 01:00:00,0,0.0,1
6290855005,2016-04-30 02:00:00,0,0.0,2
6290855005,2016-04-30 03:00:00,0,0.0,3
6290855005,2016-04-30 04:00:00,0,0.0,4
6290855005,2016-04-30 05:00:00,0,0.0,5
6290855005,2016-04-30 06:00:00,0,0.0,6
6290855005,2016-04-30 07:00:00,13,0.216667,7
6290855005,2016-04-30 08:00:00,21,0.35,8
6290855005,2016-04-30 09:00:00,35,0.583333,9
6290855005,2016-04-30 10:00:00,40,0.666667,10
6290855005,2016-04-30 11:00:00,53,0.883333,11
6290855005,2016-04-30 12:00:00,28,0.466667,12
6290855005,2016-04-30 13:00:00,36,0.6,13
6290855005,2016-04-30 14:00:00,33,0.55,14
6290855005,2016-04-30 15:00:00,26,0.433333,15
6290855005,2016-04-30 16:00:00,38,0.633333,16
6290855005,2016-04-30 17:00:00,0,0.0,17
6290855005,2016-04-30 18:00:00,0,0.0,18
6290855005,2016-04-30 19:00:00,0,0.0,19
6290855005,2016-04-30 20:00:00,1,0.016667,20
6290855005,2016-04-30 21:00:00,0,0.0,21
6290855005,2016-04-30 22:00:00,0,0.0,22
6290855005,2016-04-30 23:00:00,0,0.0,23
6290855005,2016-05-01 00:00:00,0,0.0,0
6290855005,2016-05-01 01:00:00,0,0.0,1
6290855005,2016-05-01 02:00:00,0,0.0,2
6290855005,2016-05-01 03:00:00,0,0.0,3
6290855005,2016-05-01 04:00:00,0,0.0,4
6290855005,2016-05-01 05:00:00,0,0.0,5
6290855005,2016-05-01 06:00:00,0,0.0,6
6290855005,2016-05-01 07:00:00,0,0.0,7
6290855005,2016-05-01 08:00:00,0,0.0,8
6290855005,2016-05-01 09:00:00,77,1.283333,9
6290855005,2016-05-01 10:00:00,67,1.116667,10
6290855005,2016-05-01 11:00:00,23,0.383333,11
6290855005,2016-05-01 12:00:00,28,0.466667,12
6290855005,2016-05-01 13:00:00,27,0.45,13
6290855005,2016-05-01 14:00:00,28,0.466667,14
6290855005,2016-05-01 15:00:00,20,0.333333,15
6290855005,2016-05-01 16:00:00,13,0.216667,16
6290855005,2016-05-01 17:00:00,24,0.4,17
6290855005,2016-05-01 18:00:00,34,0.566667,18
6290855005,2016-05-01 19:00:00,18,0.3,19
6290855005,2016-05-01 20:00:00,35,0.583333,20
6290855005,2016-05-01 21:00:00,102,1.7,21
6290855005,2016-05-01 22:00:00,0,0.0,22
6290855005,2016-05-01 23:00:00,0,0.0,23
6290855005,2016-05-02 00:00:00,0,0.0,0
6290855005,2016-05-02 01:00:00,0,0.0,1
6290855005,2016-05-02 02:00:00,0,0.0,2
6290855005,2016-05-02 03:00:00,0,0.0,3
6290855005,2016-05-02 04:00:00,0,0.0,4
6290855005,2016-05-02 05:00:00,0,0.0,5
6290855005,2016-05-02 06:00:00,19,0.316667,6
6290855005,2016-05-02 07:00:00,30,0.5,7
6290855005,2016-05-02 08:00:00,11,0.183333,8
6290855005,2016-05-02 09:00:00,27,0.45,9
6290855005,2016-05-02 10:00:00,25,0.416667,10
6290855005,2016-05-02 11:00:00,20,0.333333,11
6290855005,2016-05-02 12:00:00,27,0.45,12
6290855005,2016-05-02 13:00:00,23,0.383333,13
6290855005,2016-05-02 14:00:00,12,0.2,14
6290855005,2016-05-02 15:00:00,36,0.6,15
6290855005,2016-05-02 16:00:00,26,0.433333,16
6290855005,2016-05-02 17:00:00,12,0.2,17
6290855005,2016-05-02 18:00:00,0,0.0,18
6290855005,2016-05-02 19:00:00,0,0.0,19
6290855005,2016-05-02 20:00:00,0,0.0,20
6290855005,2016-05-02 21:00:00,0,0.0,21
6290855005,2016-05-02 22:00:00,0,0.0,22
6290855005,2016-05-02 23:00:00,0,0.0,23
6290855005,2016-05-03 00:00:00,0,0.0,0
6290855005,2016-05-03 01:00:00,0,0.0,1
6290855005,2016-05-03 02:00:00,0,0.0,2
6290855005,2016-05-03 03:00:00,0,0.0,3
6290855005,2016-05-03 04:00:00,0,0.0,4
6290855005,2016-05-03 05:00:00,0,0.0,5
6290855005,2016-05-03 06:00:00,14,0.233333,6
6290855005,2016-05-03 07:00:00,21,0.35,7
6290855005,2016-05-03 08:00:00,18,0.3,8
6290855005,2016-05-03 09:00:00,33,0.55,9
6290855005,2016-05-03 10:00:00,22,0.366667,10
6290855005,2016-05-03 11:00:00,20,0.333333,11
6290855005,2016-05-03 12:00:00,17,0.283333,12
6290855005,2016-05-03 13:00:00,30,0.5,13
6290855005,2016-05-03 14:00:00,15,0.25,14
6290855005,2016-05-03 15:00:00,25,0.416667,15
6290855005,2016-05-03 16:00:00,12,0.2,16
6290855005,2016-05-03 17:00:00,13,0.216667,17
6290855005,2016-05-03 18:00:00,0,0.0,18
6290855005,2016-05-03 19:00:00,0,0.0,19
6290855005,2016-05-03 20:00:00,0,0.0,20
6290855005,2016-05-03 21:00:00,0,0.0,21
6290855005,2016-05-03 22:00:00,0,0.0,22
6290855005,2016-05-03 23:00:00,0,0.0,23
6290855005,2016-05-04 00:00:00,0,0.0,0
6290855005,2016-05-04 01:00:00,0,0.0,1
6290855005,2016-05-04 02:00:00,0,0.0,2
6290855005,2016-05-04 03:00:00,0,0.0,3
6290855005,2016-05-04 04:00:00,0,0.0,4
6290855005,2016-05-04 05:00:00,0,0.0,5
6290855005,2016-05-04 06:00:00,5,0.083333,6
6290855005,2016-05-04 07:00:00,30,0.5,7
6290855005,2016-05-04 08:00:00,15,0.25,8
6290855005,2016-05-04 09:00:00,34,0.566667,9
6290855005,2016-05-04 10:00:00,16,0.266667,10
6290855005,2016-05-04 11:00:00,31,0.516667,11
6290855005,2016-05-04 12:00:00,22,0.366667,12
6290855005,2016-05-04 13:00:00,13,0.216667,13
6290855005,2016-05-04 14:00:00,19,0.316667,14
6290855005,2016-05-04 15:00:00,20,0.333333,15
6290855005,2016-05-04 16:00:00,14,0.233333,16
6290855005,2016-05-04 17:00:00,25,0.416667,17
6290855005,2016-05-04 18:00:00,18,0.3,18
6290855005,2016-05-04 19:00:00,10,0.166667,19
6290855005,2016-05-04 20:00:00,0,0.0,20
6290855005,2016-05-04 21:00:00,0,0.0,21
6290855005,2016-05-04 22:00:00,0,0.0,22
6290855005,2016-05-04 23:00:00,0,0.0,23
6290855005,2016-05-05 00:00:00,0,0.0,0
6290855005,2016-05-05 01:00:00,0,0.0,1
6290855005,2016-05-05 02:00:00,0,0.0,2
6290855005,2016-05-05 03:00:00,0,0.0,3
6290855005,2016-05-05 04:00:00,0,0.0,4
6290855005,2016-05-05 05:00:00,6,0.1,5
6290855005,2016-05-05 06:00:00,8,0.133333,6
6290855005,2016-05-05 07:00:00,23,0.383333,7
6290855005,2016-05-05 08:00:00,21,0.35,8
6290855005,2016-05-05 09:00:00,17,0.283333,9
6290855005,2016-05-05 10:00:00,22,0.366667,10
6290855005,2016-05-05 11:00:00,11,0.183333,11
6290855005,2016-05-05 12:00:00,29,0.483333,12
6290855005,2016-05-05 13:00:00,14,0.233333,13
6290855005,2016-05-05 14:00:00,40,0.666667,14
6290855005,2016-05-05 15:00:00,30,0.5,15
6290855005,2016-05-05 16:00:00,1,0.016667,16
6290855005,2016-05-05 17:00:00,15,0.25,17
6290855005,2016-05-05 18:00:00,2,0.033333,18
6290855005,2016-05-05 19:00:00,0,0.0,19
6290855005,2016-05-05 20:00:00,0,0.0,20
6290855005,2016-05-05 21:00:00,0,0.0,21
6290855005,2016-05-05 22:00:00,0,0.0,22
6290855005,2016-05-05 23:00:00,0,0.0,23
6290855005,2016-05-06 00:00:00,0,0.0,0
6290855005,2016-05-06 01:00:00,0,0.0,1
6290855005,2016-05-06 02:00:00,0,0.0,2
6290855005,2016-05-06 03:00:00,0,0.0,3
6290855005,2016-05-06 04:00:00,0,0.0,4
6290855005,2016-05-06 05:00:00,3,0.05,5
6290855005,2016-05-06 06:00:00,17,0.283333,6
6290855005,2016-05-06 07:00:00,33,0.55,7
6290855005,2016-05-06 08:00:00,18,0.3,8
6290855005,2016-05-06 09:00:00,24,0.4,9
6290855005,2016-05-06 10:00:00,10,0.166667,10
6290855005,2016-05-06 11:00:00,27,0.45,11
6290855005,2016-05-06 12:00:00,17,0.283333,12
6290855005,2016-05-06 13:00:00,20,0.333333,13
6290855005,2016-05-06 14:00:00,17,0.283333,14
6290855005,2016-05-06 15:00:00,18,0.3,15
6290855005,2016-05-06 16:00:00,29,0.483333,16
6290855005,2016-05-06 17:00:00,32,0.533333,17
6290855005,2016-05-06 18:00:00,15,0.25,18
6290855005,2016-05-06 19:00:00,12,0.2,19
6290855005,2016-05-06 20:00:00,13,0.216667,20
6290855005,2016-05-06 21:00:00,0,0.0,21
6290855005,2016-05-06 22:00:00,0,0.0,22
6290855005,2016-05-06 23:00:00,0,0.0,23
6290855005,2016-05-07 00:00:00,0,0.0,0
6290855005,2016-05-07 01:00:00,0,0.0,1
6290855005,2016-05-07 02:00:00,0,0.0,2
6290855005,2016-05-07 03:00:00,0,0.0,3
6290855005,2016-05-07 04:00:00,0,0.0,4
6290855005,2016-05-07 05:00:00,0,0.0,5
6290855005,2016-05-07 06:00:00,0,0.0,6
6290855005,2016-05-07 07:00:00,0,0.0,7
6290855005,2016-05-07 08:00:00,0,0.0,8
6290855005,2016-05-07 09:00:00,0,0.0,9
6290855005,2016-05-07 10:00:00,19,0.316667,10
6290855005,2016-05-07 11:00:00,28,0.466667,11
6290855005,2016-05-07 12:00:00,30,0.5,12
6290855005,2016-05-07 13:00:00,36,0.6,13
6290855005,2016-05-07 14:00:00,21,0.35,14
6290855005,2016-05-07 15:00:00,36,0.6,15
6290855005,2016-05-07 16:00:00,13,0.216667,16
6290855005,2016-05-07 17:00:00,15,0.25,17
6290855005,2016-05-07 18:00:00,21,0.35,18
6290855005,2016-05-07 19:00:00,8,0.133333,19
6290855005,2016-05-07 20:00:00,0,0.0,20
6290855005,2016-05-07 21:00:00,0,0.0,21
6290855005,2016-05-07 22:00:00,0,0.0,22
6290855005,2016-05-07 23:00:00,0,0.0,23
6290855005,2016-05-08 00:00:00,0,0.0,0
6290855005,2016-05-08 01:00:00,0,0.0,1
6290855005,2016-05-08 02:00:00,0,0.0,2
6290855005,2016-05-08 03:00:00,0,0.0,3
6290855005,2016-05-08 04:00:00,0,0.0,4
6290855005,2016-05-08 05:00:00,0,0.0,5
6290855005,2016-05-08 06:00:00,0,0.0,6
6290855005,2016-05-08 07:00:00,0,0.0,7
6290855005,2016-05-08 08:00:00,0,0.0,8
6290855005,2016-05-08 09:00:00,13,0.216667,9
6290855005,2016-05-08 10:00:00,39,0.65,10
6290855005,2016-05-08 11:00:00,45,0.75,11
6290855005,2016-05-08 12:00:00,20,0.333333,12
6290855005,2016-05-08 13:00:00,29,0.483333,13
6290855005,2016-05-08 14:00:00,39,0.65,14
6290855005,2016-05-08 15:00:00,20,0.333333,15
6290855005,2016-05-08 16:00:00,6,0.1,16
6290855005,2016-05-08 17:00:00,20,0.333333,17
6290855005,2016-05-08 18:00:00,11,0.183333,18
6290855005,2016-05-08 19:00:00,8,0.133333,19
6290855005,2016-05-08 20:00:00,1,0.016667,20
6290855005,2016-05-08 21:00:00,0,0.0,21
6290855005,2016-05-08 22:00:00,0,0.0,22
6290855005,2016-05-08 23:00:00,0,0.0,23
6290855005,2016-05-09 00:00:00,0,0.0,0
6290855005,2016-05-09 01:00:00,0,0.0,1
6290855005,2016-05-09 02:00:00,0,0.0,2
6290855005,2016-05-09 03:00:00,0,0.0,3
6290855005,2016-05-09 04:00:00,0,0.0,4
6290855005,2016-05-09 05:00:00,0,0.0,5
6290855005,2016-05-09 06:00:00,14,0.233333,6
6290855005,2016-05-09 07:00:00,17,0.283333,7
6290855005,2016-05-09 08:00:00,28,0.466667,8
6290855005,2016-05-09 09:00:00,21,0.35,9
6290855005,2016-05-09 10:00:00,18,0.3,10
6290855005,2016-05-09 11:00:00,26,0.433333,11
6290855005,2016-05-09 12:00:00,36,0.6,12
6290855005,2016-05-09 13:00:00,34,0.566667,13
6290855005,2016-05-09 14:00:00,23,0.383333,14
6290855005,2016-05-09 15:00:00,28,0.466667,15
6290855005,2016-05-09 16:00:00,12,0.2,16
6775888955,2016-04-12 00:00:00,0,0.0,0
6775888955,2016-04-12 01:00:00,0,0.0,1
6775888955,2016-04-12 02:00:00,0,0.0,2
6775888955,2016-04-12 03:00:00,0,0.0,3
6775888955,2016-04-12 04:00:00,0,0.0,4
6775888955,2016-04-12 05:00:00,0,0.0,5
6775888955,2016-04-12 06:00:00,0,0.0,6
6775888955,2016-04-12 07:00:00,0,0.0,7
6775888955,2016-04-12 08:00:00,0,0.0,8
6775888955,2016-04-12 09:00:00,0,0.0,9
6775888955,2016-04-12 10:00:00,0,0.0,10
6775888955,2016-04-12 11:00:00,0,0.0,11
6775888955,2016-04-12 12:00:00,0,0.0,12
6775888955,2016-04-12 13:00:00,0,0.0,13
6775888955,2016-04-12 14:00:00,0,0.0,14
6775888955,2016-04-12 15:00:00,0,0.0,15
6775888955,2016-04-12 16:00:00,0,0.0,16
6775888955,2016-04-12 17:00:00,0,0.0,17
6775888955,2016-04-12 18:00:00,0,0.0,18
6775888955,2016-04-12 19:00:00,0,0.0,19
6775888955,2016-04-12 20:00:00,0,0.0,20
6775888955,2016-04-12 21:00:00,0,0.0,21
6775888955,2016-04-12 22:00:00,0,0.0,22
6775888955,2016-04-12 23:00:00,0,0.0,23
6775888955,2016-04-13 00:00:00,0,0.0,0
6775888955,2016-04-13 01:00:00,0,0.0,1
6775888955,2016-04-13 02:00:00,6,0.1,2
6775888955,2016-04-13 03:00:00,0,0.0,3
6775888955,2016-04-13 04:00:00,3,0.05,4
6775888955,2016-04-13 05:00:00,0,0.0,5
6775888955,2016-04-13 06:00:00,1,0.016667,6
6775888955,2016-04-13 07:00:00,10,0.166667,7
6775888955,2016-04-13 08:00:00,29,0.483333,8
6775888955,2016-04-13 09:00:00,3,0.05,9
6775888955,2016-04-13 10:00:00,2,0.033333,10
6775888955,2016-04-13 11:00:00,0,0.0,11
6775888955,2016-04-13 12:00:00,0,0.0,12
6775888955,2016-04-13 13:00:00,0,0.0,13
6775888955,2016-04-13 14:00:00,0,0.0,14
6775888955,2016-04-13 15:00:00,0,0.0,15
6775888955,2016-04-13 16:00:00,0,0.0,16
6775888955,2016-04-13 17:00:00,0,0.0,17
6775888955,2016-04-13 18:00:00,0,0.0,18
6775888955,2016-04-13 19:00:00,8,0.133333,19
6775888955,2016-04-13 20:00:00,41,0.683333,20
6775888955,2016-04-13 21:00:00,9,0.15,21
6775888955,2016-04-13 22:00:00,41,0.683333,22
6775888955,2016-04-13 23:00:00,19,0.316667,23
6775888955,2016-04-14 00:00:00,0,0.0,0
6775888955,2016-04-14 01:00:00,0,0.0,1
6775888955,2016-04-14 02:00:00,1,0.016667,2
6775888955,2016-04-14 03:00:00,0,0.0,3
6775888955,2016-04-14 04:00:00,1,0.016667,4
6775888955,2016-04-14 05:00:00,0,0.0,5
6775888955,2016-04-14 06:00:00,0,0.0,6
6775888955,2016-04-14 07:00:00,10,0.166667,7
6775888955,2016-04-14 08:00:00,37,0.616667,8
6775888955,2016-04-14 09:00:00,3,0.05,9
6775888955,2016-04-14 10:00:00,9,0.15,10
6775888955,2016-04-14 11:00:00,2,0.033333,11
6775888955,2016-04-14 12:00:00,17,0.283333,12
6775888955,2016-04-14 13:00:00,0,0.0,13
6775888955,2016-04-14 14:00:00,0,0.0,14
6775888955,2016-04-14 15:00:00,0,0.0,15
6775888955,2016-04-14 16:00:00,0,0.0,16
6775888955,2016-04-14 17:00:00,0,0.0,17
6775888955,2016-04-14 18:00:00,0,0.0,18
6775888955,2016-04-14 19:00:00,0,0.0,19
6775888955,2016-04-14 20:00:00,56,0.933333,20
6775888955,2016-04-14 21:00:00,27,0.45,21
6775888955,2016-04-14 22:00:00,13,0.216667,22
6775888955,2016-04-14 23:00:00,19,0.316667,23
6775888955,2016-04-15 00:00:00,1,0.016667,0
6775888955,2016-04-15 01:00:00,1,0.016667,1
6775888955,2016-04-15 02:00:00,0,0.0,2
6775888955,2016-04-15 03:00:00,0,0.0,3
6775888955,2016-04-15 04:00:00,0,0.0,4
6775888955,2016-04-15 05:00:00,0,0.0,5
6775888955,2016-04-15 06:00:00,1,0.016667,6
6775888955,2016-04-15 07:00:00,28,0.466667,7
6775888955,2016-04-15 08:00:00,22,0.366667,8
6775888955,2016-04-15 09:00:00,5,0.083333,9
6775888955,2016-04-15 10:00:00,0,0.0,10
6775888955,2016-04-15 11:00:00,0,0.0,11
6775888955,2016-04-15 12:00:00,0,0.0,12
6775888955,2016-04-15 13:00:00,0,0.0,13
6775888955,2016-04-15 14:00:00,0,0.0,14
6775888955,2016-04-15 15:00:00,0,0.0,15
6775888955,2016-04-15 16:00:00,0,0.0,16
6775888955,2016-04-15 17:00:00,0,0.0,17
6775888955,2016-04-15 18:00:00,0,0.0,18
6775888955,2016-04-15 19:00:00,0,0.0,19
6775888955,2016-04-15 20:00:00,0,0.0,20
6775888955,2016-04-15 21:00:00,0,0.0,21
6775888955,2016-04-15 22:00:00,0,0.0,22
6775888955,2016-04-15 23:00:00,0,0.0,23
6775888955,2016-04-16 00:00:00,0,0.0,0
6775888955,2016-04-16 01:00:00,0,0.0,1
6775888955,2016-04-16 02:00:00,0,0.0,2
6775888955,2016-04-16 03:00:00,0,0.0,3
6775888955,2016-04-16 04:00:00,0,0.0,4
6775888955,2016-04-16 05:00:00,0,0.0,5
6775888955,2016-04-16 06:00:00,0,0.0,6
6775888955,2016-04-16 07:00:00,0,0.0,7
6775888955,2016-04-16 08:00:00,0,0.0,8
6775888955,2016-04-16 09:00:00,0,0.0,9
6775888955,2016-04-16 10:00:00,0,0.0,10
6775888955,2016-04-16 11:00:00,0,0.0,11
6775888955,2016-04-16 12:00:00,0,0.0,12
6775888955,2016-04-16 13:00:00,0,0.0,13
6775888955,2016-04-16 14:00:00,0,0.0,14
6775888955,2016-04-16 15:00:00,0,0.0,15
6775888955,2016-04-16 16:00:00,0,0.0,16
6775888955,2016-04-16 17:00:00,0,0.0,17
6775888955,2016-04-16 18:00:00,112,1.866667,18
6775888955,2016-04-16 19:00:00,41,0.683333,19
6775888955,2016-04-16 20:00:00,0,0.0,20
6775888955,2016-04-16 21:00:00,0,0.0,21
6775888955,2016-04-16 22:00:00,0,0.0,22
6775888955,2016-04-16 23:00:00,0,0.0,23
6775888955,2016-04-17 00:00:00,0,0.0,0
6775888955,2016-04-17 01:00:00,0,0.0,1
6775888955,2016-04-17 02:00:00,0,0.0,2
6775888955,2016-04-17 03:00:00,0,0.0,3
6775888955,2016-04-17 04:00:00,0,0.0,4
6775888955,2016-04-17 05:00:00,0,0.0,5
6775888955,2016-04-17 06:00:00,0,0.0,6
6775888955,2016-04-17 07:00:00,0,0.0,7
6775888955,2016-04-17 08:00:00,74,1.233333,8
6775888955,2016-04-17 09:00:00,8,0.133333,9
6775888955,2016-04-17 10:00:00,0,0.0,10
6775888955,2016-04-17 11:00:00,0,0.0,11
6775888955,2016-04-17 12:00:00,0,0.0,12
6775888955,2016-04-17 13:00:00,0,0.0,13
6775888955,2016-04-17 14:00:00,0,0.0,14
6775888955,2016-04-17 15:00:00,0,0.0,15
6775888955,2016-04-17 16:00:00,0,0.0,16
6775888955,2016-04-17 17:00:00,0,0.0,17
6775888955,2016-04-17 18:00:00,0,0.0,18
6775888955,2016-04-17 19:00:00,0,0.0,19
6775888955,2016-04-17 20:00:00,0,0.0,20
6775888955,2016-04-17 21:00:00,0,0.0,21
6775888955,2016-04-17 22:00:00,0,0.0,22
6775888955,2016-04-17 23:00:00,0,0.0,23
6775888955,2016-04-18 00:00:00,0,0.0,0
6775888955,2016-04-18 01:00:00,0,0.0,1
6775888955,2016-04-18 02:00:00,0,0.0,2
6775888955,2016-04-18 03:00:00,0,0.0,3
6775888955,2016-04-18 04:00:00,0,0.0,4
6775888955,2016-04-18 05:00:00,0,0.0,5
6775888955,2016-04-18 06:00:00,0,0.0,6
6775888955,2016-04-18 07:00:00,0,0.0,7
6775888955,2016-04-18 08:00:00,0,0.0,8
6775888955,2016-04-18 09:00:00,1,0.016667,9
6775888955,2016-04-18 10:00:00,10,0.166667,10
6775888955,2016-04-18 11:00:00,81,1.35,11
6775888955,2016-04-18 12:00:00,83,1.383333,12
6775888955,2016-04-18 13:00:00,58,0.966667,13
6775888955,2016-04-18 14:00:00,46,0.766667,14
6775888955,2016-04-18 15:00:00,19,0.316667,15
6775888955,2016-04-18 16:00:00,0,0.0,16
6775888955,2016-04-18 17:00:00,0,0.0,17
6775888955,2016-04-18 18:00:00,0,0.0,18
6775888955,2016-04-18 19:00:00,0,0.0,19
6775888955,2016-04-18 20:00:00,0,0.0,20
6775888955,2016-04-18 21:00:00,0,0.0,21
6775888955,2016-04-18 22:00:00,0,0.0,22
6775888955,2016-04-18 23:00:00,0,0.0,23
6775888955,2016-04-19 00:00:00,0,0.0,0
6775888955,2016-04-19 01:00:00,0,0.0,1
6775888955,2016-04-19 02:00:00,0,0.0,2
6775888955,2016-04-19 03:00:00,0,0.0,3
6775888955,2016-04-19 04:00:00,0,0.0,4
6775888955,2016-04-19 05:00:00,0,0.0,5
6775888955,2016-04-19 06:00:00,0,0.0,6
6775888955,2016-04-19 07:00:00,0,0.0,7
6775888955,2016-04-19 08:00:00,0,0.0,8
6775888955,2016-04-19 09:00:00,0,0.0,9
6775888955,2016-04-19 10:00:00,0,0.0,10
6775888955,2016-04-19 11:00:00,0,0.0,11
6775888955,2016-04-19 12:00:00,0,0.0,12
6775888955,2016-04-19 13:00:00,0,0.0,13
6775888955,2016-04-19 14:00:00,0,0.0,14
6775888955,2016-04-19 15:00:00,0,0.0,15
6775888955,2016-04-19 16:00:00,0,0.0,16
6775888955,2016-04-19 17:00:00,0,0.0,17
6775888955,2016-04-19 18:00:00,0,0.0,18
6775888955,2016-04-19 19:00:00,0,0.0,19
6775888955,2016-04-19 20:00:00,0,0.0,20
6775888955,2016-04-19 21:00:00,0,0.0,21
6775888955,2016-04-19 22:00:00,0,0.0,22
6775888955,2016-04-19 23:00:00,0,0.0,23
6775888955,2016-04-20 00:00:00,0,0.0,0
6775888955,2016-04-20 01:00:00,0,0.0,1
6775888955,2016-04-20 02:00:00,0,0.0,2
6775888955,2016-04-20 03:00:00,0,0.0,3
6775888955,2016-04-20 04:00:00,0,0.0,4
6775888955,2016-04-20 05:00:00,0,0.0,5
6775888955,2016-04-20 06:00:00,36,0.6,6
6775888955,2016-04-20 07:00:00,65,1.083333,7
6775888955,2016-04-20 08:00:00,51,0.85,8
6775888955,2016-04-20 09:00:00,36,0.6,9
6775888955,2016-04-20 10:00:00,32,0.533333,10
6775888955,2016-04-20 11:00:00,84,1.4,11
6775888955,2016-04-20 12:00:00,46,0.766667,12
6775888955,2016-04-20 13:00:00,70,1.166667,13
6775888955,2016-04-20 14:00:00,32,0.533333,14
6775888955,2016-04-20 15:00:00,46,0.766667,15
6775888955,2016-04-20 16:00:00,91,1.516667,16
6775888955,2016-04-20 17:00:00,12,0.2,17
6775888955,2016-04-20 18:00:00,13,0.216667,18
6775888955,2016-04-20 19:00:00,0,0.0,19
6775888955,2016-04-20 20:00:00,0,0.0,20
6775888955,2016-04-20 21:00:00,0,0.0,21
6775888955,2016-04-20 22:00:00,0,0.0,22
6775888955,2016-04-20 23:00:00,0,0.0,23
6775888955,2016-04-21 00:00:00,0,0.0,0
6775888955,2016-04-21 01:00:00,0,0.0,1
6775888955,2016-04-21 02:00:00,0,0.0,2
6775888955,2016-04-21 03:00:00,0,0.0,3
6775888955,2016-04-21 04:00:00,0,0.0,4
6775888955,2016-04-21 05:00:00,0,0.0,5
6775888955,2016-04-21 06:00:00,0,0.0,6
6775888955,2016-04-21 07:00:00,0,0.0,7
6775888955,2016-04-21 08:00:00,0,0.0,8
6775888955,2016-04-21 09:00:00,0,0.0,9
6775888955,2016-04-21 10:00:00,0,0.0,10
6775888955,2016-04-21 11:00:00,0,0.0,11
6775888955,2016-04-21 12:00:00,0,0.0,12
6775888955,2016-04-21 13:00:00,0,0.0,13
6775888955,2016-04-21 14:00:00,0,0.0,14
6775888955,2016-04-21 15:00:00,0,0.0,15
6775888955,2016-04-21 16:00:00,0,0.0,16
6775888955,2016-04-21 17:00:00,0,0.0,17
6775888955,2016-04-21 18:00:00,0,0.0,18
6775888955,2016-04-21 19:00:00,0,0.0,19
6775888955,2016-04-21 20:00:00,0,0.0,20
6775888955,2016-04-21 21:00:00,0,0.0,21
6775888955,2016-04-21 22:00:00,0,0.0,22
6775888955,2016-04-21 23:00:00,0,0.0,23
6775888955,2016-04-22 00:00:00,0,0.0,0
6775888955,2016-04-22 01:00:00,0,0.0,1
6775888955,2016-04-22 02:00:00,0,0.0,2
6775888955,2016-04-22 03:00:00,0,0.0,3
6775888955,2016-04-22 04:00:00,0,0.0,4
6775888955,2016-04-22 05:00:00,0,0.0,5
6775888955,2016-04-22 06:00:00,0,0.0,6
6775888955,2016-04-22 07:00:00,2,0.033333,7
6775888955,2016-04-22 08:00:00,18,0.3,8
6775888955,2016-04-22 09:00:00,0,0.0,9
6775888955,2016-04-22 10:00:00,0,0.0,10
6775888955,2016-04-22 11:00:00,0,0.0,11
6775888955,2016-04-22 12:00:00,0,0.0,12
6775888955,2016-04-22 13:00:00,0,0.0,13
6775888955,2016-04-22 14:00:00,0,0.0,14
6775888955,2016-04-22 15:00:00,0,0.0,15
6775888955,2016-04-22 16:00:00,0,0.0,16
6775888955,2016-04-22 17:00:00,0,0.0,17
6775888955,2016-04-22 18:00:00,0,0.0,18
6775888955,2016-04-22 19:00:00,0,0.0,19
6775888955,2016-04-22 20:00:00,0,0.0,20
6775888955,2016-04-22 21:00:00,0,0.0,21
6775888955,2016-04-22 22:00:00,0,0.0,22
6775888955,2016-04-22 23:00:00,0,0.0,23
6775888955,2016-04-23 00:00:00,0,0.0,0
6775888955,2016-04-23 01:00:00,0,0.0,1
6775888955,2016-04-23 02:00:00,0,0.0,2
6775888955,2016-04-23 03:00:00,0,0.0,3
6775888955,2016-04-23 04:00:00,0,0.0,4
6775888955,2016-04-23 05:00:00,0,0.0,5
6775888955,2016-04-23 06:00:00,0,0.0,6
6775888955,2016-04-23 07:00:00,0,0.0,7
6775888955,2016-04-23 08:00:00,0,0.0,8
6775888955,2016-04-23 09:00:00,0,0.0,9
6775888955,2016-04-23 10:00:00,0,0.0,10
6775888955,2016-04-23 11:00:00,0,0.0,11
6775888955,2016-04-23 12:00:00,0,0.0,12
6775888955,2016-04-23 13:00:00,0,0.0,13
6775888955,2016-04-23 14:00:00,0,0.0,14
6775888955,2016-04-23 15:00:00,0,0.0,15
6775888955,2016-04-23 16:00:00,0,0.0,16
6775888955,2016-04-23 17:00:00,0,0.0,17
6775888955,2016-04-23 18:00:00,0,0.0,18
6775888955,2016-04-23 19:00:00,0,0.0,19
6775888955,2016-04-23 20:00:00,0,0.0,20
6775888955,2016-04-23 21:00:00,0,0.0,21
6775888955,2016-04-23 22:00:00,0,0.0,22
6775888955,2016-04-23 23:00:00,0,0.0,23
6775888955,2016-04-24 00:00:00,0,0.0,0
6775888955,2016-04-24 01:00:00,0,0.0,1
6775888955,2016-04-24 02:00:00,0,0.0,2
6775888955,2016-04-24 03:00:00,0,0.0,3
6775888955,2016-04-24 04:00:00,0,0.0,4
6775888955,2016-04-24 05:00:00,0,0.0,5
6775888955,2016-04-24 06:00:00,0,0.0,6
6775888955,2016-04-24 07:00:00,0,0.0,7
6775888955,2016-04-24 08:00:00,0,0.0,8
6775888955,2016-04-24 09:00:00,0,0.0,9
6775888955,2016-04-24 10:00:00,0,0.0,10
6775888955,2016-04-24 11:00:00,35,0.583333,11
6775888955,2016-04-24 12:00:00,0,0.0,12
6775888955,2016-04-24 13:00:00,0,0.0,13
6775888955,2016-04-24 14:00:00,0,0.0,14
6775888955,2016-04-24 15:00:00,0,0.0,15
6775888955,2016-04-24 16:00:00,0,0.0,16
6775888955,2016-04-24 17:00:00,0,0.0,17
6775888955,2016-04-24 18:00:00,45,0.75,18
6775888955,2016-04-24 19:00:00,0,0.0,19
6775888955,2016-04-24 20:00:00,0,0.0,20
6775888955,2016-04-24 21:00:00,0,0.0,21
6775888955,2016-04-24 22:00:00,0,0.0,22
6775888955,2016-04-24 23:00:00,0,0.0,23
6775888955,2016-04-25 00:00:00,0,0.0,0
6775888955,2016-04-25 01:00:00,0,0.0,1
6775888955,2016-04-25 02:00:00,0,0.0,2
6775888955,2016-04-25 03:00:00,0,0.0,3
6775888955,2016-04-25 04:00:00,0,0.0,4
6775888955,2016-04-25 05:00:00,0,0.0,5
6775888955,2016-04-25 06:00:00,0,0.0,6
6775888955,2016-04-25 07:00:00,0,0.0,7
6775888955,2016-04-25 08:00:00,0,0.0,8
6775888955,2016-04-25 09:00:00,48,0.8,9
6775888955,2016-04-25 10:00:00,32,0.533333,10
6775888955,2016-04-25 11:00:00,29,0.483333,11
6775888955,2016-04-25 12:00:00,77,1.283333,12
6775888955,2016-04-25 13:00:00,31,0.516667,13
6775888955,2016-04-25 14:00:00,0,0.0,14
6775888955,2016-04-25 15:00:00,0,0.0,15
6775888955,2016-04-25 16:00:00,0,0.0,16
6775888955,2016-04-25 17:00:00,0,0.0,17
6775888955,2016-04-25 18:00:00,0,0.0,18
6775888955,2016-04-25 19:00:00,0,0.0,19
6775888955,2016-04-25 20:00:00,0,0.0,20
6775888955,2016-04-25 21:00:00,0,0.0,21
6775888955,2016-04-25 22:00:00,0,0.0,22
6775888955,2016-04-25 23:00:00,0,0.0,23
6775888955,2016-04-26 00:00:00,0,0.0,0
6775888955,2016-04-26 01:00:00,0,0.0,1
6775888955,2016-04-26 02:00:00,0,0.0,2
6775888955,2016-04-26 03:00:00,0,0.0,3
6775888955,2016-04-26 04:00:00,0,0.0,4
6775888955,2016-04-26 05:00:00,70,1.166667,5
6775888955,2016-04-26 06:00:00,79,1.316667,6
6775888955,2016-04-26 07:00:00,0,0.0,7
6775888955,2016-04-26 08:00:00,31,0.516667,8
6775888955,2016-04-26 09:00:00,7,0.116667,9
6775888955,2016-04-26 10:00:00,0,0.0,10
6775888955,2016-04-26 11:00:00,0,0.0,11
6775888955,2016-04-26 12:00:00,0,0.0,12
6775888955,2016-04-26 13:00:00,0,0.0,13
6775888955,2016-04-26 14:00:00,0,0.0,14
6775888955,2016-04-26 15:00:00,0,0.0,15
6775888955,2016-04-26 16:00:00,0,0.0,16
6775888955,2016-04-26 17:00:00,0,0.0,17
6775888955,2016-04-26 18:00:00,19,0.316667,18
6775888955,2016-04-26 19:00:00,27,0.45,19
6775888955,2016-04-26 20:00:00,0,0.0,20
6775888955,2016-04-26 21:00:00,0,0.0,21
6775888955,2016-04-26 22:00:00,0,0.0,22
6775888955,2016-04-26 23:00:00,0,0.0,23
6775888955,2016-04-27 00:00:00,0,0.0,0
6775888955,2016-04-27 01:00:00,0,0.0,1
6775888955,2016-04-27 02:00:00,0,0.0,2
6775888955,2016-04-27 03:00:00,0,0.0,3
6775888955,2016-04-27 04:00:00,0,0.0,4
6775888955,2016-04-27 05:00:00,0,0.0,5
6775888955,2016-04-27 06:00:00,0,0.0,6
6775888955,2016-04-27 07:00:00,0,0.0,7
6775888955,2016-04-27 08:00:00,0,0.0,8
6775888955,2016-04-27 09:00:00,0,0.0,9
6775888955,2016-04-27 10:00:00,0,0.0,10
6775888955,2016-04-27 11:00:00,0,0.0,11
6775888955,2016-04-27 12:00:00,0,0.0,12
6775888955,2016-04-27 13:00:00,0,0.0,13
6775888955,2016-04-27 14:00:00,0,0.0,14
6775888955,2016-04-27 15:00:00,0,0.0,15
6775888955,2016-04-27 16:00:00,0,0.0,16
6775888955,2016-04-27 17:00:00,0,0.0,17
6775888955,2016-04-27 18:00:00,0,0.0,18
6775888955,2016-04-27 19:00:00,0,0.0,19
6775888955,2016-04-27 20:00:00,0,0.0,20
6775888955,2016-04-27 21:00:00,0,0.0,21
6775888955,2016-04-27 22:00:00,0,0.0,22
6775888955,2016-04-27 23:00:00,0,0.0,23
6775888955,2016-04-28 00:00:00,0,0.0,0
6775888955,2016-04-28 01:00:00,0,0.0,1
6775888955,2016-04-28 02:00:00,0,0.0,2
6775888955,2016-04-28 03:00:00,0,0.0,3
6775888955,2016-04-28 04:00:00,0,0.0,4
6775888955,2016-04-28 05:00:00,0,0.0,5
6775888955,2016-04-28 06:00:00,0,0.0,6
6775888955,2016-04-28 07:00:00,0,0.0,7
6775888955,2016-04-28 08:00:00,0,0.0,8
6775888955,2016-04-28 09:00:00,0,0.0,9
6775888955,2016-04-28 10:00:00,0,0.0,10
6775888955,2016-04-28 11:00:00,0,0.0,11
6775888955,2016-04-28 12:00:00,0,0.0,12
6775888955,2016-04-28 13:00:00,5,0.083333,13
6775888955,2016-04-28 14:00:00,42,0.7,14
6775888955,2016-04-28 15:00:00,0,0.0,15
6775888955,2016-04-28 16:00:00,0,0.0,16
6775888955,2016-04-28 17:00:00,0,0.0,17
6775888955,2016-04-28 18:00:00,0,0.0,18
6775888955,2016-04-28 19:00:00,0,0.0,19
6775888955,2016-04-28 20:00:00,0,0.0,20
6775888955,2016-04-28 21:00:00,0,0.0,21
6775888955,2016-04-28 22:00:00,0,0.0,22
6775888955,2016-04-28 23:00:00,0,0.0,23
6775888955,2016-04-29 00:00:00,0,0.0,0
6775888955,2016-04-29 01:00:00,0,0.0,1
6775888955,2016-04-29 02:00:00,0,0.0,2
6775888955,2016-04-29 03:00:00,0,0.0,3
6775888955,2016-04-29 04:00:00,0,0.0,4
6775888955,2016-04-29 05:00:00,0,0.0,5
6775888955,2016-04-29 06:00:00,0,0.0,6
6775888955,2016-04-29 07:00:00,0,0.0,7
6775888955,2016-04-29 08:00:00,0,0.0,8
6775888955,2016-04-29 09:00:00,0,0.0,9
6775888955,2016-04-29 10:00:00,0,0.0,10
6775888955,2016-04-29 11:00:00,0,0.0,11
6775888955,2016-04-29 12:00:00,0,0.0,12
6775888955,2016-04-29 13:00:00,0,0.0,13
6775888955,2016-04-29 14:00:00,0,0.0,14
6775888955,2016-04-29 15:00:00,0,0.0,15
6775888955,2016-04-29 16:00:00,0,0.0,16
6775888955,2016-04-29 17:00:00,0,0.0,17
6775888955,2016-04-29 18:00:00,0,0.0,18
6775888955,2016-04-29 19:00:00,0,0.0,19
6775888955,2016-04-29 20:00:00,0,0.0,20
6775888955,2016-04-29 21:00:00,0,0.0,21
6775888955,2016-04-29 22:00:00,0,0.0,22
6775888955,2016-04-29 23:00:00,0,0.0,23
6775888955,2016-04-30 00:00:00,0,0.0,0
6775888955,2016-04-30 01:00:00,0,0.0,1
6775888955,2016-04-30 02:00:00,0,0.0,2
6775888955,2016-04-30 03:00:00,0,0.0,3
6775888955,2016-04-30 04:00:00,0,0.0,4
6775888955,2016-04-30 05:00:00,0,0.0,5
6775888955,2016-04-30 06:00:00,0,0.0,6
6775888955,2016-04-30 07:00:00,0,0.0,7
6775888955,2016-04-30 08:00:00,0,0.0,8
6775888955,2016-04-30 09:00:00,0,0.0,9
6775888955,2016-04-30 10:00:00,0,0.0,10
6775888955,2016-04-30 11:00:00,0,0.0,11
6775888955,2016-04-30 12:00:00,0,0.0,12
6775888955,2016-04-30 13:00:00,0,0.0,13
6775888955,2016-04-30 14:00:00,0,0.0,14
6775888955,2016-04-30 15:00:00,0,0.0,15
6775888955,2016-04-30 16:00:00,0,0.0,16
6775888955,2016-04-30 17:00:00,0,0.0,17
6775888955,2016-04-30 18:00:00,0,0.0,18
6775888955,2016-04-30 19:00:00,42,0.7,19
6775888955,2016-04-30 20:00:00,1,0.016667,20
6775888955,2016-04-30 21:00:00,22,0.366667,21
6775888955,2016-04-30 22:00:00,20,0.333333,22
6775888955,2016-04-30 23:00:00,26,0.433333,23
6775888955,2016-05-01 00:00:00,29,0.483333,0
6775888955,2016-05-01 01:00:00,0,0.0,1
6775888955,2016-05-01 02:00:00,0,0.0,2
6775888955,2016-05-01 03:00:00,0,0.0,3
6775888955,2016-05-01 04:00:00,0,0.0,4
6775888955,2016-05-01 05:00:00,0,0.0,5
6775888955,2016-05-01 06:00:00,0,0.0,6
6775888955,2016-05-01 07:00:00,0,0.0,7
6775888955,2016-05-01 08:00:00,0,0.0,8
6775888955,2016-05-01 09:00:00,0,0.0,9
6775888955,2016-05-01 10:00:00,0,0.0,10
6775888955,2016-05-01 11:00:00,0,0.0,11
6775888955,2016-05-01 12:00:00,20,0.333333,12
6775888955,2016-05-01 13:00:00,33,0.55,13
6775888955,2016-05-01 14:00:00,0,0.0,14
6775888955,2016-05-01 15:00:00,0,0.0,15
6775888955,2016-05-01 16:00:00,11,0.183333,16
6775888955,2016-05-01 17:00:00,52,0.866667,17
6775888955,2016-05-01 18:00:00,0,0.0,18
6775888955,2016-05-01 19:00:00,0,0.0,19
6775888955,2016-05-01 20:00:00,0,0.0,20
6775888955,2016-05-01 21:00:00,0,0.0,21
6775888955,2016-05-01 22:00:00,0,0.0,22
6775888955,2016-05-01 23:00:00,0,0.0,23
6775888955,2016-05-02 00:00:00,0,0.0,0
6775888955,2016-05-02 01:00:00,0,0.0,1
6775888955,2016-05-02 02:00:00,0,0.0,2
6775888955,2016-05-02 03:00:00,0,0.0,3
6775888955,2016-05-02 04:00:00,0,0.0,4
6775888955,2016-05-02 05:00:00,0,0.0,5
6775888955,2016-05-02 06:00:00,0,0.0,6
6775888955,2016-05-02 07:00:00,0,0.0,7
6775888955,2016-05-02 08:00:00,0,0.0,8
6775888955,2016-05-02 09:00:00,0,0.0,9
6775888955,2016-05-02 10:00:00,0,0.0,10
6775888955,2016-05-02 11:00:00,0,0.0,11
6775888955,2016-05-02 12:00:00,0,0.0,12
6775888955,2016-05-02 13:00:00,0,0.0,13
6775888955,2016-05-02 14:00:00,0,0.0,14
6775888955,2016-05-02 15:00:00,0,0.0,15
6775888955,2016-05-02 16:00:00,0,0.0,16
6775888955,2016-05-02 17:00:00,0,0.0,17
6775888955,2016-05-02 18:00:00,0,0.0,18
6775888955,2016-05-02 19:00:00,0,0.0,19
6775888955,2016-05-02 20:00:00,0,0.0,20
6775888955,2016-05-02 21:00:00,0,0.0,21
6775888955,2016-05-02 22:00:00,0,0.0,22
6775888955,2016-05-02 23:00:00,0,0.0,23
6775888955,2016-05-03 00:00:00,0,0.0,0
6775888955,2016-05-03 01:00:00,0,0.0,1
6775888955,2016-05-03 02:00:00,0,0.0,2
6775888955,2016-05-03 03:00:00,0,0.0,3
6775888955,2016-05-03 04:00:00,0,0.0,4
6775888955,2016-05-03 05:00:00,0,0.0,5
6775888955,2016-05-03 06:00:00,0,0.0,6
6775888955,2016-05-03 07:00:00,0,0.0,7
6775888955,2016-05-03 08:00:00,0,0.0,8
6775888955,2016-05-03 09:00:00,0,0.0,9
6775888955,2016-05-03 10:00:00,0,0.0,10
6775888955,2016-05-03 11:00:00,0,0.0,11
6775888955,2016-05-03 12:00:00,0,0.0,12
6775888955,2016-05-03 13:00:00,0,0.0,13
6775888955,2016-05-03 14:00:00,0,0.0,14
6775888955,2016-05-03 15:00:00,0,0.0,15
6775888955,2016-05-03 16:00:00,0,0.0,16
6775888955,2016-05-03 17:00:00,0,0.0,17
6775888955,2016-05-03 18:00:00,0,0.0,18
6775888955,2016-05-03 19:00:00,0,0.0,19
6775888955,2016-05-03 20:00:00,0,0.0,20
6775888955,2016-05-03 21:00:00,0,0.0,21
6775888955,2016-05-03 22:00:00,1,0.016667,22
6775888955,2016-05-03 23:00:00,0,0.0,23
6775888955,2016-05-04 00:00:00,0,0.0,0
6775888955,2016-05-04 01:00:00,0,0.0,1
6775888955,2016-05-04 02:00:00,0,0.0,2
6775888955,2016-05-04 03:00:00,0,0.0,3
6775888955,2016-05-04 04:00:00,0,0.0,4
6775888955,2016-05-04 05:00:00,0,0.0,5
6775888955,2016-05-04 06:00:00,0,0.0,6
6775888955,2016-05-04 07:00:00,0,0.0,7
6775888955,2016-05-04 08:00:00,0,0.0,8
6775888955,2016-05-04 09:00:00,0,0.0,9
6775888955,2016-05-04 10:00:00,0,0.0,10
6775888955,2016-05-04 11:00:00,0,0.0,11
6775888955,2016-05-04 12:00:00,0,0.0,12
6775888955,2016-05-04 13:00:00,0,0.0,13
6775888955,2016-05-04 14:00:00,0,0.0,14
6775888955,2016-05-04 15:00:00,0,0.0,15
6775888955,2016-05-04 16:00:00,0,0.0,16
6775888955,2016-05-04 17:00:00,0,0.0,17
6775888955,2016-05-04 18:00:00,0,0.0,18
6775888955,2016-05-04 19:00:00,0,0.0,19
6775888955,2016-05-04 20:00:00,0,0.0,20
6775888955,2016-05-04 21:00:00,0,0.0,21
6775888955,2016-05-04 22:00:00,0,0.0,22
6775888955,2016-05-04 23:00:00,0,0.0,23
6775888955,2016-05-05 00:00:00,0,0.0,0
6775888955,2016-05-05 01:00:00,0,0.0,1
6775888955,2016-05-05 02:00:00,0,0.0,2
6775888955,2016-05-05 03:00:00,0,0.0,3
6775888955,2016-05-05 04:00:00,0,0.0,4
6775888955,2016-05-05 05:00:00,0,0.0,5
6775888955,2016-05-05 06:00:00,0,0.0,6
6775888955,2016-05-05 07:00:00,0,0.0,7
6775888955,2016-05-05 08:00:00,0,0.0,8
6775888955,2016-05-05 09:00:00,0,0.0,9
6775888955,2016-05-05 10:00:00,0,0.0,10
6775888955,2016-05-05 11:00:00,0,0.0,11
6775888955,2016-05-05 12:00:00,0,0.0,12
6775888955,2016-05-05 13:00:00,0,0.0,13
6775888955,2016-05-05 14:00:00,0,0.0,14
6775888955,2016-05-05 15:00:00,0,0.0,15
6775888955,2016-05-05 16:00:00,0,0.0,16
6775888955,2016-05-05 17:00:00,0,0.0,17
6775888955,2016-05-05 18:00:00,0,0.0,18
6775888955,2016-05-05 19:00:00,0,0.0,19
6775888955,2016-05-05 20:00:00,0,0.0,20
6775888955,2016-05-05 21:00:00,0,0.0,21
6775888955,2016-05-05 22:00:00,0,0.0,22
6775888955,2016-05-05 23:00:00,0,0.0,23
6775888955,2016-05-06 00:00:00,0,0.0,0
6775888955,2016-05-06 01:00:00,0,0.0,1
6775888955,2016-05-06 02:00:00,0,0.0,2
6775888955,2016-05-06 03:00:00,0,0.0,3
6775888955,2016-05-06 04:00:00,0,0.0,4
6775888955,2016-05-06 05:00:00,0,0.0,5
6775888955,2016-05-06 06:00:00,0,0.0,6
6775888955,2016-05-06 07:00:00,0,0.0,7
6775888955,2016-05-06 08:00:00,0,0.0,8
6775888955,2016-05-06 09:00:00,0,0.0,9
6775888955,2016-05-06 10:00:00,0,0.0,10
6775888955,2016-05-06 11:00:00,0,0.0,11
6775888955,2016-05-06 12:00:00,0,0.0,12
6775888955,2016-05-06 13:00:00,0,0.0,13
6775888955,2016-05-06 14:00:00,0,0.0,14
6775888955,2016-05-06 15:00:00,0,0.0,15
6775888955,2016-05-06 16:00:00,0,0.0,16
6775888955,2016-05-06 17:00:00,0,0.0,17
6775888955,2016-05-06 18:00:00,33,0.55,18
6775888955,2016-05-06 19:00:00,21,0.35,19
6775888955,2016-05-06 20:00:00,41,0.683333,20
6775888955,2016-05-06 21:00:00,39,0.65,21
6775888955,2016-05-06 22:00:00,19,0.316667,22
6775888955,2016-05-06 23:00:00,28,0.466667,23
6775888955,2016-05-07 00:00:00,20,0.333333,0
6775888955,2016-05-07 01:00:00,0,0.0,1
6775888955,2016-05-07 02:00:00,0,0.0,2
6775888955,2016-05-07 03:00:00,0,0.0,3
6775888955,2016-05-07 04:00:00,0,0.0,4
6775888955,2016-05-07 05:00:00,0,0.0,5
6775888955,2016-05-07 06:00:00,0,0.0,6
6775888955,2016-05-07 07:00:00,15,0.25,7
6775888955,2016-05-07 08:00:00,25,0.416667,8
6775888955,2016-05-07 09:00:00,1,0.016667,9
6962181067,2016-04-12 00:00:00,2,0.033333,0
6962181067,2016-04-12 01:00:00,0,0.0,1
6962181067,2016-04-12 02:00:00,0,0.0,2
6962181067,2016-04-12 03:00:00,0,0.0,3
6962181067,2016-04-12 04:00:00,0,0.0,4
6962181067,2016-04-12 05:00:00,0,0.0,5
6962181067,2016-04-12 06:00:00,3,0.05,6
6962181067,2016-04-12 07:00:00,24,0.4,7
6962181067,2016-04-12 08:00:00,12,0.2,8
6962181067,2016-04-12 09:00:00,76,1.266667,9
6962181067,2016-04-12 10:00:00,79,1.316667,10
6962181067,2016-04-12 11:00:00,19,0.316667,11
6962181067,2016-04-12 12:00:00,9,0.15,12
6962181067,2016-04-12 13:00:00,2,0.033333,13
6962181067,2016-04-12 14:00:00,5,0.083333,14
6962181067,2016-04-12 15:00:00,8,0.133333,15
6962181067,2016-04-12 16:00:00,20,0.333333,16
6962181067,2016-04-12 17:00:00,21,0.35,17
6962181067,2016-04-12 18:00:00,26,0.433333,18
6962181067,2016-04-12 19:00:00,56,0.933333,19
6962181067,2016-04-12 20:00:00,0,0.0,20
6962181067,2016-04-12 21:00:00,0,0.0,21
6962181067,2016-04-12 22:00:00,3,0.05,22
6962181067,2016-04-12 23:00:00,2,0.033333,23
6962181067,2016-04-13 00:00:00,1,0.016667,0
6962181067,2016-04-13 01:00:00,2,0.033333,1
6962181067,2016-04-13 02:00:00,0,0.0,2
6962181067,2016-04-13 03:00:00,1,0.016667,3
6962181067,2016-04-13 04:00:00,3,0.05,4
6962181067,2016-04-13 05:00:00,0,0.0,5
6962181067,2016-04-13 06:00:00,0,0.0,6
6962181067,2016-04-13 07:00:00,0,0.0,7
6962181067,2016-04-13 08:00:00,3,0.05,8
6962181067,2016-04-13 09:00:00,3,0.05,9
6962181067,2016-04-13 10:00:00,0,0.0,10
6962181067,2016-04-13 11:00:00,0,0.0,11
6962181067,2016-04-13 12:00:00,8,0.133333,12
6962181067,2016-04-13 13:00:00,5,0.083333,13
6962181067,2016-04-13 14:00:00,4,0.066667,14
6962181067,2016-04-13 15:00:00,24,0.4,15
6962181067,2016-04-13 16:00:00,17,0.283333,16
6962181067,2016-04-13 17:00:00,55,0.916667,17
6962181067,2016-04-13 18:00:00,47,0.783333,18
6962181067,2016-04-13 19:00:00,7,0.116667,19
6962181067,2016-04-13 20:00:00,19,0.316667,20
6962181067,2016-04-13 21:00:00,2,0.033333,21
6962181067,2016-04-13 22:00:00,11,0.183333,22
6962181067,2016-04-13 23:00:00,2,0.033333,23
6962181067,2016-04-14 00:00:00,0,0.0,0
6962181067,2016-04-14 01:00:00,3,0.05,1
6962181067,2016-04-14 02:00:00,0,0.0,2
6962181067,2016-04-14 03:00:00,1,0.016667,3
6962181067,2016-04-14 04:00:00,0,0.0,4
6962181067,2016-04-14 05:00:00,0,0.0,5
6962181067,2016-04-14 06:00:00,3,0.05,6
6962181067,2016-04-14 07:00:00,0,0.0,7
6962181067,2016-04-14 08:00:00,5,0.083333,8
6962181067,2016-04-14 09:00:00,10,0.166667,9
6962181067,2016-04-14 10:00:00,1,0.016667,10
6962181067,2016-04-14 11:00:00,4,0.066667,11
6962181067,2016-04-14 12:00:00,11,0.183333,12
6962181067,2016-04-14 13:00:00,2,0.033333,13
6962181067,2016-04-14 14:00:00,2,0.033333,14
6962181067,2016-04-14 15:00:00,10,0.166667,15
6962181067,2016-04-14 16:00:00,2,0.033333,16
6962181067,2016-04-14 17:00:00,7,0.116667,17
6962181067,2016-04-14 18:00:00,4,0.066667,18
6962181067,2016-04-14 19:00:00,3,0.05,19
6962181067,2016-04-14 20:00:00,9,0.15,20
6962181067,2016-04-14 21:00:00,0,0.0,21
6962181067,2016-04-14 22:00:00,8,0.133333,22
6962181067,2016-04-14 23:00:00,1,0.016667,23
6962181067,2016-04-15 00:00:00,2,0.033333,0
6962181067,2016-04-15 01:00:00,0,0.0,1
6962181067,2016-04-15 02:00:00,0,0.0,2
6962181067,2016-04-15 03:00:00,1,0.016667,3
6962181067,2016-04-15 04:00:00,0,0.0,4
6962181067,2016-04-15 05:00:00,0,0.0,5
6962181067,2016-04-15 06:00:00,2,0.033333,6
6962181067,2016-04-15 07:00:00,32,0.533333,7
6962181067,2016-04-15 08:00:00,31,0.516667,8
6962181067,2016-04-15 09:00:00,44,0.733333,9
6962181067,2016-04-15 10:00:00,3,0.05,10
6962181067,2016-04-15 11:00:00,34,0.566667,11
6962181067,2016-04-15 12:00:00,15,0.25,12
6962181067,2016-04-15 13:00:00,0,0.0,13
6962181067,2016-04-15 14:00:00,8,0.133333,14
6962181067,2016-04-15 15:00:00,3,0.05,15
6962181067,2016-04-15 16:00:00,0,0.0,16
6962181067,2016-04-15 17:00:00,6,0.1,17
6962181067,2016-04-15 18:00:00,25,0.416667,18
6962181067,2016-04-15 19:00:00,3,0.05,19
6962181067,2016-04-15 20:00:00,3,0.05,20
6962181067,2016-04-15 21:00:00,0,0.0,21
6962181067,2016-04-15 22:00:00,4,0.066667,22
6962181067,2016-04-15 23:00:00,1,0.016667,23
6962181067,2016-04-16 00:00:00,1,0.016667,0
6962181067,2016-04-16 01:00:00,2,0.033333,1
6962181067,2016-04-16 02:00:00,0,0.0,2
6962181067,2016-04-16 03:00:00,1,0.016667,3
6962181067,2016-04-16 04:00:00,0,0.0,4
6962181067,2016-04-16 05:00:00,0,0.0,5
6962181067,2016-04-16 06:00:00,0,0.0,6
6962181067,2016-04-16 07:00:00,7,0.116667,7
6962181067,2016-04-16 08:00:00,37,0.616667,8
6962181067,2016-04-16 09:00:00,151,2.516667,9
6962181067,2016-04-16 10:00:00,31,0.516667,10
6962181067,2016-04-16 11:00:00,30,0.5,11
6962181067,2016-04-16 12:00:00,18,0.3,12
6962181067,2016-04-16 13:00:00,7,0.116667,13
6962181067,2016-04-16 14:00:00,2,0.033333,14
6962181067,2016-04-16 15:00:00,26,0.433333,15
6962181067,2016-04-16 16:00:00,18,0.3,16
6962181067,2016-04-16 17:00:00,23,0.383333,17
6962181067,2016-04-16 18:00:00,28,0.466667,18
6962181067,2016-04-16 19:00:00,34,0.566667,19
6962181067,2016-04-16 20:00:00,14,0.233333,20
6962181067,2016-04-16 21:00:00,0,0.0,21
6962181067,2016-04-16 22:00:00,3,0.05,22
6962181067,2016-04-16 23:00:00,3,0.05,23
6962181067,2016-04-17 00:00:00,1,0.016667,0
6962181067,2016-04-17 01:00:00,0,0.0,1
6962181067,2016-04-17 02:00:00,3,0.05,2
6962181067,2016-04-17 03:00:00,0,0.0,3
6962181067,2016-04-17 04:00:00,0,0.0,4
6962181067,2016-04-17 05:00:00,0,0.0,5
6962181067,2016-04-17 06:00:00,0,0.0,6
6962181067,2016-04-17 07:00:00,10,0.166667,7
6962181067,2016-04-17 08:00:00,33,0.55,8
6962181067,2016-04-17 09:00:00,6,0.1,9
6962181067,2016-04-17 10:00:00,22,0.366667,10
6962181067,2016-04-17 11:00:00,17,0.283333,11
6962181067,2016-04-17 12:00:00,30,0.5,12
6962181067,2016-04-17 13:00:00,14,0.233333,13
6962181067,2016-04-17 14:00:00,6,0.1,14
6962181067,2016-04-17 15:00:00,62,1.033333,15
6962181067,2016-04-17 16:00:00,37,0.616667,16
6962181067,2016-04-17 17:00:00,31,0.516667,17
6962181067,2016-04-17 18:00:00,30,0.5,18
6962181067,2016-04-17 19:00:00,28,0.466667,19
6962181067,2016-04-17 20:00:00,0,0.0,20
6962181067,2016-04-17 21:00:00,2,0.033333,21
6962181067,2016-04-17 22:00:00,4,0.066667,22
6962181067,2016-04-17 23:00:00,0,0.0,23
6962181067,2016-04-18 00:00:00,0,0.0,0
6962181067,2016-04-18 01:00:00,0,0.0,1
6962181067,2016-04-18 02:00:00,0,0.0,2
6962181067,2016-04-18 03:00:00,1,0.016667,3
6962181067,2016-04-18 04:00:00,0,0.0,4
6962181067,2016-04-18 05:00:00,0,0.0,5
6962181067,2016-04-18 06:00:00,2,0.033333,6
6962181067,2016-04-18 07:00:00,32,0.533333,7
6962181067,2016-04-18 08:00:00,15,0.25,8
6962181067,2016-04-18 09:00:00,8,0.133333,9
6962181067,2016-04-18 10:00:00,10,0.166667,10
6962181067,2016-04-18 11:00:00,127,2.116667,11
6962181067,2016-04-18 12:00:00,34,0.566667,12
6962181067,2016-04-18 13:00:00,3,0.05,13
6962181067,2016-04-18 14:00:00,0,0.0,14
6962181067,2016-04-18 15:00:00,24,0.4,15
6962181067,2016-04-18 16:00:00,39,0.65,16
6962181067,2016-04-18 17:00:00,22,0.366667,17
6962181067,2016-04-18 18:00:00,19,0.316667,18
6962181067,2016-04-18 19:00:00,19,0.316667,19
6962181067,2016-04-18 20:00:00,0,0.0,20
6962181067,2016-04-18 21:00:00,0,0.0,21
6962181067,2016-04-18 22:00:00,5,0.083333,22
6962181067,2016-04-18 23:00:00,1,0.016667,23
6962181067,2016-04-19 00:00:00,1,0.016667,0
6962181067,2016-04-19 01:00:00,0,0.0,1
6962181067,2016-04-19 02:00:00,2,0.033333,2
6962181067,2016-04-19 03:00:00,0,0.0,3
6962181067,2016-04-19 04:00:00,0,0.0,4
6962181067,2016-04-19 05:00:00,0,0.0,5
6962181067,2016-04-19 06:00:00,0,0.0,6
6962181067,2016-04-19 07:00:00,0,0.0,7
6962181067,2016-04-19 08:00:00,22,0.366667,8
6962181067,2016-04-19 09:00:00,46,0.766667,9
6962181067,2016-04-19 10:00:00,113,1.883333,10
6962181067,2016-04-19 11:00:00,8,0.133333,11
6962181067,2016-04-19 12:00:00,2,0.033333,12
6962181067,2016-04-19 13:00:00,12,0.2,13
6962181067,2016-04-19 14:00:00,4,0.066667,14
6962181067,2016-04-19 15:00:00,33,0.55,15
6962181067,2016-04-19 16:00:00,54,0.9,16
6962181067,2016-04-19 17:00:00,48,0.8,17
6962181067,2016-04-19 18:00:00,12,0.2,18
6962181067,2016-04-19 19:00:00,11,0.183333,19
6962181067,2016-04-19 20:00:00,8,0.133333,20
6962181067,2016-04-19 21:00:00,2,0.033333,21
6962181067,2016-04-19 22:00:00,1,0.016667,22
6962181067,2016-04-19 23:00:00,3,0.05,23
6962181067,2016-04-20 00:00:00,0,0.0,0
6962181067,2016-04-20 01:00:00,0,0.0,1
6962181067,2016-04-20 02:00:00,0,0.0,2
6962181067,2016-04-20 03:00:00,0,0.0,3
6962181067,2016-04-20 04:00:00,0,0.0,4
6962181067,2016-04-20 05:00:00,0,0.0,5
6962181067,2016-04-20 06:00:00,0,0.0,6
6962181067,2016-04-20 07:00:00,33,0.55,7
6962181067,2016-04-20 08:00:00,24,0.4,8
6962181067,2016-04-20 09:00:00,104,1.733333,9
6962181067,2016-04-20 10:00:00,77,1.283333,10
6962181067,2016-04-20 11:00:00,29,0.483333,11
6962181067,2016-04-20 12:00:00,52,0.866667,12
6962181067,2016-04-20 13:00:00,0,0.0,13
6962181067,2016-04-20 14:00:00,14,0.233333,14
6962181067,2016-04-20 15:00:00,37,0.616667,15
6962181067,2016-04-20 16:00:00,1,0.016667,16
6962181067,2016-04-20 17:00:00,11,0.183333,17
6962181067,2016-04-20 18:00:00,23,0.383333,18
6962181067,2016-04-20 19:00:00,7,0.116667,19
6962181067,2016-04-20 20:00:00,28,0.466667,20
6962181067,2016-04-20 21:00:00,3,0.05,21
6962181067,2016-04-20 22:00:00,4,0.066667,22
6962181067,2016-04-20 23:00:00,2,0.033333,23
6962181067,2016-04-21 00:00:00,0,0.0,0
6962181067,2016-04-21 01:00:00,0,0.0,1
6962181067,2016-04-21 02:00:00,0,0.0,2
6962181067,2016-04-21 03:00:00,0,0.0,3
6962181067,2016-04-21 04:00:00,0,0.0,4
6962181067,2016-04-21 05:00:00,1,0.016667,5
6962181067,2016-04-21 06:00:00,0,0.0,6
6962181067,2016-04-21 07:00:00,32,0.533333,7
6962181067,2016-04-21 08:00:00,18,0.3,8
6962181067,2016-04-21 09:00:00,59,0.983333,9
6962181067,2016-04-21 10:00:00,102,1.7,10
6962181067,2016-04-21 11:00:00,31,0.516667,11
6962181067,2016-04-21 12:00:00,124,2.066667,12
6962181067,2016-04-21 13:00:00,2,0.033333,13
6962181067,2016-04-21 14:00:00,5,0.083333,14
6962181067,2016-04-21 15:00:00,1,0.016667,15
6962181067,2016-04-21 16:00:00,21,0.35,16
6962181067,2016-04-21 17:00:00,8,0.133333,17
6962181067,2016-04-21 18:00:00,18,0.3,18
6962181067,2016-04-21 19:00:00,1,0.016667,19
6962181067,2016-04-21 20:00:00,2,0.033333,20
6962181067,2016-04-21 21:00:00,1,0.016667,21
6962181067,2016-04-21 22:00:00,1,0.016667,22
6962181067,2016-04-21 23:00:00,0,0.0,23
6962181067,2016-04-22 00:00:00,0,0.0,0
6962181067,2016-04-22 01:00:00,0,0.0,1
6962181067,2016-04-22 02:00:00,0,0.0,2
6962181067,2016-04-22 03:00:00,0,0.0,3
6962181067,2016-04-22 04:00:00,0,0.0,4
6962181067,2016-04-22 05:00:00,0,0.0,5
6962181067,2016-04-22 06:00:00,1,0.016667,6
6962181067,2016-04-22 07:00:00,42,0.7,7
6962181067,2016-04-22 08:00:00,15,0.25,8
6962181067,2016-04-22 09:00:00,101,1.683333,9
6962181067,2016-04-22 10:00:00,23,0.383333,10
6962181067,2016-04-22 11:00:00,29,0.483333,11
6962181067,2016-04-22 12:00:00,74,1.233333,12
6962181067,2016-04-22 13:00:00,1,0.016667,13
6962181067,2016-04-22 14:00:00,13,0.216667,14
6962181067,2016-04-22 15:00:00,12,0.2,15
6962181067,2016-04-22 16:00:00,29,0.483333,16
6962181067,2016-04-22 17:00:00,22,0.366667,17
6962181067,2016-04-22 18:00:00,14,0.233333,18
6962181067,2016-04-22 19:00:00,13,0.216667,19
6962181067,2016-04-22 20:00:00,2,0.033333,20
6962181067,2016-04-22 21:00:00,3,0.05,21
6962181067,2016-04-22 22:00:00,2,0.033333,22
6962181067,2016-04-22 23:00:00,0,0.0,23
6962181067,2016-04-23 00:00:00,0,0.0,0
6962181067,2016-04-23 01:00:00,0,0.0,1
6962181067,2016-04-23 02:00:00,0,0.0,2
6962181067,2016-04-23 03:00:00,0,0.0,3
6962181067,2016-04-23 04:00:00,0,0.0,4
6962181067,2016-04-23 05:00:00,0,0.0,5
6962181067,2016-04-23 06:00:00,0,0.0,6
6962181067,2016-04-23 07:00:00,1,0.016667,7
6962181067,2016-04-23 08:00:00,31,0.516667,8
6962181067,2016-04-23 09:00:00,159,2.65,9
6962181067,2016-04-23 10:00:00,17,0.283333,10
6962181067,2016-04-23 11:00:00,10,0.166667,11
6962181067,2016-04-23 12:00:00,19,0.316667,12
6962181067,2016-04-23 13:00:00,14,0.233333,13
6962181067,2016-04-23 14:00:00,38,0.633333,14
6962181067,2016-04-23 15:00:00,33,0.55,15
6962181067,2016-04-23 16:00:00,44,0.733333,16
6962181067,2016-04-23 17:00:00,95,1.583333,17
6962181067,2016-04-23 18:00:00,20,0.333333,18
6962181067,2016-04-23 19:00:00,40,0.666667,19
6962181067,2016-04-23 20:00:00,30,0.5,20
6962181067,2016-04-23 21:00:00,26,0.433333,21
6962181067,2016-04-23 22:00:00,6,0.1,22
6962181067,2016-04-23 23:00:00,20,0.333333,23
6962181067,2016-04-24 00:00:00,0,0.0,0
6962181067,2016-04-24 01:00:00,0,0.0,1
6962181067,2016-04-24 02:00:00,0,0.0,2
6962181067,2016-04-24 03:00:00,0,0.0,3
6962181067,2016-04-24 04:00:00,0,0.0,4
6962181067,2016-04-24 05:00:00,0,0.0,5
6962181067,2016-04-24 06:00:00,0,0.0,6
6962181067,2016-04-24 07:00:00,1,0.016667,7
6962181067,2016-04-24 08:00:00,2,0.033333,8
6962181067,2016-04-24 09:00:00,26,0.433333,9
6962181067,2016-04-24 10:00:00,20,0.333333,10
6962181067,2016-04-24 11:00:00,11,0.183333,11
6962181067,2016-04-24 12:00:00,17,0.283333,12
6962181067,2016-04-24 13:00:00,6,0.1,13
6962181067,2016-04-24 14:00:00,4,0.066667,14
6962181067,2016-04-24 15:00:00,1,0.016667,15
6962181067,2016-04-24 16:00:00,23,0.383333,16
6962181067,2016-04-24 17:00:00,23,0.383333,17
6962181067,2016-04-24 18:00:00,24,0.4,18
6962181067,2016-04-24 19:00:00,17,0.283333,19
6962181067,2016-04-24 20:00:00,14,0.233333,20
6962181067,2016-04-24 21:00:00,6,0.1,21
6962181067,2016-04-24 22:00:00,4,0.066667,22
6962181067,2016-04-24 23:00:00,0,0.0,23
6962181067,2016-04-25 00:00:00,0,0.0,0
6962181067,2016-04-25 01:00:00,0,0.0,1
6962181067,2016-04-25 02:00:00,0,0.0,2
6962181067,2016-04-25 03:00:00,0,0.0,3
6962181067,2016-04-25 04:00:00,1,0.016667,4
6962181067,2016-04-25 05:00:00,0,0.0,5
6962181067,2016-04-25 06:00:00,0,0.0,6
6962181067,2016-04-25 07:00:00,43,0.716667,7
6962181067,2016-04-25 08:00:00,49,0.816667,8
6962181067,2016-04-25 09:00:00,39,0.65,9
6962181067,2016-04-25 10:00:00,100,1.666667,10
6962181067,2016-04-25 11:00:00,17,0.283333,11
6962181067,2016-04-25 12:00:00,33,0.55,12
6962181067,2016-04-25 13:00:00,0,0.0,13
6962181067,2016-04-25 14:00:00,12,0.2,14
6962181067,2016-04-25 15:00:00,13,0.216667,15
6962181067,2016-04-25 16:00:00,36,0.6,16
6962181067,2016-04-25 17:00:00,71,1.183333,17
6962181067,2016-04-25 18:00:00,17,0.283333,18
6962181067,2016-04-25 19:00:00,8,0.133333,19
6962181067,2016-04-25 20:00:00,1,0.016667,20
6962181067,2016-04-25 21:00:00,1,0.016667,21
6962181067,2016-04-25 22:00:00,8,0.133333,22
6962181067,2016-04-25 23:00:00,0,0.0,23
6962181067,2016-04-26 00:00:00,0,0.0,0
6962181067,2016-04-26 01:00:00,1,0.016667,1
6962181067,2016-04-26 02:00:00,0,0.0,2
6962181067,2016-04-26 03:00:00,0,0.0,3
6962181067,2016-04-26 04:00:00,0,0.0,4
6962181067,2016-04-26 05:00:00,0,0.0,5
6962181067,2016-04-26 06:00:00,8,0.133333,6
6962181067,2016-04-26 07:00:00,27,0.45,7
6962181067,2016-04-26 08:00:00,20,0.333333,8
6962181067,2016-04-26 09:00:00,22,0.366667,9
6962181067,2016-04-26 10:00:00,30,0.5,10
6962181067,2016-04-26 11:00:00,30,0.5,11
6962181067,2016-04-26 12:00:00,137,2.283333,12
6962181067,2016-04-26 13:00:00,2,0.033333,13
6962181067,2016-04-26 14:00:00,4,0.066667,14
6962181067,2016-04-26 15:00:00,16,0.266667,15
6962181067,2016-04-26 16:00:00,16,0.266667,16
6962181067,2016-04-26 17:00:00,9,0.15,17
6962181067,2016-04-26 18:00:00,24,0.4,18
6962181067,2016-04-26 19:00:00,17,0.283333,19
6962181067,2016-04-26 20:00:00,13,0.216667,20
6962181067,2016-04-26 21:00:00,0,0.0,21
6962181067,2016-04-26 22:00:00,0,0.0,22
6962181067,2016-04-26 23:00:00,0,0.0,23
6962181067,2016-04-27 00:00:00,0,0.0,0
6962181067,2016-04-27 01:00:00,0,0.0,1
6962181067,2016-04-27 02:00:00,0,0.0,2
6962181067,2016-04-27 03:00:00,1,0.016667,3
6962181067,2016-04-27 04:00:00,0,0.0,4
6962181067,2016-04-27 05:00:00,0,0.0,5
6962181067,2016-04-27 06:00:00,4,0.066667,6
6962181067,2016-04-27 07:00:00,32,0.533333,7
6962181067,2016-04-27 08:00:00,23,0.383333,8
6962181067,2016-04-27 09:00:00,15,0.25,9
6962181067,2016-04-27 10:00:00,21,0.35,10
6962181067,2016-04-27 11:00:00,83,1.383333,11
6962181067,2016-04-27 12:00:00,15,0.25,12
6962181067,2016-04-27 13:00:00,2,0.033333,13
6962181067,2016-04-27 14:00:00,4,0.066667,14
6962181067,2016-04-27 15:00:00,0,0.0,15
6962181067,2016-04-27 16:00:00,33,0.55,16
6962181067,2016-04-27 17:00:00,28,0.466667,17
6962181067,2016-04-27 18:00:00,36,0.6,18
6962181067,2016-04-27 19:00:00,34,0.566667,19
6962181067,2016-04-27 20:00:00,33,0.55,20
6962181067,2016-04-27 21:00:00,3,0.05,21
6962181067,2016-04-27 22:00:00,1,0.016667,22
6962181067,2016-04-27 23:00:00,8,0.133333,23
6962181067,2016-04-28 00:00:00,0,0.0,0
6962181067,2016-04-28 01:00:00,1,0.016667,1
6962181067,2016-04-28 02:00:00,2,0.033333,2
6962181067,2016-04-28 03:00:00,0,0.0,3
6962181067,2016-04-28 04:00:00,0,0.0,4
6962181067,2016-04-28 05:00:00,0,0.0,5
6962181067,2016-04-28 06:00:00,0,0.0,6
6962181067,2016-04-28 07:00:00,0,0.0,7
6962181067,2016-04-28 08:00:00,28,0.466667,8
6962181067,2016-04-28 09:00:00,35,0.583333,9
6962181067,2016-04-28 10:00:00,22,0.366667,10
6962181067,2016-04-28 11:00:00,33,0.55,11
6962181067,2016-04-28 12:00:00,104,1.733333,12
6962181067,2016-04-28 13:00:00,55,0.916667,13
6962181067,2016-04-28 14:00:00,10,0.166667,14
6962181067,2016-04-28 15:00:00,27,0.45,15
6962181067,2016-04-28 16:00:00,13,0.216667,16
6962181067,2016-04-28 17:00:00,42,0.7,17
6962181067,2016-04-28 18:00:00,18,0.3,18
6962181067,2016-04-28 19:00:00,19,0.316667,19
6962181067,2016-04-28 20:00:00,9,0.15,20
6962181067,2016-04-28 21:00:00,0,0.0,21
6962181067,2016-04-28 22:00:00,0,0.0,22
6962181067,2016-04-28 23:00:00,0,0.0,23
6962181067,2016-04-29 00:00:00,0,0.0,0
6962181067,2016-04-29 01:00:00,0,0.0,1
6962181067,2016-04-29 02:00:00,0,0.0,2
6962181067,2016-04-29 03:00:00,0,0.0,3
6962181067,2016-04-29 04:00:00,0,0.0,4
6962181067,2016-04-29 05:00:00,0,0.0,5
6962181067,2016-04-29 06:00:00,5,0.083333,6
6962181067,2016-04-29 07:00:00,29,0.483333,7
6962181067,2016-04-29 08:00:00,30,0.5,8
6962181067,2016-04-29 09:00:00,45,0.75,9
6962181067,2016-04-29 10:00:00,69,1.15,10
6962181067,2016-04-29 11:00:00,20,0.333333,11
6962181067,2016-04-29 12:00:00,65,1.083333,12
6962181067,2016-04-29 13:00:00,6,0.1,13
6962181067,2016-04-29 14:00:00,8,0.133333,14
6962181067,2016-04-29 15:00:00,23,0.383333,15
6962181067,2016-04-29 16:00:00,27,0.45,16
6962181067,2016-04-29 17:00:00,28,0.466667,17
6962181067,2016-04-29 18:00:00,33,0.55,18
6962181067,2016-04-29 19:00:00,22,0.366667,19
6962181067,2016-04-29 20:00:00,19,0.316667,20
6962181067,2016-04-29 21:00:00,4,0.066667,21
6962181067,2016-04-29 22:00:00,0,0.0,22
6962181067,2016-04-29 23:00:00,2,0.033333,23
6962181067,2016-04-30 00:00:00,0,0.0,0
6962181067,2016-04-30 01:00:00,1,0.016667,1
6962181067,2016-04-30 02:00:00,0,0.0,2
6962181067,2016-04-30 03:00:00,0,0.0,3
6962181067,2016-04-30 04:00:00,0,0.0,4
6962181067,2016-04-30 05:00:00,0,0.0,5
6962181067,2016-04-30 06:00:00,0,0.0,6
6962181067,2016-04-30 07:00:00,0,0.0,7
6962181067,2016-04-30 08:00:00,1,0.016667,8
6962181067,2016-04-30 09:00:00,24,0.4,9
6962181067,2016-04-30 10:00:00,97,1.616667,10
6962181067,2016-04-30 11:00:00,34,0.566667,11
6962181067,2016-04-30 12:00:00,27,0.45,12
6962181067,2016-04-30 13:00:00,34,0.566667,13
6962181067,2016-04-30 14:00:00,25,0.416667,14
6962181067,2016-04-30 15:00:00,16,0.266667,15
6962181067,2016-04-30 16:00:00,0,0.0,16
6962181067,2016-04-30 17:00:00,22,0.366667,17
6962181067,2016-04-30 18:00:00,30,0.5,18
6962181067,2016-04-30 19:00:00,17,0.283333,19
6962181067,2016-04-30 20:00:00,37,0.616667,20
6962181067,2016-04-30 21:00:00,0,0.0,21
6962181067,2016-04-30 22:00:00,0,0.0,22
6962181067,2016-04-30 23:00:00,0,0.0,23
6962181067,2016-05-01 00:00:00,1,0.016667,0
6962181067,2016-05-01 01:00:00,0,0.0,1
6962181067,2016-05-01 02:00:00,0,0.0,2
6962181067,2016-05-01 03:00:00,1,0.016667,3
6962181067,2016-05-01 04:00:00,0,0.0,4
6962181067,2016-05-01 05:00:00,0,0.0,5
6962181067,2016-05-01 06:00:00,0,0.0,6
6962181067,2016-05-01 07:00:00,0,0.0,7
6962181067,2016-05-01 08:00:00,27,0.45,8
6962181067,2016-05-01 09:00:00,10,0.166667,9
6962181067,2016-05-01 10:00:00,32,0.533333,10
6962181067,2016-05-01 11:00:00,12,0.2,11
6962181067,2016-05-01 12:00:00,18,0.3,12
6962181067,2016-05-01 13:00:00,15,0.25,13
6962181067,2016-05-01 14:00:00,13,0.216667,14
6962181067,2016-05-01 15:00:00,9,0.15,15
6962181067,2016-05-01 16:00:00,3,0.05,16
6962181067,2016-05-01 17:00:00,20,0.333333,17
6962181067,2016-05-01 18:00:00,29,0.483333,18
6962181067,2016-05-01 19:00:00,21,0.35,19
6962181067,2016-05-01 20:00:00,1,0.016667,20
6962181067,2016-05-01 21:00:00,2,0.033333,21
6962181067,2016-05-01 22:00:00,1,0.016667,22
6962181067,2016-05-01 23:00:00,0,0.0,23
6962181067,2016-05-02 00:00:00,0,0.0,0
6962181067,2016-05-02 01:00:00,1,0.016667,1
6962181067,2016-05-02 02:00:00,0,0.0,2
6962181067,2016-05-02 03:00:00,0,0.0,3
6962181067,2016-05-02 04:00:00,2,0.033333,4
6962181067,2016-05-02 05:00:00,0,0.0,5
6962181067,2016-05-02 06:00:00,4,0.066667,6
6962181067,2016-05-02 07:00:00,36,0.6,7
6962181067,2016-05-02 08:00:00,25,0.416667,8
6962181067,2016-05-02 09:00:00,40,0.666667,9
6962181067,2016-05-02 10:00:00,16,0.266667,10
6962181067,2016-05-02 11:00:00,24,0.4,11
6962181067,2016-05-02 12:00:00,60,1.0,12
6962181067,2016-05-02 13:00:00,2,0.033333,13
6962181067,2016-05-02 14:00:00,9,0.15,14
6962181067,2016-05-02 15:00:00,21,0.35,15
6962181067,2016-05-02 16:00:00,27,0.45,16
6962181067,2016-05-02 17:00:00,39,0.65,17
6962181067,2016-05-02 18:00:00,43,0.716667,18
6962181067,2016-05-02 19:00:00,72,1.2,19
6962181067,2016-05-02 20:00:00,2,0.033333,20
6962181067,2016-05-02 21:00:00,3,0.05,21
6962181067,2016-05-02 22:00:00,12,0.2,22
6962181067,2016-05-02 23:00:00,7,0.116667,23
6962181067,2016-05-03 00:00:00,0,0.0,0
6962181067,2016-05-03 01:00:00,2,0.033333,1
6962181067,2016-05-03 02:00:00,0,0.0,2
6962181067,2016-05-03 03:00:00,0,0.0,3
6962181067,2016-05-03 04:00:00,3,0.05,4
6962181067,2016-05-03 05:00:00,0,0.0,5
6962181067,2016-05-03 06:00:00,1,0.016667,6
6962181067,2016-05-03 07:00:00,39,0.65,7
6962181067,2016-05-03 08:00:00,38,0.633333,8
6962181067,2016-05-03 09:00:00,5,0.083333,9
6962181067,2016-05-03 10:00:00,31,0.516667,10
6962181067,2016-05-03 11:00:00,49,0.816667,11
6962181067,2016-05-03 12:00:00,73,1.216667,12
6962181067,2016-05-03 13:00:00,44,0.733333,13
6962181067,2016-05-03 14:00:00,8,0.133333,14
6962181067,2016-05-03 15:00:00,30,0.5,15
6962181067,2016-05-03 16:00:00,16,0.266667,16
6962181067,2016-05-03 17:00:00,8,0.133333,17
6962181067,2016-05-03 18:00:00,17,0.283333,18
6962181067,2016-05-03 19:00:00,11,0.183333,19
6962181067,2016-05-03 20:00:00,17,0.283333,20
6962181067,2016-05-03 21:00:00,8,0.133333,21
6962181067,2016-05-03 22:00:00,2,0.033333,22
6962181067,2016-05-03 23:00:00,0,0.0,23
6962181067,2016-05-04 00:00:00,0,0.0,0
6962181067,2016-05-04 01:00:00,1,0.016667,1
6962181067,2016-05-04 02:00:00,1,0.016667,2
6962181067,2016-05-04 03:00:00,0,0.0,3
6962181067,2016-05-04 04:00:00,1,0.016667,4
6962181067,2016-05-04 05:00:00,0,0.0,5
6962181067,2016-05-04 06:00:00,4,0.066667,6
6962181067,2016-05-04 07:00:00,30,0.5,7
6962181067,2016-05-04 08:00:00,28,0.466667,8
6962181067,2016-05-04 09:00:00,51,0.85,9
6962181067,2016-05-04 10:00:00,67,1.116667,10
6962181067,2016-05-04 11:00:00,47,0.783333,11
6962181067,2016-05-04 12:00:00,14,0.233333,12
6962181067,2016-05-04 13:00:00,0,0.0,13
6962181067,2016-05-04 14:00:00,7,0.116667,14
6962181067,2016-05-04 15:00:00,20,0.333333,15
6962181067,2016-05-04 16:00:00,14,0.233333,16
6962181067,2016-05-04 17:00:00,31,0.516667,17
6962181067,2016-05-04 18:00:00,22,0.366667,18
6962181067,2016-05-04 19:00:00,37,0.616667,19
6962181067,2016-05-04 20:00:00,18,0.3,20
6962181067,2016-05-04 21:00:00,2,0.033333,21
6962181067,2016-05-04 22:00:00,4,0.066667,22
6962181067,2016-05-04 23:00:00,2,0.033333,23
6962181067,2016-05-05 00:00:00,0,0.0,0
6962181067,2016-05-05 01:00:00,1,0.016667,1
6962181067,2016-05-05 02:00:00,0,0.0,2
6962181067,2016-05-05 03:00:00,0,0.0,3
6962181067,2016-05-05 04:00:00,0,0.0,4
6962181067,2016-05-05 05:00:00,0,0.0,5
6962181067,2016-05-05 06:00:00,2,0.033333,6
6962181067,2016-05-05 07:00:00,1,0.016667,7
6962181067,2016-05-05 08:00:00,31,0.516667,8
6962181067,2016-05-05 09:00:00,30,0.5,9
6962181067,2016-05-05 10:00:00,28,0.466667,10
6962181067,2016-05-05 11:00:00,27,0.45,11
6962181067,2016-05-05 12:00:00,36,0.6,12
6962181067,2016-05-05 13:00:00,2,0.033333,13
6962181067,2016-05-05 14:00:00,11,0.183333,14
6962181067,2016-05-05 15:00:00,22,0.366667,15
6962181067,2016-05-05 16:00:00,31,0.516667,16
6962181067,2016-05-05 17:00:00,25,0.416667,17
6962181067,2016-05-05 18:00:00,25,0.416667,18
6962181067,2016-05-05 19:00:00,103,1.716667,19
6962181067,2016-05-05 20:00:00,16,0.266667,20
6962181067,2016-05-05 21:00:00,0,0.0,21
6962181067,2016-05-05 22:00:00,0,0.0,22
6962181067,2016-05-05 23:00:00,0,0.0,23
6962181067,2016-05-06 00:00:00,1,0.016667,0
6962181067,2016-05-06 01:00:00,0,0.0,1
6962181067,2016-05-06 02:00:00,0,0.0,2
6962181067,2016-05-06 03:00:00,0,0.0,3
6962181067,2016-05-06 04:00:00,0,0.0,4
6962181067,2016-05-06 05:00:00,0,0.0,5
6962181067,2016-05-06 06:00:00,0,0.0,6
6962181067,2016-05-06 07:00:00,24,0.4,7
6962181067,2016-05-06 08:00:00,28,0.466667,8
6962181067,2016-05-06 09:00:00,22,0.366667,9
6962181067,2016-05-06 10:00:00,7,0.116667,10
6962181067,2016-05-06 11:00:00,10,0.166667,11
6962181067,2016-05-06 12:00:00,15,0.25,12
6962181067,2016-05-06 13:00:00,10,0.166667,13
6962181067,2016-05-06 14:00:00,11,0.183333,14
6962181067,2016-05-06 15:00:00,1,0.016667,15
6962181067,2016-05-06 16:00:00,22,0.366667,16
6962181067,2016-05-06 17:00:00,22,0.366667,17
6962181067,2016-05-06 18:00:00,26,0.433333,18
6962181067,2016-05-06 19:00:00,3,0.05,19
6962181067,2016-05-06 20:00:00,28,0.466667,20
6962181067,2016-05-06 21:00:00,22,0.366667,21
6962181067,2016-05-06 22:00:00,33,0.55,22
6962181067,2016-05-06 23:00:00,14,0.233333,23
6962181067,2016-05-07 00:00:00,2,0.033333,0
6962181067,2016-05-07 01:00:00,13,0.216667,1
6962181067,2016-05-07 02:00:00,18,0.3,2
6962181067,2016-05-07 03:00:00,5,0.083333,3
6962181067,2016-05-07 04:00:00,3,0.05,4
6962181067,2016-05-07 05:00:00,0,0.0,5
6962181067,2016-05-07 06:00:00,3,0.05,6
6962181067,2016-05-07 07:00:00,0,0.0,7
6962181067,2016-05-07 08:00:00,4,0.066667,8
6962181067,2016-05-07 09:00:00,35,0.583333,9
6962181067,2016-05-07 10:00:00,8,0.133333,10
6962181067,2016-05-07 11:00:00,31,0.516667,11
6962181067,2016-05-07 12:00:00,11,0.183333,12
6962181067,2016-05-07 13:00:00,24,0.4,13
6962181067,2016-05-07 14:00:00,13,0.216667,14
6962181067,2016-05-07 15:00:00,0,0.0,15
6962181067,2016-05-07 16:00:00,20,0.333333,16
6962181067,2016-05-07 17:00:00,12,0.2,17
6962181067,2016-05-07 18:00:00,25,0.416667,18
6962181067,2016-05-07 19:00:00,41,0.683333,19
6962181067,2016-05-07 20:00:00,26,0.433333,20
6962181067,2016-05-07 21:00:00,8,0.133333,21
6962181067,2016-05-07 22:00:00,16,0.266667,22
6962181067,2016-05-07 23:00:00,10,0.166667,23
6962181067,2016-05-08 00:00:00,0,0.0,0
6962181067,2016-05-08 01:00:00,0,0.0,1
6962181067,2016-05-08 02:00:00,0,0.0,2
6962181067,2016-05-08 03:00:00,0,0.0,3
6962181067,2016-05-08 04:00:00,4,0.066667,4
6962181067,2016-05-08 05:00:00,1,0.016667,5
6962181067,2016-05-08 06:00:00,0,0.0,6
6962181067,2016-05-08 07:00:00,0,0.0,7
6962181067,2016-05-08 08:00:00,1,0.016667,8
6962181067,2016-05-08 09:00:00,5,0.083333,9
6962181067,2016-05-08 10:00:00,25,0.416667,10
6962181067,2016-05-08 11:00:00,27,0.45,11
6962181067,2016-05-08 12:00:00,19,0.316667,12
6962181067,2016-05-08 13:00:00,3,0.05,13
6962181067,2016-05-08 14:00:00,9,0.15,14
6962181067,2016-05-08 15:00:00,10,0.166667,15
6962181067,2016-05-08 16:00:00,51,0.85,16
6962181067,2016-05-08 17:00:00,19,0.316667,17
6962181067,2016-05-08 18:00:00,3,0.05,18
6962181067,2016-05-08 19:00:00,0,0.0,19
6962181067,2016-05-08 20:00:00,0,0.0,20
6962181067,2016-05-08 21:00:00,0,0.0,21
6962181067,2016-05-08 22:00:00,0,0.0,22
6962181067,2016-05-08 23:00:00,2,0.033333,23
6962181067,2016-05-09 00:00:00,0,0.0,0
6962181067,2016-05-09 01:00:00,0,0.0,1
6962181067,2016-05-09 02:00:00,0,0.0,2
6962181067,2016-05-09 03:00:00,0,0.0,3
6962181067,2016-05-09 04:00:00,0,0.0,4
6962181067,2016-05-09 05:00:00,0,0.0,5
6962181067,2016-05-09 06:00:00,0,0.0,6
6962181067,2016-05-09 07:00:00,1,0.016667,7
6962181067,2016-05-09 08:00:00,33,0.55,8
6962181067,2016-05-09 09:00:00,45,0.75,9
6962181067,2016-05-09 10:00:00,112,1.866667,10
6962181067,2016-05-09 11:00:00,26,0.433333,11
6962181067,2016-05-09 12:00:00,18,0.3,12
6962181067,2016-05-09 13:00:00,4,0.066667,13
6962181067,2016-05-09 14:00:00,11,0.183333,14
6962181067,2016-05-09 15:00:00,2,0.033333,15
6962181067,2016-05-09 16:00:00,10,0.166667,16
6962181067,2016-05-09 17:00:00,39,0.65,17
6962181067,2016-05-09 18:00:00,8,0.133333,18
6962181067,2016-05-09 19:00:00,80,1.333333,19
6962181067,2016-05-09 20:00:00,3,0.05,20
6962181067,2016-05-09 21:00:00,5,0.083333,21
6962181067,2016-05-09 22:00:00,5,0.083333,22
6962181067,2016-05-09 23:00:00,0,0.0,23
6962181067,2016-05-10 00:00:00,2,0.033333,0
6962181067,2016-05-10 01:00:00,1,0.016667,1
6962181067,2016-05-10 02:00:00,1,0.016667,2
6962181067,2016-05-10 03:00:00,0,0.0,3
6962181067,2016-05-10 04:00:00,0,0.0,4
6962181067,2016-05-10 05:00:00,0,0.0,5
6962181067,2016-05-10 06:00:00,2,0.033333,6
6962181067,2016-05-10 07:00:00,76,1.266667,7
6962181067,2016-05-10 08:00:00,19,0.316667,8
6962181067,2016-05-10 09:00:00,76,1.266667,9
6962181067,2016-05-10 10:00:00,139,2.316667,10
6962181067,2016-05-10 11:00:00,38,0.633333,11
6962181067,2016-05-10 12:00:00,8,0.133333,12
6962181067,2016-05-10 13:00:00,3,0.05,13
6962181067,2016-05-10 14:00:00,7,0.116667,14
6962181067,2016-05-10 15:00:00,14,0.233333,15
6962181067,2016-05-10 16:00:00,51,0.85,16
6962181067,2016-05-10 17:00:00,32,0.533333,17
6962181067,2016-05-10 18:00:00,30,0.5,18
6962181067,2016-05-10 19:00:00,24,0.4,19
6962181067,2016-05-10 20:00:00,0,0.0,20
6962181067,2016-05-10 21:00:00,2,0.033333,21
6962181067,2016-05-10 22:00:00,3,0.05,22
6962181067,2016-05-10 23:00:00,1,0.016667,23
6962181067,2016-05-11 00:00:00,0,0.0,0
6962181067,2016-05-11 01:00:00,0,0.0,1
6962181067,2016-05-11 02:00:00,0,0.0,2
6962181067,2016-05-11 03:00:00,0,0.0,3
6962181067,2016-05-11 04:00:00,0,0.0,4
6962181067,2016-05-11 05:00:00,2,0.033333,5
6962181067,2016-05-11 06:00:00,0,0.0,6
6962181067,2016-05-11 07:00:00,4,0.066667,7
6962181067,2016-05-11 08:00:00,33,0.55,8
6962181067,2016-05-11 09:00:00,96,1.6,9
6962181067,2016-05-11 10:00:00,20,0.333333,10
6962181067,2016-05-11 11:00:00,11,0.183333,11
6962181067,2016-05-11 12:00:00,23,0.383333,12
6962181067,2016-05-11 13:00:00,0,0.0,13
6962181067,2016-05-11 14:00:00,2,0.033333,14
6962181067,2016-05-11 15:00:00,18,0.3,15
6962181067,2016-05-11 16:00:00,18,0.3,16
6962181067,2016-05-11 17:00:00,10,0.166667,17
6962181067,2016-05-11 18:00:00,5,0.083333,18
6962181067,2016-05-11 19:00:00,9,0.15,19
6962181067,2016-05-11 20:00:00,13,0.216667,20
6962181067,2016-05-11 21:00:00,11,0.183333,21
6962181067,2016-05-11 22:00:00,9,0.15,22
6962181067,2016-05-11 23:00:00,1,0.016667,23
6962181067,2016-05-12 00:00:00,0,0.0,0
6962181067,2016-05-12 01:00:00,2,0.033333,1
6962181067,2016-05-12 02:00:00,0,0.0,2
6962181067,2016-05-12 03:00:00,0,0.0,3
6962181067,2016-05-12 04:00:00,0,0.0,4
6962181067,2016-05-12 05:00:00,0,0.0,5
6962181067,2016-05-12 06:00:00,0,0.0,6
6962181067,2016-05-12 07:00:00,0,0.0,7
6962181067,2016-05-12 08:00:00,32,0.533333,8
6962181067,2016-05-12 09:00:00,29,0.483333,9
6962181067,2016-05-12 10:00:00,34,0.566667,10
6962181067,2016-05-12 11:00:00,24,0.4,11
7007744171,2016-04-12 00:00:00,0,0.0,0
7007744171,2016-04-12 01:00:00,0,0.0,1
7007744171,2016-04-12 02:00:00,0,0.0,2
7007744171,2016-04-12 03:00:00,0,0.0,3
7007744171,2016-04-12 04:00:00,0,0.0,4
7007744171,2016-04-12 05:00:00,0,0.0,5
7007744171,2016-04-12 06:00:00,28,0.466667,6
7007744171,2016-04-12 07:00:00,109,1.816667,7
7007744171,2016-04-12 08:00:00,108,1.8,8
7007744171,2016-04-12 09:00:00,37,0.616667,9
7007744171,2016-04-12 10:00:00,39,0.65,10
7007744171,2016-04-12 11:00:00,38,0.633333,11
7007744171,2016-04-12 12:00:00,14,0.233333,12
7007744171,2016-04-12 13:00:00,18,0.3,13
7007744171,2016-04-12 14:00:00,9,0.15,14
7007744171,2016-04-12 15:00:00,25,0.416667,15
7007744171,2016-04-12 16:00:00,44,0.733333,16
7007744171,2016-04-12 17:00:00,26,0.433333,17
7007744171,2016-04-12 18:00:00,18,0.3,18
7007744171,2016-04-12 19:00:00,17,0.283333,19
7007744171,2016-04-12 20:00:00,0,0.0,20
7007744171,2016-04-12 21:00:00,0,0.0,21
7007744171,2016-04-12 22:00:00,0,0.0,22
7007744171,2016-04-12 23:00:00,0,0.0,23
7007744171,2016-04-13 00:00:00,0,0.0,0
7007744171,2016-04-13 01:00:00,0,0.0,1
7007744171,2016-04-13 02:00:00,0,0.0,2
7007744171,2016-04-13 03:00:00,0,0.0,3
7007744171,2016-04-13 04:00:00,0,0.0,4
7007744171,2016-04-13 05:00:00,1,0.016667,5
7007744171,2016-04-13 06:00:00,34,0.566667,6
7007744171,2016-04-13 07:00:00,20,0.333333,7
7007744171,2016-04-13 08:00:00,170,2.833333,8
7007744171,2016-04-13 09:00:00,67,1.116667,9
7007744171,2016-04-13 10:00:00,13,0.216667,10
7007744171,2016-04-13 11:00:00,29,0.483333,11
7007744171,2016-04-13 12:00:00,17,0.283333,12
7007744171,2016-04-13 13:00:00,14,0.233333,13
7007744171,2016-04-13 14:00:00,12,0.2,14
7007744171,2016-04-13 15:00:00,22,0.366667,15
7007744171,2016-04-13 16:00:00,41,0.683333,16
7007744171,2016-04-13 17:00:00,14,0.233333,17
7007744171,2016-04-13 18:00:00,10,0.166667,18
7007744171,2016-04-13 19:00:00,6,0.1,19
7007744171,2016-04-13 20:00:00,3,0.05,20
7007744171,2016-04-13 21:00:00,0,0.0,21
7007744171,2016-04-13 22:00:00,0,0.0,22
7007744171,2016-04-13 23:00:00,0,0.0,23
7007744171,2016-04-14 00:00:00,0,0.0,0
7007744171,2016-04-14 01:00:00,0,0.0,1
7007744171,2016-04-14 02:00:00,0,0.0,2
7007744171,2016-04-14 03:00:00,0,0.0,3
7007744171,2016-04-14 04:00:00,0,0.0,4
7007744171,2016-04-14 05:00:00,0,0.0,5
7007744171,2016-04-14 06:00:00,40,0.666667,6
7007744171,2016-04-14 07:00:00,15,0.25,7
7007744171,2016-04-14 08:00:00,127,2.116667,8
7007744171,2016-04-14 09:00:00,27,0.45,9
7007744171,2016-04-14 10:00:00,8,0.133333,10
7007744171,2016-04-14 11:00:00,30,0.5,11
7007744171,2016-04-14 12:00:00,20,0.333333,12
7007744171,2016-04-14 13:00:00,3,0.05,13
7007744171,2016-04-14 14:00:00,4,0.066667,14
7007744171,2016-04-14 15:00:00,16,0.266667,15
7007744171,2016-04-14 16:00:00,14,0.233333,16
7007744171,2016-04-14 17:00:00,9,0.15,17
7007744171,2016-04-14 18:00:00,34,0.566667,18
7007744171,2016-04-14 19:00:00,52,0.866667,19
7007744171,2016-04-14 20:00:00,17,0.283333,20
7007744171,2016-04-14 21:00:00,2,0.033333,21
7007744171,2016-04-14 22:00:00,0,0.0,22
7007744171,2016-04-14 23:00:00,0,0.0,23
7007744171,2016-04-15 00:00:00,0,0.0,0
7007744171,2016-04-15 01:00:00,0,0.0,1
7007744171,2016-04-15 02:00:00,0,0.0,2
7007744171,2016-04-15 03:00:00,0,0.0,3
7007744171,2016-04-15 04:00:00,0,0.0,4
7007744171,2016-04-15 05:00:00,0,0.0,5
7007744171,2016-04-15 06:00:00,27,0.45,6
7007744171,2016-04-15 07:00:00,27,0.45,7
7007744171,2016-04-15 08:00:00,34,0.566667,8
7007744171,2016-04-15 09:00:00,16,0.266667,9
7007744171,2016-04-15 10:00:00,20,0.333333,10
7007744171,2016-04-15 11:00:00,25,0.416667,11
7007744171,2016-04-15 12:00:00,18,0.3,12
7007744171,2016-04-15 13:00:00,4,0.066667,13
7007744171,2016-04-15 14:00:00,2,0.033333,14
7007744171,2016-04-15 15:00:00,7,0.116667,15
7007744171,2016-04-15 16:00:00,6,0.1,16
7007744171,2016-04-15 17:00:00,15,0.25,17
7007744171,2016-04-15 18:00:00,1,0.016667,18
7007744171,2016-04-15 19:00:00,0,0.0,19
7007744171,2016-04-15 20:00:00,0,0.0,20
7007744171,2016-04-15 21:00:00,0,0.0,21
7007744171,2016-04-15 22:00:00,0,0.0,22
7007744171,2016-04-15 23:00:00,0,0.0,23
7007744171,2016-04-16 00:00:00,0,0.0,0
7007744171,2016-04-16 01:00:00,0,0.0,1
7007744171,2016-04-16 02:00:00,0,0.0,2
7007744171,2016-04-16 03:00:00,0,0.0,3
7007744171,2016-04-16 04:00:00,0,0.0,4
7007744171,2016-04-16 05:00:00,0,0.0,5
7007744171,2016-04-16 06:00:00,2,0.033333,6
7007744171,2016-04-16 07:00:00,27,0.45,7
7007744171,2016-04-16 08:00:00,8,0.133333,8
7007744171,2016-04-16 09:00:00,13,0.216667,9
7007744171,2016-04-16 10:00:00,9,0.15,10
7007744171,2016-04-16 11:00:00,13,0.216667,11
7007744171,2016-04-16 12:00:00,5,0.083333,12
7007744171,2016-04-16 13:00:00,11,0.183333,13
7007744171,2016-04-16 14:00:00,0,0.0,14
7007744171,2016-04-16 15:00:00,9,0.15,15
7007744171,2016-04-16 16:00:00,25,0.416667,16
7007744171,2016-04-16 17:00:00,26,0.433333,17
7007744171,2016-04-16 18:00:00,23,0.383333,18
7007744171,2016-04-16 19:00:00,18,0.3,19
7007744171,2016-04-16 20:00:00,11,0.183333,20
7007744171,2016-04-16 21:00:00,3,0.05,21
7007744171,2016-04-16 22:00:00,0,0.0,22
7007744171,2016-04-16 23:00:00,0,0.0,23
7007744171,2016-04-17 00:00:00,0,0.0,0
7007744171,2016-04-17 01:00:00,0,0.0,1
7007744171,2016-04-17 02:00:00,0,0.0,2
7007744171,2016-04-17 03:00:00,0,0.0,3
7007744171,2016-04-17 04:00:00,0,0.0,4
7007744171,2016-04-17 05:00:00,0,0.0,5
7007744171,2016-04-17 06:00:00,13,0.216667,6
7007744171,2016-04-17 07:00:00,48,0.8,7
7007744171,2016-04-17 08:00:00,36,0.6,8
7007744171,2016-04-17 09:00:00,48,0.8,9
7007744171,2016-04-17 10:00:00,22,0.366667,10
7007744171,2016-04-17 11:00:00,19,0.316667,11
7007744171,2016-04-17 12:00:00,7,0.116667,12
7007744171,2016-04-17 13:00:00,12,0.2,13
7007744171,2016-04-17 14:00:00,0,0.0,14
7007744171,2016-04-17 15:00:00,9,0.15,15
7007744171,2016-04-17 16:00:00,30,0.5,16
7007744171,2016-04-17 17:00:00,19,0.316667,17
7007744171,2016-04-17 18:00:00,21,0.35,18
7007744171,2016-04-17 19:00:00,17,0.283333,19
7007744171,2016-04-17 20:00:00,4,0.066667,20
7007744171,2016-04-17 21:00:00,0,0.0,21
7007744171,2016-04-17 22:00:00,0,0.0,22
7007744171,2016-04-17 23:00:00,0,0.0,23
7007744171,2016-04-18 00:00:00,0,0.0,0
7007744171,2016-04-18 01:00:00,0,0.0,1
7007744171,2016-04-18 02:00:00,0,0.0,2
7007744171,2016-04-18 03:00:00,0,0.0,3
7007744171,2016-04-18 04:00:00,0,0.0,4
7007744171,2016-04-18 05:00:00,0,0.0,5
7007744171,2016-04-18 06:00:00,34,0.566667,6
7007744171,2016-04-18 07:00:00,20,0.333333,7
7007744171,2016-04-18 08:00:00,157,2.616667,8
7007744171,2016-04-18 09:00:00,54,0.9,9
7007744171,2016-04-18 10:00:00,86,1.433333,10
7007744171,2016-04-18 11:00:00,14,0.233333,11
7007744171,2016-04-18 12:00:00,13,0.216667,12
7007744171,2016-04-18 13:00:00,10,0.166667,13
7007744171,2016-04-18 14:00:00,13,0.216667,14
7007744171,2016-04-18 15:00:00,34,0.566667,15
7007744171,2016-04-18 16:00:00,30,0.5,16
7007744171,2016-04-18 17:00:00,3,0.05,17
7007744171,2016-04-18 18:00:00,1,0.016667,18
7007744171,2016-04-18 19:00:00,12,0.2,19
7007744171,2016-04-18 20:00:00,4,0.066667,20
7007744171,2016-04-18 21:00:00,2,0.033333,21
7007744171,2016-04-18 22:00:00,3,0.05,22
7007744171,2016-04-18 23:00:00,0,0.0,23
7007744171,2016-04-19 00:00:00,0,0.0,0
7007744171,2016-04-19 01:00:00,0,0.0,1
7007744171,2016-04-19 02:00:00,0,0.0,2
7007744171,2016-04-19 03:00:00,0,0.0,3
7007744171,2016-04-19 04:00:00,0,0.0,4
7007744171,2016-04-19 05:00:00,0,0.0,5
7007744171,2016-04-19 06:00:00,18,0.3,6
7007744171,2016-04-19 07:00:00,66,1.1,7
7007744171,2016-04-19 08:00:00,156,2.6,8
7007744171,2016-04-19 09:00:00,33,0.55,9
7007744171,2016-04-19 10:00:00,20,0.333333,10
7007744171,2016-04-19 11:00:00,26,0.433333,11
7007744171,2016-04-19 12:00:00,9,0.15,12
7007744171,2016-04-19 13:00:00,0,0.0,13
7007744171,2016-04-19 14:00:00,13,0.216667,14
7007744171,2016-04-19 15:00:00,18,0.3,15
7007744171,2016-04-19 16:00:00,17,0.283333,16
7007744171,2016-04-19 17:00:00,43,0.716667,17
7007744171,2016-04-19 18:00:00,34,0.566667,18
7007744171,2016-04-19 19:00:00,32,0.533333,19
7007744171,2016-04-19 20:00:00,10,0.166667,20
7007744171,2016-04-19 21:00:00,2,0.033333,21
7007744171,2016-04-19 22:00:00,0,0.0,22
7007744171,2016-04-19 23:00:00,0,0.0,23
7007744171,2016-04-20 00:00:00,0,0.0,0
7007744171,2016-04-20 01:00:00,0,0.0,1
7007744171,2016-04-20 02:00:00,0,0.0,2
7007744171,2016-04-20 03:00:00,0,0.0,3
7007744171,2016-04-20 04:00:00,0,0.0,4
7007744171,2016-04-20 05:00:00,0,0.0,5
7007744171,2016-04-20 06:00:00,32,0.533333,6
7007744171,2016-04-20 07:00:00,23,0.383333,7
7007744171,2016-04-20 08:00:00,174,2.9,8
7007744171,2016-04-20 09:00:00,87,1.45,9
7007744171,2016-04-20 10:00:00,5,0.083333,10
7007744171,2016-04-20 11:00:00,30,0.5,11
7007744171,2016-04-20 12:00:00,20,0.333333,12
7007744171,2016-04-20 13:00:00,18,0.3,13
7007744171,2016-04-20 14:00:00,29,0.483333,14
7007744171,2016-04-20 15:00:00,4,0.066667,15
7007744171,2016-04-20 16:00:00,21,0.35,16
7007744171,2016-04-20 17:00:00,23,0.383333,17
7007744171,2016-04-20 18:00:00,45,0.75,18
7007744171,2016-04-20 19:00:00,47,0.783333,19
7007744171,2016-04-20 20:00:00,35,0.583333,20
7007744171,2016-04-20 21:00:00,0,0.0,21
7007744171,2016-04-20 22:00:00,0,0.0,22
7007744171,2016-04-20 23:00:00,0,0.0,23
7007744171,2016-04-21 00:00:00,0,0.0,0
7007744171,2016-04-21 01:00:00,0,0.0,1
7007744171,2016-04-21 02:00:00,0,0.0,2
7007744171,2016-04-21 03:00:00,0,0.0,3
7007744171,2016-04-21 04:00:00,0,0.0,4
7007744171,2016-04-21 05:00:00,0,0.0,5
7007744171,2016-04-21 06:00:00,38,0.633333,6
7007744171,2016-04-21 07:00:00,23,0.383333,7
7007744171,2016-04-21 08:00:00,137,2.283333,8
7007744171,2016-04-21 09:00:00,68,1.133333,9
7007744171,2016-04-21 10:00:00,27,0.45,10
7007744171,2016-04-21 11:00:00,14,0.233333,11
7007744171,2016-04-21 12:00:00,19,0.316667,12
7007744171,2016-04-21 13:00:00,46,0.766667,13
7007744171,2016-04-21 14:00:00,18,0.3,14
7007744171,2016-04-21 15:00:00,15,0.25,15
7007744171,2016-04-21 16:00:00,27,0.45,16
7007744171,2016-04-21 17:00:00,18,0.3,17
7007744171,2016-04-21 18:00:00,13,0.216667,18
7007744171,2016-04-21 19:00:00,12,0.2,19
7007744171,2016-04-21 20:00:00,5,0.083333,20
7007744171,2016-04-21 21:00:00,5,0.083333,21
7007744171,2016-04-21 22:00:00,0,0.0,22
7007744171,2016-04-21 23:00:00,0,0.0,23
7007744171,2016-04-22 00:00:00,0,0.0,0
7007744171,2016-04-22 01:00:00,0,0.0,1
7007744171,2016-04-22 02:00:00,0,0.0,2
7007744171,2016-04-22 03:00:00,0,0.0,3
7007744171,2016-04-22 04:00:00,0,0.0,4
7007744171,2016-04-22 05:00:00,0,0.0,5
7007744171,2016-04-22 06:00:00,15,0.25,6
7007744171,2016-04-22 07:00:00,14,0.233333,7
7007744171,2016-04-22 08:00:00,153,2.55,8
7007744171,2016-04-22 09:00:00,47,0.783333,9
7007744171,2016-04-22 10:00:00,3,0.05,10
7007744171,2016-04-22 11:00:00,18,0.3,11
7007744171,2016-04-22 12:00:00,18,0.3,12
7007744171,2016-04-22 13:00:00,18,0.3,13
7007744171,2016-04-22 14:00:00,14,0.233333,14
7007744171,2016-04-22 15:00:00,10,0.166667,15
7007744171,2016-04-22 16:00:00,58,0.966667,16
7007744171,2016-04-22 17:00:00,61,1.016667,17
7007744171,2016-04-22 18:00:00,16,0.266667,18
7007744171,2016-04-22 19:00:00,87,1.45,19
7007744171,2016-04-22 20:00:00,21,0.35,20
7007744171,2016-04-22 21:00:00,0,0.0,21
7007744171,2016-04-22 22:00:00,0,0.0,22
7007744171,2016-04-22 23:00:00,0,0.0,23
7007744171,2016-04-23 00:00:00,0,0.0,0
7007744171,2016-04-23 01:00:00,0,0.0,1
7007744171,2016-04-23 02:00:00,0,0.0,2
7007744171,2016-04-23 03:00:00,0,0.0,3
7007744171,2016-04-23 04:00:00,0,0.0,4
7007744171,2016-04-23 05:00:00,0,0.0,5
7007744171,2016-04-23 06:00:00,23,0.383333,6
7007744171,2016-04-23 07:00:00,31,0.516667,7
7007744171,2016-04-23 08:00:00,52,0.866667,8
7007744171,2016-04-23 09:00:00,9,0.15,9
7007744171,2016-04-23 10:00:00,15,0.25,10
7007744171,2016-04-23 11:00:00,72,1.2,11
7007744171,2016-04-23 12:00:00,33,0.55,12
7007744171,2016-04-23 13:00:00,44,0.733333,13
7007744171,2016-04-23 14:00:00,0,0.0,14
7007744171,2016-04-23 15:00:00,0,0.0,15
7007744171,2016-04-23 16:00:00,0,0.0,16
7007744171,2016-04-23 17:00:00,0,0.0,17
7007744171,2016-04-23 18:00:00,0,0.0,18
7007744171,2016-04-23 19:00:00,0,0.0,19
7007744171,2016-04-23 20:00:00,0,0.0,20
7007744171,2016-04-23 21:00:00,0,0.0,21
7007744171,2016-04-23 22:00:00,0,0.0,22
7007744171,2016-04-23 23:00:00,0,0.0,23
7007744171,2016-04-24 00:00:00,0,0.0,0
7007744171,2016-04-24 01:00:00,0,0.0,1
7007744171,2016-04-24 02:00:00,0,0.0,2
7007744171,2016-04-24 03:00:00,0,0.0,3
7007744171,2016-04-24 04:00:00,0,0.0,4
7007744171,2016-04-24 05:00:00,0,0.0,5
7007744171,2016-04-24 06:00:00,19,0.316667,6
7007744171,2016-04-24 07:00:00,32,0.533333,7
7007744171,2016-04-24 08:00:00,33,0.55,8
7007744171,2016-04-24 09:00:00,50,0.833333,9
7007744171,2016-04-24 10:00:00,54,0.9,10
7007744171,2016-04-24 11:00:00,24,0.4,11
7007744171,2016-04-24 12:00:00,38,0.633333,12
7007744171,2016-04-24 13:00:00,54,0.9,13
7007744171,2016-04-24 14:00:00,46,0.766667,14
7007744171,2016-04-24 15:00:00,52,0.866667,15
7007744171,2016-04-24 16:00:00,17,0.283333,16
7007744171,2016-04-24 17:00:00,0,0.0,17
7007744171,2016-04-24 18:00:00,0,0.0,18
7007744171,2016-04-24 19:00:00,0,0.0,19
7007744171,2016-04-24 20:00:00,0,0.0,20
7007744171,2016-04-24 21:00:00,0,0.0,21
7007744171,2016-04-24 22:00:00,0,0.0,22
7007744171,2016-04-24 23:00:00,0,0.0,23
7007744171,2016-04-25 00:00:00,0,0.0,0
7007744171,2016-04-25 01:00:00,0,0.0,1
7007744171,2016-04-25 02:00:00,0,0.0,2
7007744171,2016-04-25 03:00:00,0,0.0,3
7007744171,2016-04-25 04:00:00,0,0.0,4
7007744171,2016-04-25 05:00:00,0,0.0,5
7007744171,2016-04-25 06:00:00,33,0.55,6
7007744171,2016-04-25 07:00:00,89,1.483333,7
7007744171,2016-04-25 08:00:00,114,1.9,8
7007744171,2016-04-25 09:00:00,76,1.266667,9
7007744171,2016-04-25 10:00:00,59,0.983333,10
7007744171,2016-04-25 11:00:00,13,0.216667,11
7007744171,2016-04-25 12:00:00,44,0.733333,12
7007744171,2016-04-25 13:00:00,38,0.633333,13
7007744171,2016-04-25 14:00:00,16,0.266667,14
7007744171,2016-04-25 15:00:00,15,0.25,15
7007744171,2016-04-25 16:00:00,5,0.083333,16
7007744171,2016-04-25 17:00:00,17,0.283333,17
7007744171,2016-04-25 18:00:00,29,0.483333,18
7007744171,2016-04-25 19:00:00,4,0.066667,19
7007744171,2016-04-25 20:00:00,28,0.466667,20
7007744171,2016-04-25 21:00:00,0,0.0,21
7007744171,2016-04-25 22:00:00,0,0.0,22
7007744171,2016-04-25 23:00:00,0,0.0,23
7007744171,2016-04-26 00:00:00,0,0.0,0
7007744171,2016-04-26 01:00:00,0,0.0,1
7007744171,2016-04-26 02:00:00,0,0.0,2
7007744171,2016-04-26 03:00:00,0,0.0,3
7007744171,2016-04-26 04:00:00,0,0.0,4
7007744171,2016-04-26 05:00:00,0,0.0,5
7007744171,2016-04-26 06:00:00,35,0.583333,6
7007744171,2016-04-26 07:00:00,25,0.416667,7
7007744171,2016-04-26 08:00:00,4,0.066667,8
7007744171,2016-04-26 09:00:00,36,0.6,9
7007744171,2016-04-26 10:00:00,60,1.0,10
7007744171,2016-04-26 11:00:00,43,0.716667,11
7007744171,2016-04-26 12:00:00,90,1.5,12
7007744171,2016-04-26 13:00:00,17,0.283333,13
7007744171,2016-04-26 14:00:00,10,0.166667,14
7007744171,2016-04-26 15:00:00,30,0.5,15
7007744171,2016-04-26 16:00:00,39,0.65,16
7007744171,2016-04-26 17:00:00,35,0.583333,17
7007744171,2016-04-26 18:00:00,26,0.433333,18
7007744171,2016-04-26 19:00:00,6,0.1,19
7007744171,2016-04-26 20:00:00,6,0.1,20
7007744171,2016-04-26 21:00:00,14,0.233333,21
7007744171,2016-04-26 22:00:00,38,0.633333,22
7007744171,2016-04-26 23:00:00,2,0.033333,23
7007744171,2016-04-27 00:00:00,0,0.0,0
7007744171,2016-04-27 01:00:00,0,0.0,1
7007744171,2016-04-27 02:00:00,0,0.0,2
7007744171,2016-04-27 03:00:00,0,0.0,3
7007744171,2016-04-27 04:00:00,0,0.0,4
7007744171,2016-04-27 05:00:00,0,0.0,5
7007744171,2016-04-27 06:00:00,35,0.583333,6
7007744171,2016-04-27 07:00:00,28,0.466667,7
7007744171,2016-04-27 08:00:00,150,2.5,8
7007744171,2016-04-27 09:00:00,58,0.966667,9
7007744171,2016-04-27 10:00:00,12,0.2,10
7007744171,2016-04-27 11:00:00,26,0.433333,11
7007744171,2016-04-27 12:00:00,26,0.433333,12
7007744171,2016-04-27 13:00:00,27,0.45,13
7007744171,2016-04-27 14:00:00,11,0.183333,14
7007744171,2016-04-27 15:00:00,44,0.733333,15
7007744171,2016-04-27 16:00:00,23,0.383333,16
7007744171,2016-04-27 17:00:00,42,0.7,17
7007744171,2016-04-27 18:00:00,13,0.216667,18
7007744171,2016-04-27 19:00:00,10,0.166667,19
7007744171,2016-04-27 20:00:00,6,0.1,20
7007744171,2016-04-27 21:00:00,0,0.0,21
7007744171,2016-04-27 22:00:00,0,0.0,22
7007744171,2016-04-27 23:00:00,0,0.0,23
7007744171,2016-04-28 00:00:00,0,0.0,0
7007744171,2016-04-28 01:00:00,0,0.0,1
7007744171,2016-04-28 02:00:00,0,0.0,2
7007744171,2016-04-28 03:00:00,0,0.0,3
7007744171,2016-04-28 04:00:00,0,0.0,4
7007744171,2016-04-28 05:00:00,0,0.0,5
7007744171,2016-04-28 06:00:00,27,0.45,6
7007744171,2016-04-28 07:00:00,28,0.466667,7
7007744171,2016-04-28 08:00:00,42,0.7,8
7007744171,2016-04-28 09:00:00,56,0.933333,9
7007744171,2016-04-28 10:00:00,87,1.45,10
7007744171,2016-04-28 11:00:00,61,1.016667,11
7007744171,2016-04-28 12:00:00,28,0.466667,12
7007744171,2016-04-28 13:00:00,36,0.6,13
7007744171,2016-04-28 14:00:00,15,0.25,14
7007744171,2016-04-28 15:00:00,10,0.166667,15
7007744171,2016-04-28 16:00:00,17,0.283333,16
7007744171,2016-04-28 17:00:00,9,0.15,17
7007744171,2016-04-28 18:00:00,17,0.283333,18
7007744171,2016-04-28 19:00:00,28,0.466667,19
7007744171,2016-04-28 20:00:00,18,0.3,20
7007744171,2016-04-28 21:00:00,2,0.033333,21
7007744171,2016-04-28 22:00:00,0,0.0,22
7007744171,2016-04-28 23:00:00,0,0.0,23
7007744171,2016-04-29 00:00:00,0,0.0,0
7007744171,2016-04-29 01:00:00,0,0.0,1
7007744171,2016-04-29 02:00:00,0,0.0,2
7007744171,2016-04-29 03:00:00,0,0.0,3
7007744171,2016-04-29 04:00:00,0,0.0,4
7007744171,2016-04-29 05:00:00,0,0.0,5
7007744171,2016-04-29 06:00:00,23,0.383333,6
7007744171,2016-04-29 07:00:00,98,1.633333,7
7007744171,2016-04-29 08:00:00,121,2.016667,8
7007744171,2016-04-29 09:00:00,32,0.533333,9
7007744171,2016-04-29 10:00:00,8,0.133333,10
7007744171,2016-04-29 11:00:00,15,0.25,11
7007744171,2016-04-29 12:00:00,33,0.55,12
7007744171,2016-04-29 13:00:00,10,0.166667,13
7007744171,2016-04-29 14:00:00,45,0.75,14
7007744171,2016-04-29 15:00:00,19,0.316667,15
7007744171,2016-04-29 16:00:00,22,0.366667,16
7007744171,2016-04-29 17:00:00,50,0.833333,17
7007744171,2016-04-29 18:00:00,35,0.583333,18
7007744171,2016-04-29 19:00:00,69,1.15,19
7007744171,2016-04-29 20:00:00,25,0.416667,20
7007744171,2016-04-29 21:00:00,26,0.433333,21
7007744171,2016-04-29 22:00:00,0,0.0,22
7007744171,2016-04-29 23:00:00,0,0.0,23
7007744171,2016-04-30 00:00:00,0,0.0,0
7007744171,2016-04-30 01:00:00,0,0.0,1
7007744171,2016-04-30 02:00:00,0,0.0,2
7007744171,2016-04-30 03:00:00,0,0.0,3
7007744171,2016-04-30 04:00:00,0,0.0,4
7007744171,2016-04-30 05:00:00,0,0.0,5
7007744171,2016-04-30 06:00:00,0,0.0,6
7007744171,2016-04-30 07:00:00,14,0.233333,7
7007744171,2016-04-30 08:00:00,30,0.5,8
7007744171,2016-04-30 09:00:00,35,0.583333,9
7007744171,2016-04-30 10:00:00,19,0.316667,10
7007744171,2016-04-30 11:00:00,17,0.283333,11
7007744171,2016-04-30 12:00:00,13,0.216667,12
7007744171,2016-04-30 13:00:00,17,0.283333,13
7007744171,2016-04-30 14:00:00,4,0.066667,14
7007744171,2016-04-30 15:00:00,2,0.033333,15
7007744171,2016-04-30 16:00:00,3,0.05,16
7007744171,2016-04-30 17:00:00,17,0.283333,17
7007744171,2016-04-30 18:00:00,6,0.1,18
7007744171,2016-04-30 19:00:00,6,0.1,19
7007744171,2016-04-30 20:00:00,7,0.116667,20
7007744171,2016-04-30 21:00:00,8,0.133333,21
7007744171,2016-04-30 22:00:00,2,0.033333,22
7007744171,2016-04-30 23:00:00,0,0.0,23
7007744171,2016-05-01 00:00:00,0,0.0,0
7007744171,2016-05-01 01:00:00,0,0.0,1
7007744171,2016-05-01 02:00:00,0,0.0,2
7007744171,2016-05-01 03:00:00,0,0.0,3
7007744171,2016-05-01 04:00:00,0,0.0,4
7007744171,2016-05-01 05:00:00,0,0.0,5
7007744171,2016-05-01 06:00:00,0,0.0,6
7007744171,2016-05-01 07:00:00,22,0.366667,7
7007744171,2016-05-01 08:00:00,20,0.333333,8
7007744171,2016-05-01 09:00:00,20,0.333333,9
7007744171,2016-05-01 10:00:00,11,0.183333,10
7007744171,2016-05-01 11:00:00,2,0.033333,11
7007744171,2016-05-01 12:00:00,12,0.2,12
7007744171,2016-05-01 13:00:00,50,0.833333,13
7007744171,2016-05-01 14:00:00,14,0.233333,14
7007744171,2016-05-01 15:00:00,19,0.316667,15
7007744171,2016-05-01 16:00:00,31,0.516667,16
7007744171,2016-05-01 17:00:00,13,0.216667,17
7007744171,2016-05-01 18:00:00,7,0.116667,18
7007744171,2016-05-01 19:00:00,16,0.266667,19
7007744171,2016-05-01 20:00:00,0,0.0,20
7007744171,2016-05-01 21:00:00,0,0.0,21
7007744171,2016-05-01 22:00:00,0,0.0,22
7007744171,2016-05-01 23:00:00,0,0.0,23
7007744171,2016-05-02 00:00:00,0,0.0,0
7007744171,2016-05-02 01:00:00,0,0.0,1
7007744171,2016-05-02 02:00:00,0,0.0,2
7007744171,2016-05-02 03:00:00,0,0.0,3
7007744171,2016-05-02 04:00:00,0,0.0,4
7007744171,2016-05-02 05:00:00,0,0.0,5
7007744171,2016-05-02 06:00:00,33,0.55,6
7007744171,2016-05-02 07:00:00,19,0.316667,7
7007744171,2016-05-02 08:00:00,145,2.416667,8
7007744171,2016-05-02 09:00:00,80,1.333333,9
7007744171,2016-05-02 10:00:00,77,1.283333,10
7007744171,2016-05-02 11:00:00,23,0.383333,11
7007744171,2016-05-02 12:00:00,9,0.15,12
7007744171,2016-05-02 13:00:00,6,0.1,13
7007744171,2016-05-02 14:00:00,8,0.133333,14
7007744171,2016-05-02 15:00:00,9,0.15,15
7007744171,2016-05-02 16:00:00,11,0.183333,16
7007744171,2016-05-02 17:00:00,32,0.533333,17
7007744171,2016-05-02 18:00:00,6,0.1,18
7007744171,2016-05-02 19:00:00,9,0.15,19
7007744171,2016-05-02 20:00:00,1,0.016667,20
7007744171,2016-05-02 21:00:00,2,0.033333,21
7007744171,2016-05-02 22:00:00,0,0.0,22
7007744171,2016-05-02 23:00:00,0,0.0,23
7007744171,2016-05-03 00:00:00,0,0.0,0
7007744171,2016-05-03 01:00:00,0,0.0,1
7007744171,2016-05-03 02:00:00,0,0.0,2
7007744171,2016-05-03 03:00:00,0,0.0,3
7007744171,2016-05-03 04:00:00,0,0.0,4
7007744171,2016-05-03 05:00:00,0,0.0,5
7007744171,2016-05-03 06:00:00,32,0.533333,6
7007744171,2016-05-03 07:00:00,116,1.933333,7
7007744171,2016-05-03 08:00:00,99,1.65,8
7007744171,2016-05-03 09:00:00,31,0.516667,9
7007744171,2016-05-03 10:00:00,12,0.2,10
7007744171,2016-05-03 11:00:00,34,0.566667,11
7007744171,2016-05-03 12:00:00,23,0.383333,12
7007744171,2016-05-03 13:00:00,65,1.083333,13
7007744171,2016-05-03 14:00:00,16,0.266667,14
7007744171,2016-05-03 15:00:00,21,0.35,15
7007744171,2016-05-03 16:00:00,22,0.366667,16
7007744171,2016-05-03 17:00:00,40,0.666667,17
7007744171,2016-05-03 18:00:00,10,0.166667,18
7007744171,2016-05-03 19:00:00,4,0.066667,19
7007744171,2016-05-03 20:00:00,33,0.55,20
7007744171,2016-05-03 21:00:00,8,0.133333,21
7007744171,2016-05-03 22:00:00,0,0.0,22
7007744171,2016-05-03 23:00:00,0,0.0,23
7007744171,2016-05-04 00:00:00,0,0.0,0
7007744171,2016-05-04 01:00:00,0,0.0,1
7007744171,2016-05-04 02:00:00,0,0.0,2
7007744171,2016-05-04 03:00:00,0,0.0,3
7007744171,2016-05-04 04:00:00,0,0.0,4
7007744171,2016-05-04 05:00:00,0,0.0,5
7007744171,2016-05-04 06:00:00,0,0.0,6
7007744171,2016-05-04 07:00:00,0,0.0,7
7007744171,2016-05-04 08:00:00,0,0.0,8
7007744171,2016-05-04 09:00:00,0,0.0,9
7007744171,2016-05-04 10:00:00,0,0.0,10
7007744171,2016-05-04 11:00:00,0,0.0,11
7007744171,2016-05-04 12:00:00,0,0.0,12
7007744171,2016-05-04 13:00:00,0,0.0,13
7007744171,2016-05-04 14:00:00,0,0.0,14
7007744171,2016-05-04 15:00:00,0,0.0,15
7007744171,2016-05-04 16:00:00,0,0.0,16
7007744171,2016-05-04 17:00:00,0,0.0,17
7007744171,2016-05-04 18:00:00,0,0.0,18
7007744171,2016-05-04 19:00:00,0,0.0,19
7007744171,2016-05-04 20:00:00,0,0.0,20
7007744171,2016-05-04 21:00:00,0,0.0,21
7007744171,2016-05-04 22:00:00,0,0.0,22
7007744171,2016-05-04 23:00:00,0,0.0,23
7007744171,2016-05-05 00:00:00,0,0.0,0
7007744171,2016-05-05 01:00:00,0,0.0,1
7007744171,2016-05-05 02:00:00,0,0.0,2
7007744171,2016-05-05 03:00:00,0,0.0,3
7007744171,2016-05-05 04:00:00,0,0.0,4
7007744171,2016-05-05 05:00:00,0,0.0,5
7007744171,2016-05-05 06:00:00,32,0.533333,6
7007744171,2016-05-05 07:00:00,92,1.533333,7
7007744171,2016-05-05 08:00:00,114,1.9,8
7007744171,2016-05-05 09:00:00,85,1.416667,9
7007744171,2016-05-05 10:00:00,47,0.783333,10
7007744171,2016-05-05 11:00:00,8,0.133333,11
7007744171,2016-05-05 12:00:00,11,0.183333,12
7007744171,2016-05-05 13:00:00,14,0.233333,13
7007744171,2016-05-05 14:00:00,24,0.4,14
7007744171,2016-05-05 15:00:00,32,0.533333,15
7007744171,2016-05-05 16:00:00,23,0.383333,16
7007744171,2016-05-05 17:00:00,15,0.25,17
7007744171,2016-05-05 18:00:00,18,0.3,18
7007744171,2016-05-05 19:00:00,7,0.116667,19
7007744171,2016-05-05 20:00:00,0,0.0,20
7007744171,2016-05-05 21:00:00,0,0.0,21
7007744171,2016-05-05 22:00:00,0,0.0,22
7007744171,2016-05-05 23:00:00,0,0.0,23
7007744171,2016-05-06 00:00:00,0,0.0,0
7007744171,2016-05-06 01:00:00,0,0.0,1
7007744171,2016-05-06 02:00:00,0,0.0,2
7007744171,2016-05-06 03:00:00,0,0.0,3
7007744171,2016-05-06 04:00:00,0,0.0,4
7007744171,2016-05-06 05:00:00,1,0.016667,5
7007744171,2016-05-06 06:00:00,160,2.666667,6
7007744171,2016-05-06 07:00:00,42,0.7,7
7007744171,2016-05-06 08:00:00,34,0.566667,8
7007744171,2016-05-06 09:00:00,30,0.5,9
7007744171,2016-05-06 10:00:00,5,0.083333,10
7007744171,2016-05-06 11:00:00,18,0.3,11
7007744171,2016-05-06 12:00:00,14,0.233333,12
7007744171,2016-05-06 13:00:00,16,0.266667,13
7007744171,2016-05-06 14:00:00,3,0.05,14
7007744171,2016-05-06 15:00:00,23,0.383333,15
7007744171,2016-05-06 16:00:00,7,0.116667,16
7007744171,2016-05-06 17:00:00,9,0.15,17
7007744171,2016-05-06 18:00:00,17,0.283333,18
7007744171,2016-05-06 19:00:00,16,0.266667,19
7007744171,2016-05-06 20:00:00,10,0.166667,20
7007744171,2016-05-06 21:00:00,0,0.0,21
7007744171,2016-05-06 22:00:00,0,0.0,22
7007744171,2016-05-06 23:00:00,0,0.0,23
7007744171,2016-05-07 00:00:00,0,0.0,0
7086361926,2016-04-12 00:00:00,0,0.0,0
7086361926,2016-04-12 01:00:00,0,0.0,1
7086361926,2016-04-12 02:00:00,0,0.0,2
7086361926,2016-04-12 03:00:00,0,0.0,3
7086361926,2016-04-12 04:00:00,0,0.0,4
7086361926,2016-04-12 05:00:00,0,0.0,5
7086361926,2016-04-12 06:00:00,0,0.0,6
7086361926,2016-04-12 07:00:00,14,0.233333,7
7086361926,2016-04-12 08:00:00,0,0.0,8
7086361926,2016-04-12 09:00:00,11,0.183333,9
7086361926,2016-04-12 10:00:00,1,0.016667,10
7086361926,2016-04-12 11:00:00,4,0.066667,11
7086361926,2016-04-12 12:00:00,6,0.1,12
7086361926,2016-04-12 13:00:00,23,0.383333,13
7086361926,2016-04-12 14:00:00,0,0.0,14
7086361926,2016-04-12 15:00:00,5,0.083333,15
7086361926,2016-04-12 16:00:00,22,0.366667,16
7086361926,2016-04-12 17:00:00,158,2.633333,17
7086361926,2016-04-12 18:00:00,51,0.85,18
7086361926,2016-04-12 19:00:00,18,0.3,19
7086361926,2016-04-12 20:00:00,19,0.316667,20
7086361926,2016-04-12 21:00:00,0,0.0,21
7086361926,2016-04-12 22:00:00,8,0.133333,22
7086361926,2016-04-12 23:00:00,2,0.033333,23
7086361926,2016-04-13 00:00:00,0,0.0,0
7086361926,2016-04-13 01:00:00,0,0.0,1
7086361926,2016-04-13 02:00:00,0,0.0,2
7086361926,2016-04-13 03:00:00,0,0.0,3
7086361926,2016-04-13 04:00:00,0,0.0,4
7086361926,2016-04-13 05:00:00,0,0.0,5
7086361926,2016-04-13 06:00:00,2,0.033333,6
7086361926,2016-04-13 07:00:00,20,0.333333,7
7086361926,2016-04-13 08:00:00,6,0.1,8
7086361926,2016-04-13 09:00:00,0,0.0,9
7086361926,2016-04-13 10:00:00,5,0.083333,10
7086361926,2016-04-13 11:00:00,2,0.033333,11
7086361926,2016-04-13 12:00:00,1,0.016667,12
7086361926,2016-04-13 13:00:00,25,0.416667,13
7086361926,2016-04-13 14:00:00,0,0.0,14
7086361926,2016-04-13 15:00:00,2,0.033333,15
7086361926,2016-04-13 16:00:00,19,0.316667,16
7086361926,2016-04-13 17:00:00,124,2.066667,17
7086361926,2016-04-13 18:00:00,58,0.966667,18
7086361926,2016-04-13 19:00:00,15,0.25,19
7086361926,2016-04-13 20:00:00,13,0.216667,20
7086361926,2016-04-13 21:00:00,1,0.016667,21
7086361926,2016-04-13 22:00:00,7,0.116667,22
7086361926,2016-04-13 23:00:00,0,0.0,23
7086361926,2016-04-14 00:00:00,0,0.0,0
7086361926,2016-04-14 01:00:00,1,0.016667,1
7086361926,2016-04-14 02:00:00,0,0.0,2
7086361926,2016-04-14 03:00:00,0,0.0,3
7086361926,2016-04-14 04:00:00,0,0.0,4
7086361926,2016-04-14 05:00:00,0,0.0,5
7086361926,2016-04-14 06:00:00,0,0.0,6
7086361926,2016-04-14 07:00:00,15,0.25,7
7086361926,2016-04-14 08:00:00,21,0.35,8
7086361926,2016-04-14 09:00:00,10,0.166667,9
7086361926,2016-04-14 10:00:00,6,0.1,10
7086361926,2016-04-14 11:00:00,11,0.183333,11
7086361926,2016-04-14 12:00:00,5,0.083333,12
7086361926,2016-04-14 13:00:00,19,0.316667,13
7086361926,2016-04-14 14:00:00,1,0.016667,14
7086361926,2016-04-14 15:00:00,7,0.116667,15
7086361926,2016-04-14 16:00:00,18,0.3,16
7086361926,2016-04-14 17:00:00,94,1.566667,17
7086361926,2016-04-14 18:00:00,85,1.416667,18
7086361926,2016-04-14 19:00:00,15,0.25,19
7086361926,2016-04-14 20:00:00,10,0.166667,20
7086361926,2016-04-14 21:00:00,5,0.083333,21
7086361926,2016-04-14 22:00:00,4,0.066667,22
7086361926,2016-04-14 23:00:00,31,0.516667,23
7086361926,2016-04-15 00:00:00,24,0.4,0
7086361926,2016-04-15 01:00:00,0,0.0,1
7086361926,2016-04-15 02:00:00,0,0.0,2
7086361926,2016-04-15 03:00:00,0,0.0,3
7086361926,2016-04-15 04:00:00,0,0.0,4
7086361926,2016-04-15 05:00:00,0,0.0,5
7086361926,2016-04-15 06:00:00,0,0.0,6
7086361926,2016-04-15 07:00:00,27,0.45,7
7086361926,2016-04-15 08:00:00,12,0.2,8
7086361926,2016-04-15 09:00:00,7,0.116667,9
7086361926,2016-04-15 10:00:00,0,0.0,10
7086361926,2016-04-15 11:00:00,2,0.033333,11
7086361926,2016-04-15 12:00:00,11,0.183333,12
7086361926,2016-04-15 13:00:00,90,1.5,13
7086361926,2016-04-15 14:00:00,9,0.15,14
7086361926,2016-04-15 15:00:00,3,0.05,15
7086361926,2016-04-15 16:00:00,14,0.233333,16
7086361926,2016-04-15 17:00:00,4,0.066667,17
7086361926,2016-04-15 18:00:00,13,0.216667,18
7086361926,2016-04-15 19:00:00,51,0.85,19
7086361926,2016-04-15 20:00:00,1,0.016667,20
7086361926,2016-04-15 21:00:00,0,0.0,21
7086361926,2016-04-15 22:00:00,3,0.05,22
7086361926,2016-04-15 23:00:00,0,0.0,23
7086361926,2016-04-16 00:00:00,3,0.05,0
7086361926,2016-04-16 01:00:00,0,0.0,1
7086361926,2016-04-16 02:00:00,0,0.0,2
7086361926,2016-04-16 03:00:00,0,0.0,3
7086361926,2016-04-16 04:00:00,0,0.0,4
7086361926,2016-04-16 05:00:00,0,0.0,5
7086361926,2016-04-16 06:00:00,0,0.0,6
7086361926,2016-04-16 07:00:00,0,0.0,7
7086361926,2016-04-16 08:00:00,0,0.0,8
7086361926,2016-04-16 09:00:00,0,0.0,9
7086361926,2016-04-16 10:00:00,0,0.0,10
7086361926,2016-04-16 11:00:00,0,0.0,11
7086361926,2016-04-16 12:00:00,0,0.0,12
7086361926,2016-04-16 13:00:00,0,0.0,13
7086361926,2016-04-16 14:00:00,0,0.0,14
7086361926,2016-04-16 15:00:00,0,0.0,15
7086361926,2016-04-16 16:00:00,0,0.0,16
7086361926,2016-04-16 17:00:00,0,0.0,17
7086361926,2016-04-16 18:00:00,0,0.0,18
7086361926,2016-04-16 19:00:00,0,0.0,19
7086361926,2016-04-16 20:00:00,0,0.0,20
7086361926,2016-04-16 21:00:00,0,0.0,21
7086361926,2016-04-16 22:00:00,0,0.0,22
7086361926,2016-04-16 23:00:00,0,0.0,23
7086361926,2016-04-17 00:00:00,0,0.0,0
7086361926,2016-04-17 01:00:00,0,0.0,1
7086361926,2016-04-17 02:00:00,0,0.0,2
7086361926,2016-04-17 03:00:00,0,0.0,3
7086361926,2016-04-17 04:00:00,0,0.0,4
7086361926,2016-04-17 05:00:00,0,0.0,5
7086361926,2016-04-17 06:00:00,0,0.0,6
7086361926,2016-04-17 07:00:00,0,0.0,7
7086361926,2016-04-17 08:00:00,0,0.0,8
7086361926,2016-04-17 09:00:00,0,0.0,9
7086361926,2016-04-17 10:00:00,0,0.0,10
7086361926,2016-04-17 11:00:00,0,0.0,11
7086361926,2016-04-17 12:00:00,0,0.0,12
7086361926,2016-04-17 13:00:00,0,0.0,13
7086361926,2016-04-17 14:00:00,0,0.0,14
7086361926,2016-04-17 15:00:00,0,0.0,15
7086361926,2016-04-17 16:00:00,0,0.0,16
7086361926,2016-04-17 17:00:00,0,0.0,17
7086361926,2016-04-17 18:00:00,0,0.0,18
7086361926,2016-04-17 19:00:00,0,0.0,19
7086361926,2016-04-17 20:00:00,0,0.0,20
7086361926,2016-04-17 21:00:00,0,0.0,21
7086361926,2016-04-17 22:00:00,0,0.0,22
7086361926,2016-04-17 23:00:00,0,0.0,23
7086361926,2016-04-18 00:00:00,0,0.0,0
7086361926,2016-04-18 01:00:00,0,0.0,1
7086361926,2016-04-18 02:00:00,0,0.0,2
7086361926,2016-04-18 03:00:00,0,0.0,3
7086361926,2016-04-18 04:00:00,0,0.0,4
7086361926,2016-04-18 05:00:00,0,0.0,5
7086361926,2016-04-18 06:00:00,0,0.0,6
7086361926,2016-04-18 07:00:00,20,0.333333,7
7086361926,2016-04-18 08:00:00,16,0.266667,8
7086361926,2016-04-18 09:00:00,2,0.033333,9
7086361926,2016-04-18 10:00:00,4,0.066667,10
7086361926,2016-04-18 11:00:00,0,0.0,11
7086361926,2016-04-18 12:00:00,98,1.633333,12
7086361926,2016-04-18 13:00:00,0,0.0,13
7086361926,2016-04-18 14:00:00,6,0.1,14
7086361926,2016-04-18 15:00:00,0,0.0,15
7086361926,2016-04-18 16:00:00,20,0.333333,16
7086361926,2016-04-18 17:00:00,147,2.45,17
7086361926,2016-04-18 18:00:00,79,1.316667,18
7086361926,2016-04-18 19:00:00,3,0.05,19
7086361926,2016-04-18 20:00:00,0,0.0,20
7086361926,2016-04-18 21:00:00,3,0.05,21
7086361926,2016-04-18 22:00:00,1,0.016667,22
7086361926,2016-04-18 23:00:00,0,0.0,23
7086361926,2016-04-19 00:00:00,1,0.016667,0
7086361926,2016-04-19 01:00:00,0,0.0,1
7086361926,2016-04-19 02:00:00,0,0.0,2
7086361926,2016-04-19 03:00:00,0,0.0,3
7086361926,2016-04-19 04:00:00,0,0.0,4
7086361926,2016-04-19 05:00:00,0,0.0,5
7086361926,2016-04-19 06:00:00,0,0.0,6
7086361926,2016-04-19 07:00:00,14,0.233333,7
7086361926,2016-04-19 08:00:00,4,0.066667,8
7086361926,2016-04-19 09:00:00,0,0.0,9
7086361926,2016-04-19 10:00:00,5,0.083333,10
7086361926,2016-04-19 11:00:00,2,0.033333,11
7086361926,2016-04-19 12:00:00,6,0.1,12
7086361926,2016-04-19 13:00:00,99,1.65,13
7086361926,2016-04-19 14:00:00,0,0.0,14
7086361926,2016-04-19 15:00:00,2,0.033333,15
7086361926,2016-04-19 16:00:00,19,0.316667,16
7086361926,2016-04-19 17:00:00,131,2.183333,17
7086361926,2016-04-19 18:00:00,89,1.483333,18
7086361926,2016-04-19 19:00:00,83,1.383333,19
7086361926,2016-04-19 20:00:00,1,0.016667,20
7086361926,2016-04-19 21:00:00,3,0.05,21
7086361926,2016-04-19 22:00:00,3,0.05,22
7086361926,2016-04-19 23:00:00,1,0.016667,23
7086361926,2016-04-20 00:00:00,0,0.0,0
7086361926,2016-04-20 01:00:00,0,0.0,1
7086361926,2016-04-20 02:00:00,0,0.0,2
7086361926,2016-04-20 03:00:00,0,0.0,3
7086361926,2016-04-20 04:00:00,0,0.0,4
7086361926,2016-04-20 05:00:00,0,0.0,5
7086361926,2016-04-20 06:00:00,1,0.016667,6
7086361926,2016-04-20 07:00:00,16,0.266667,7
7086361926,2016-04-20 08:00:00,4,0.066667,8
7086361926,2016-04-20 09:00:00,7,0.116667,9
7086361926,2016-04-20 10:00:00,5,0.083333,10
7086361926,2016-04-20 11:00:00,2,0.033333,11
7086361926,2016-04-20 12:00:00,6,0.1,12
7086361926,2016-04-20 13:00:00,115,1.916667,13
7086361926,2016-04-20 14:00:00,3,0.05,14
7086361926,2016-04-20 15:00:00,5,0.083333,15
7086361926,2016-04-20 16:00:00,22,0.366667,16
7086361926,2016-04-20 17:00:00,166,2.766667,17
7086361926,2016-04-20 18:00:00,40,0.666667,18
7086361926,2016-04-20 19:00:00,15,0.25,19
7086361926,2016-04-20 20:00:00,14,0.233333,20
7086361926,2016-04-20 21:00:00,5,0.083333,21
7086361926,2016-04-20 22:00:00,4,0.066667,22
7086361926,2016-04-20 23:00:00,2,0.033333,23
7086361926,2016-04-21 00:00:00,5,0.083333,0
7086361926,2016-04-21 01:00:00,1,0.016667,1
7086361926,2016-04-21 02:00:00,0,0.0,2
7086361926,2016-04-21 03:00:00,0,0.0,3
7086361926,2016-04-21 04:00:00,0,0.0,4
7086361926,2016-04-21 05:00:00,0,0.0,5
7086361926,2016-04-21 06:00:00,4,0.066667,6
7086361926,2016-04-21 07:00:00,15,0.25,7
7086361926,2016-04-21 08:00:00,2,0.033333,8
7086361926,2016-04-21 09:00:00,1,0.016667,9
7086361926,2016-04-21 10:00:00,4,0.066667,10
7086361926,2016-04-21 11:00:00,4,0.066667,11
7086361926,2016-04-21 12:00:00,3,0.05,12
7086361926,2016-04-21 13:00:00,27,0.45,13
7086361926,2016-04-21 14:00:00,73,1.216667,14
7086361926,2016-04-21 15:00:00,2,0.033333,15
7086361926,2016-04-21 16:00:00,20,0.333333,16
7086361926,2016-04-21 17:00:00,19,0.316667,17
7086361926,2016-04-21 18:00:00,8,0.133333,18
7086361926,2016-04-21 19:00:00,1,0.016667,19
7086361926,2016-04-21 20:00:00,20,0.333333,20
7086361926,2016-04-21 21:00:00,26,0.433333,21
7086361926,2016-04-21 22:00:00,27,0.45,22
7086361926,2016-04-21 23:00:00,13,0.216667,23
7086361926,2016-04-22 00:00:00,0,0.0,0
7086361926,2016-04-22 01:00:00,0,0.0,1
7086361926,2016-04-22 02:00:00,0,0.0,2
7086361926,2016-04-22 03:00:00,0,0.0,3
7086361926,2016-04-22 04:00:00,0,0.0,4
7086361926,2016-04-22 05:00:00,0,0.0,5
7086361926,2016-04-22 06:00:00,1,0.016667,6
7086361926,2016-04-22 07:00:00,34,0.566667,7
7086361926,2016-04-22 08:00:00,14,0.233333,8
7086361926,2016-04-22 09:00:00,0,0.0,9
7086361926,2016-04-22 10:00:00,17,0.283333,10
7086361926,2016-04-22 11:00:00,16,0.266667,11
7086361926,2016-04-22 12:00:00,11,0.183333,12
7086361926,2016-04-22 13:00:00,4,0.066667,13
7086361926,2016-04-22 14:00:00,4,0.066667,14
7086361926,2016-04-22 15:00:00,11,0.183333,15
7086361926,2016-04-22 16:00:00,22,0.366667,16
7086361926,2016-04-22 17:00:00,138,2.3,17
7086361926,2016-04-22 18:00:00,92,1.533333,18
7086361926,2016-04-22 19:00:00,61,1.016667,19
7086361926,2016-04-22 20:00:00,3,0.05,20
7086361926,2016-04-22 21:00:00,17,0.283333,21
7086361926,2016-04-22 22:00:00,0,0.0,22
7086361926,2016-04-22 23:00:00,0,0.0,23
7086361926,2016-04-23 00:00:00,0,0.0,0
7086361926,2016-04-23 01:00:00,0,0.0,1
7086361926,2016-04-23 02:00:00,0,0.0,2
7086361926,2016-04-23 03:00:00,0,0.0,3
7086361926,2016-04-23 04:00:00,0,0.0,4
7086361926,2016-04-23 05:00:00,0,0.0,5
7086361926,2016-04-23 06:00:00,0,0.0,6
7086361926,2016-04-23 07:00:00,0,0.0,7
7086361926,2016-04-23 08:00:00,0,0.0,8
7086361926,2016-04-23 09:00:00,0,0.0,9
7086361926,2016-04-23 10:00:00,0,0.0,10
7086361926,2016-04-23 11:00:00,0,0.0,11
7086361926,2016-04-23 12:00:00,1,0.016667,12
7086361926,2016-04-23 13:00:00,11,0.183333,13
7086361926,2016-04-23 14:00:00,29,0.483333,14
7086361926,2016-04-23 15:00:00,18,0.3,15
7086361926,2016-04-23 16:00:00,10,0.166667,16
7086361926,2016-04-23 17:00:00,1,0.016667,17
7086361926,2016-04-23 18:00:00,0,0.0,18
7086361926,2016-04-23 19:00:00,2,0.033333,19
7086361926,2016-04-23 20:00:00,2,0.033333,20
7086361926,2016-04-23 21:00:00,5,0.083333,21
7086361926,2016-04-23 22:00:00,8,0.133333,22
7086361926,2016-04-23 23:00:00,3,0.05,23
7086361926,2016-04-24 00:00:00,1,0.016667,0
7086361926,2016-04-24 01:00:00,0,0.0,1
7086361926,2016-04-24 02:00:00,0,0.0,2
7086361926,2016-04-24 03:00:00,0,0.0,3
7086361926,2016-04-24 04:00:00,0,0.0,4
7086361926,2016-04-24 05:00:00,0,0.0,5
7086361926,2016-04-24 06:00:00,0,0.0,6
7086361926,2016-04-24 07:00:00,0,0.0,7
7086361926,2016-04-24 08:00:00,0,0.0,8
7086361926,2016-04-24 09:00:00,0,0.0,9
7086361926,2016-04-24 10:00:00,0,0.0,10
7086361926,2016-04-24 11:00:00,0,0.0,11
7086361926,2016-04-24 12:00:00,7,0.116667,12
7086361926,2016-04-24 13:00:00,0,0.0,13
7086361926,2016-04-24 14:00:00,25,0.416667,14
7086361926,2016-04-24 15:00:00,27,0.45,15
7086361926,2016-04-24 16:00:00,7,0.116667,16
7086361926,2016-04-24 17:00:00,0,0.0,17
7086361926,2016-04-24 18:00:00,21,0.35,18
7086361926,2016-04-24 19:00:00,23,0.383333,19
7086361926,2016-04-24 20:00:00,1,0.016667,20
7086361926,2016-04-24 21:00:00,4,0.066667,21
7086361926,2016-04-24 22:00:00,9,0.15,22
7086361926,2016-04-24 23:00:00,0,0.0,23
7086361926,2016-04-25 00:00:00,0,0.0,0
7086361926,2016-04-25 01:00:00,0,0.0,1
7086361926,2016-04-25 02:00:00,0,0.0,2
7086361926,2016-04-25 03:00:00,0,0.0,3
7086361926,2016-04-25 04:00:00,0,0.0,4
7086361926,2016-04-25 05:00:00,0,0.0,5
7086361926,2016-04-25 06:00:00,0,0.0,6
7086361926,2016-04-25 07:00:00,27,0.45,7
7086361926,2016-04-25 08:00:00,0,0.0,8
7086361926,2016-04-25 09:00:00,1,0.016667,9
7086361926,2016-04-25 10:00:00,4,0.066667,10
7086361926,2016-04-25 11:00:00,6,0.1,11
7086361926,2016-04-25 12:00:00,3,0.05,12
7086361926,2016-04-25 13:00:00,95,1.583333,13
7086361926,2016-04-25 14:00:00,0,0.0,14
7086361926,2016-04-25 15:00:00,3,0.05,15
7086361926,2016-04-25 16:00:00,22,0.366667,16
7086361926,2016-04-25 17:00:00,136,2.266667,17
7086361926,2016-04-25 18:00:00,89,1.483333,18
7086361926,2016-04-25 19:00:00,11,0.183333,19
7086361926,2016-04-25 20:00:00,13,0.216667,20
7086361926,2016-04-25 21:00:00,1,0.016667,21
7086361926,2016-04-25 22:00:00,3,0.05,22
7086361926,2016-04-25 23:00:00,0,0.0,23
7086361926,2016-04-26 00:00:00,0,0.0,0
7086361926,2016-04-26 01:00:00,1,0.016667,1
7086361926,2016-04-26 02:00:00,1,0.016667,2
7086361926,2016-04-26 03:00:00,0,0.0,3
7086361926,2016-04-26 04:00:00,0,0.0,4
7086361926,2016-04-26 05:00:00,0,0.0,5
7086361926,2016-04-26 06:00:00,1,0.016667,6
7086361926,2016-04-26 07:00:00,18,0.3,7
7086361926,2016-04-26 08:00:00,4,0.066667,8
7086361926,2016-04-26 09:00:00,0,0.0,9
7086361926,2016-04-26 10:00:00,6,0.1,10
7086361926,2016-04-26 11:00:00,6,0.1,11
7086361926,2016-04-26 12:00:00,22,0.366667,12
7086361926,2016-04-26 13:00:00,76,1.266667,13
7086361926,2016-04-26 14:00:00,39,0.65,14
7086361926,2016-04-26 15:00:00,7,0.116667,15
7086361926,2016-04-26 16:00:00,30,0.5,16
7086361926,2016-04-26 17:00:00,112,1.866667,17
7086361926,2016-04-26 18:00:00,75,1.25,18
7086361926,2016-04-26 19:00:00,8,0.133333,19
7086361926,2016-04-26 20:00:00,1,0.016667,20
7086361926,2016-04-26 21:00:00,0,0.0,21
7086361926,2016-04-26 22:00:00,1,0.016667,22
7086361926,2016-04-26 23:00:00,0,0.0,23
7086361926,2016-04-27 00:00:00,0,0.0,0
7086361926,2016-04-27 01:00:00,1,0.016667,1
7086361926,2016-04-27 02:00:00,0,0.0,2
7086361926,2016-04-27 03:00:00,0,0.0,3
7086361926,2016-04-27 04:00:00,0,0.0,4
7086361926,2016-04-27 05:00:00,0,0.0,5
7086361926,2016-04-27 06:00:00,0,0.0,6
7086361926,2016-04-27 07:00:00,15,0.25,7
7086361926,2016-04-27 08:00:00,3,0.05,8
7086361926,2016-04-27 09:00:00,6,0.1,9
7086361926,2016-04-27 10:00:00,0,0.0,10
7086361926,2016-04-27 11:00:00,4,0.066667,11
7086361926,2016-04-27 12:00:00,4,0.066667,12
7086361926,2016-04-27 13:00:00,11,0.183333,13
7086361926,2016-04-27 14:00:00,21,0.35,14
7086361926,2016-04-27 15:00:00,2,0.033333,15
7086361926,2016-04-27 16:00:00,21,0.35,16
7086361926,2016-04-27 17:00:00,143,2.383333,17
7086361926,2016-04-27 18:00:00,40,0.666667,18
7086361926,2016-04-27 19:00:00,2,0.033333,19
7086361926,2016-04-27 20:00:00,18,0.3,20
7086361926,2016-04-27 21:00:00,16,0.266667,21
7086361926,2016-04-27 22:00:00,10,0.166667,22
7086361926,2016-04-27 23:00:00,5,0.083333,23
7086361926,2016-04-28 00:00:00,14,0.233333,0
7086361926,2016-04-28 01:00:00,0,0.0,1
7086361926,2016-04-28 02:00:00,0,0.0,2
7086361926,2016-04-28 03:00:00,0,0.0,3
7086361926,2016-04-28 04:00:00,0,0.0,4
7086361926,2016-04-28 05:00:00,0,0.0,5
7086361926,2016-04-28 06:00:00,2,0.033333,6
7086361926,2016-04-28 07:00:00,17,0.283333,7
7086361926,2016-04-28 08:00:00,9,0.15,8
7086361926,2016-04-28 09:00:00,2,0.033333,9
7086361926,2016-04-28 10:00:00,6,0.1,10
7086361926,2016-04-28 11:00:00,0,0.0,11
7086361926,2016-04-28 12:00:00,7,0.116667,12
7086361926,2016-04-28 13:00:00,92,1.533333,13
7086361926,2016-04-28 14:00:00,21,0.35,14
7086361926,2016-04-28 15:00:00,5,0.083333,15
7086361926,2016-04-28 16:00:00,18,0.3,16
7086361926,2016-04-28 17:00:00,134,2.233333,17
7086361926,2016-04-28 18:00:00,64,1.066667,18
7086361926,2016-04-28 19:00:00,1,0.016667,19
7086361926,2016-04-28 20:00:00,5,0.083333,20
7086361926,2016-04-28 21:00:00,12,0.2,21
7086361926,2016-04-28 22:00:00,10,0.166667,22
7086361926,2016-04-28 23:00:00,0,0.0,23
7086361926,2016-04-29 00:00:00,0,0.0,0
7086361926,2016-04-29 01:00:00,0,0.0,1
7086361926,2016-04-29 02:00:00,0,0.0,2
7086361926,2016-04-29 03:00:00,0,0.0,3
7086361926,2016-04-29 04:00:00,0,0.0,4
7086361926,2016-04-29 05:00:00,0,0.0,5
7086361926,2016-04-29 06:00:00,0,0.0,6
7086361926,2016-04-29 07:00:00,23,0.383333,7
7086361926,2016-04-29 08:00:00,8,0.133333,8
7086361926,2016-04-29 09:00:00,10,0.166667,9
7086361926,2016-04-29 10:00:00,0,0.0,10
7086361926,2016-04-29 11:00:00,5,0.083333,11
7086361926,2016-04-29 12:00:00,7,0.116667,12
7086361926,2016-04-29 13:00:00,34,0.566667,13
7086361926,2016-04-29 14:00:00,0,0.0,14
7086361926,2016-04-29 15:00:00,7,0.116667,15
7086361926,2016-04-29 16:00:00,23,0.383333,16
7086361926,2016-04-29 17:00:00,129,2.15,17
7086361926,2016-04-29 18:00:00,38,0.633333,18
7086361926,2016-04-29 19:00:00,10,0.166667,19
7086361926,2016-04-29 20:00:00,7,0.116667,20
7086361926,2016-04-29 21:00:00,11,0.183333,21
7086361926,2016-04-29 22:00:00,13,0.216667,22
7086361926,2016-04-29 23:00:00,1,0.016667,23
7086361926,2016-04-30 00:00:00,5,0.083333,0
7086361926,2016-04-30 01:00:00,17,0.283333,1
7086361926,2016-04-30 02:00:00,0,0.0,2
7086361926,2016-04-30 03:00:00,0,0.0,3
7086361926,2016-04-30 04:00:00,0,0.0,4
7086361926,2016-04-30 05:00:00,0,0.0,5
7086361926,2016-04-30 06:00:00,0,0.0,6
7086361926,2016-04-30 07:00:00,0,0.0,7
7086361926,2016-04-30 08:00:00,0,0.0,8
7086361926,2016-04-30 09:00:00,0,0.0,9
7086361926,2016-04-30 10:00:00,18,0.3,10
7086361926,2016-04-30 11:00:00,17,0.283333,11
7086361926,2016-04-30 12:00:00,69,1.15,12
7086361926,2016-04-30 13:00:00,19,0.316667,13
7086361926,2016-04-30 14:00:00,32,0.533333,14
7086361926,2016-04-30 15:00:00,71,1.183333,15
7086361926,2016-04-30 16:00:00,23,0.383333,16
7086361926,2016-04-30 17:00:00,18,0.3,17
7086361926,2016-04-30 18:00:00,17,0.283333,18
7086361926,2016-04-30 19:00:00,25,0.416667,19
7086361926,2016-04-30 20:00:00,33,0.55,20
7086361926,2016-04-30 21:00:00,30,0.5,21
7086361926,2016-04-30 22:00:00,20,0.333333,22
7086361926,2016-04-30 23:00:00,54,0.9,23
7086361926,2016-05-01 00:00:00,5,0.083333,0
7086361926,2016-05-01 01:00:00,0,0.0,1
7086361926,2016-05-01 02:00:00,1,0.016667,2
7086361926,2016-05-01 03:00:00,0,0.0,3
7086361926,2016-05-01 04:00:00,0,0.0,4
7086361926,2016-05-01 05:00:00,0,0.0,5
7086361926,2016-05-01 06:00:00,0,0.0,6
7086361926,2016-05-01 07:00:00,15,0.25,7
7086361926,2016-05-01 08:00:00,75,1.25,8
7086361926,2016-05-01 09:00:00,14,0.233333,9
7086361926,2016-05-01 10:00:00,73,1.216667,10
7086361926,2016-05-01 11:00:00,5,0.083333,11
7086361926,2016-05-01 12:00:00,21,0.35,12
7086361926,2016-05-01 13:00:00,42,0.7,13
7086361926,2016-05-01 14:00:00,37,0.616667,14
7086361926,2016-05-01 15:00:00,20,0.333333,15
7086361926,2016-05-01 16:00:00,0,0.0,16
7086361926,2016-05-01 17:00:00,0,0.0,17
7086361926,2016-05-01 18:00:00,16,0.266667,18
7086361926,2016-05-01 19:00:00,7,0.116667,19
7086361926,2016-05-01 20:00:00,27,0.45,20
7086361926,2016-05-01 21:00:00,10,0.166667,21
7086361926,2016-05-01 22:00:00,6,0.1,22
7086361926,2016-05-01 23:00:00,4,0.066667,23
7086361926,2016-05-02 00:00:00,0,0.0,0
7086361926,2016-05-02 01:00:00,0,0.0,1
7086361926,2016-05-02 02:00:00,0,0.0,2
7086361926,2016-05-02 03:00:00,0,0.0,3
7086361926,2016-05-02 04:00:00,0,0.0,4
7086361926,2016-05-02 05:00:00,0,0.0,5
7086361926,2016-05-02 06:00:00,3,0.05,6
7086361926,2016-05-02 07:00:00,20,0.333333,7
7086361926,2016-05-02 08:00:00,2,0.033333,8
7086361926,2016-05-02 09:00:00,4,0.066667,9
7086361926,2016-05-02 10:00:00,3,0.05,10
7086361926,2016-05-02 11:00:00,2,0.033333,11
7086361926,2016-05-02 12:00:00,8,0.133333,12
7086361926,2016-05-02 13:00:00,91,1.516667,13
7086361926,2016-05-02 14:00:00,0,0.0,14
7086361926,2016-05-02 15:00:00,8,0.133333,15
7086361926,2016-05-02 16:00:00,23,0.383333,16
7086361926,2016-05-02 17:00:00,133,2.216667,17
7086361926,2016-05-02 18:00:00,78,1.3,18
7086361926,2016-05-02 19:00:00,5,0.083333,19
7086361926,2016-05-02 20:00:00,0,0.0,20
7086361926,2016-05-02 21:00:00,0,0.0,21
7086361926,2016-05-02 22:00:00,8,0.133333,22
7086361926,2016-05-02 23:00:00,1,0.016667,23
7086361926,2016-05-03 00:00:00,1,0.016667,0
7086361926,2016-05-03 01:00:00,0,0.0,1
7086361926,2016-05-03 02:00:00,0,0.0,2
7086361926,2016-05-03 03:00:00,0,0.0,3
7086361926,2016-05-03 04:00:00,0,0.0,4
7086361926,2016-05-03 05:00:00,0,0.0,5
7086361926,2016-05-03 06:00:00,1,0.016667,6
7086361926,2016-05-03 07:00:00,11,0.183333,7
7086361926,2016-05-03 08:00:00,0,0.0,8
7086361926,2016-05-03 09:00:00,6,0.1,9
7086361926,2016-05-03 10:00:00,6,0.1,10
7086361926,2016-05-03 11:00:00,4,0.066667,11
7086361926,2016-05-03 12:00:00,6,0.1,12
7086361926,2016-05-03 13:00:00,90,1.5,13
7086361926,2016-05-03 14:00:00,6,0.1,14
7086361926,2016-05-03 15:00:00,8,0.133333,15
7086361926,2016-05-03 16:00:00,19,0.316667,16
7086361926,2016-05-03 17:00:00,134,2.233333,17
7086361926,2016-05-03 18:00:00,57,0.95,18
7086361926,2016-05-03 19:00:00,2,0.033333,19
7086361926,2016-05-03 20:00:00,10,0.166667,20
7086361926,2016-05-03 21:00:00,17,0.283333,21
7086361926,2016-05-03 22:00:00,4,0.066667,22
7086361926,2016-05-03 23:00:00,13,0.216667,23
7086361926,2016-05-04 00:00:00,0,0.0,0
7086361926,2016-05-04 01:00:00,0,0.0,1
7086361926,2016-05-04 02:00:00,0,0.0,2
7086361926,2016-05-04 03:00:00,0,0.0,3
7086361926,2016-05-04 04:00:00,0,0.0,4
7086361926,2016-05-04 05:00:00,0,0.0,5
7086361926,2016-05-04 06:00:00,2,0.033333,6
7086361926,2016-05-04 07:00:00,12,0.2,7
7086361926,2016-05-04 08:00:00,3,0.05,8
7086361926,2016-05-04 09:00:00,1,0.016667,9
7086361926,2016-05-04 10:00:00,6,0.1,10
7086361926,2016-05-04 11:00:00,2,0.033333,11
7086361926,2016-05-04 12:00:00,11,0.183333,12
7086361926,2016-05-04 13:00:00,19,0.316667,13
7086361926,2016-05-04 14:00:00,2,0.033333,14
7086361926,2016-05-04 15:00:00,5,0.083333,15
7086361926,2016-05-04 16:00:00,24,0.4,16
7086361926,2016-05-04 17:00:00,151,2.516667,17
7086361926,2016-05-04 18:00:00,34,0.566667,18
7086361926,2016-05-04 19:00:00,14,0.233333,19
7086361926,2016-05-04 20:00:00,0,0.0,20
7086361926,2016-05-04 21:00:00,3,0.05,21
7086361926,2016-05-04 22:00:00,4,0.066667,22
7086361926,2016-05-04 23:00:00,1,0.016667,23
7086361926,2016-05-05 00:00:00,0,0.0,0
7086361926,2016-05-05 01:00:00,0,0.0,1
7086361926,2016-05-05 02:00:00,0,0.0,2
7086361926,2016-05-05 03:00:00,0,0.0,3
7086361926,2016-05-05 04:00:00,0,0.0,4
7086361926,2016-05-05 05:00:00,0,0.0,5
7086361926,2016-05-05 06:00:00,0,0.0,6
7086361926,2016-05-05 07:00:00,14,0.233333,7
7086361926,2016-05-05 08:00:00,13,0.216667,8
7086361926,2016-05-05 09:00:00,0,0.0,9
7086361926,2016-05-05 10:00:00,7,0.116667,10
7086361926,2016-05-05 11:00:00,7,0.116667,11
7086361926,2016-05-05 12:00:00,3,0.05,12
7086361926,2016-05-05 13:00:00,117,1.95,13
7086361926,2016-05-05 14:00:00,3,0.05,14
7086361926,2016-05-05 15:00:00,1,0.016667,15
7086361926,2016-05-05 16:00:00,16,0.266667,16
7086361926,2016-05-05 17:00:00,21,0.35,17
7086361926,2016-05-05 18:00:00,7,0.116667,18
7086361926,2016-05-05 19:00:00,7,0.116667,19
7086361926,2016-05-05 20:00:00,14,0.233333,20
7086361926,2016-05-05 21:00:00,4,0.066667,21
7086361926,2016-05-05 22:00:00,8,0.133333,22
7086361926,2016-05-05 23:00:00,7,0.116667,23
7086361926,2016-05-06 00:00:00,4,0.066667,0
7086361926,2016-05-06 01:00:00,7,0.116667,1
7086361926,2016-05-06 02:00:00,0,0.0,2
7086361926,2016-05-06 03:00:00,0,0.0,3
7086361926,2016-05-06 04:00:00,0,0.0,4
7086361926,2016-05-06 05:00:00,0,0.0,5
7086361926,2016-05-06 06:00:00,2,0.033333,6
7086361926,2016-05-06 07:00:00,25,0.416667,7
7086361926,2016-05-06 08:00:00,9,0.15,8
7086361926,2016-05-06 09:00:00,4,0.066667,9
7086361926,2016-05-06 10:00:00,2,0.033333,10
7086361926,2016-05-06 11:00:00,2,0.033333,11
7086361926,2016-05-06 12:00:00,9,0.15,12
7086361926,2016-05-06 13:00:00,129,2.15,13
7086361926,2016-05-06 14:00:00,14,0.233333,14
7086361926,2016-05-06 15:00:00,5,0.083333,15
7086361926,2016-05-06 16:00:00,24,0.4,16
7086361926,2016-05-06 17:00:00,150,2.5,17
7086361926,2016-05-06 18:00:00,64,1.066667,18
7086361926,2016-05-06 19:00:00,16,0.266667,19
7086361926,2016-05-06 20:00:00,9,0.15,20
7086361926,2016-05-06 21:00:00,1,0.016667,21
7086361926,2016-05-06 22:00:00,0,0.0,22
7086361926,2016-05-06 23:00:00,0,0.0,23
7086361926,2016-05-07 00:00:00,2,0.033333,0
7086361926,2016-05-07 01:00:00,0,0.0,1
7086361926,2016-05-07 02:00:00,0,0.0,2
7086361926,2016-05-07 03:00:00,0,0.0,3
7086361926,2016-05-07 04:00:00,0,0.0,4
7086361926,2016-05-07 05:00:00,0,0.0,5
7086361926,2016-05-07 06:00:00,0,0.0,6
7086361926,2016-05-07 07:00:00,0,0.0,7
7086361926,2016-05-07 08:00:00,0,0.0,8
7086361926,2016-05-07 09:00:00,4,0.066667,9
7086361926,2016-05-07 10:00:00,15,0.25,10
7086361926,2016-05-07 11:00:00,21,0.35,11
7086361926,2016-05-07 12:00:00,103,1.716667,12
7086361926,2016-05-07 13:00:00,41,0.683333,13
7086361926,2016-05-07 14:00:00,40,0.666667,14
7086361926,2016-05-07 15:00:00,21,0.35,15
7086361926,2016-05-07 16:00:00,17,0.283333,16
7086361926,2016-05-07 17:00:00,16,0.266667,17
7086361926,2016-05-07 18:00:00,15,0.25,18
7086361926,2016-05-07 19:00:00,1,0.016667,19
7086361926,2016-05-07 20:00:00,11,0.183333,20
7086361926,2016-05-07 21:00:00,34,0.566667,21
7086361926,2016-05-07 22:00:00,11,0.183333,22
7086361926,2016-05-07 23:00:00,1,0.016667,23
7086361926,2016-05-08 00:00:00,3,0.05,0
7086361926,2016-05-08 01:00:00,0,0.0,1
7086361926,2016-05-08 02:00:00,0,0.0,2
7086361926,2016-05-08 03:00:00,0,0.0,3
7086361926,2016-05-08 04:00:00,0,0.0,4
7086361926,2016-05-08 05:00:00,0,0.0,5
7086361926,2016-05-08 06:00:00,0,0.0,6
7086361926,2016-05-08 07:00:00,1,0.016667,7
7086361926,2016-05-08 08:00:00,0,0.0,8
7086361926,2016-05-08 09:00:00,20,0.333333,9
7086361926,2016-05-08 10:00:00,0,0.0,10
7086361926,2016-05-08 11:00:00,2,0.033333,11
7086361926,2016-05-08 12:00:00,11,0.183333,12
7086361926,2016-05-08 13:00:00,3,0.05,13
7086361926,2016-05-08 14:00:00,5,0.083333,14
7086361926,2016-05-08 15:00:00,78,1.3,15
7086361926,2016-05-08 16:00:00,80,1.333333,16
7086361926,2016-05-08 17:00:00,23,0.383333,17
7086361926,2016-05-08 18:00:00,0,0.0,18
7086361926,2016-05-08 19:00:00,11,0.183333,19
7086361926,2016-05-08 20:00:00,34,0.566667,20
7086361926,2016-05-08 21:00:00,8,0.133333,21
7086361926,2016-05-08 22:00:00,6,0.1,22
7086361926,2016-05-08 23:00:00,12,0.2,23
7086361926,2016-05-09 00:00:00,0,0.0,0
7086361926,2016-05-09 01:00:00,0,0.0,1
7086361926,2016-05-09 02:00:00,0,0.0,2
7086361926,2016-05-09 03:00:00,0,0.0,3
7086361926,2016-05-09 04:00:00,0,0.0,4
7086361926,2016-05-09 05:00:00,0,0.0,5
7086361926,2016-05-09 06:00:00,3,0.05,6
7086361926,2016-05-09 07:00:00,11,0.183333,7
7086361926,2016-05-09 08:00:00,11,0.183333,8
7086361926,2016-05-09 09:00:00,8,0.133333,9
7086361926,2016-05-09 10:00:00,1,0.016667,10
7086361926,2016-05-09 11:00:00,4,0.066667,11
7086361926,2016-05-09 12:00:00,9,0.15,12
7086361926,2016-05-09 13:00:00,125,2.083333,13
7086361926,2016-05-09 14:00:00,19,0.316667,14
7086361926,2016-05-09 15:00:00,2,0.033333,15
7086361926,2016-05-09 16:00:00,22,0.366667,16
7086361926,2016-05-09 17:00:00,118,1.966667,17
7086361926,2016-05-09 18:00:00,74,1.233333,18
7086361926,2016-05-09 19:00:00,35,0.583333,19
7086361926,2016-05-09 20:00:00,25,0.416667,20
7086361926,2016-05-09 21:00:00,5,0.083333,21
7086361926,2016-05-09 22:00:00,0,0.0,22
7086361926,2016-05-09 23:00:00,0,0.0,23
7086361926,2016-05-10 00:00:00,0,0.0,0
7086361926,2016-05-10 01:00:00,0,0.0,1
7086361926,2016-05-10 02:00:00,0,0.0,2
7086361926,2016-05-10 03:00:00,0,0.0,3
7086361926,2016-05-10 04:00:00,0,0.0,4
7086361926,2016-05-10 05:00:00,0,0.0,5
7086361926,2016-05-10 06:00:00,0,0.0,6
7086361926,2016-05-10 07:00:00,9,0.15,7
7086361926,2016-05-10 08:00:00,6,0.1,8
7086361926,2016-05-10 09:00:00,5,0.083333,9
7086361926,2016-05-10 10:00:00,4,0.066667,10
7086361926,2016-05-10 11:00:00,7,0.116667,11
7086361926,2016-05-10 12:00:00,4,0.066667,12
7086361926,2016-05-10 13:00:00,118,1.966667,13
7086361926,2016-05-10 14:00:00,4,0.066667,14
7086361926,2016-05-10 15:00:00,1,0.016667,15
7086361926,2016-05-10 16:00:00,27,0.45,16
7086361926,2016-05-10 17:00:00,148,2.466667,17
7086361926,2016-05-10 18:00:00,29,0.483333,18
7086361926,2016-05-10 19:00:00,3,0.05,19
7086361926,2016-05-10 20:00:00,0,0.0,20
7086361926,2016-05-10 21:00:00,0,0.0,21
7086361926,2016-05-10 22:00:00,3,0.05,22
7086361926,2016-05-10 23:00:00,0,0.0,23
7086361926,2016-05-11 00:00:00,0,0.0,0
7086361926,2016-05-11 01:00:00,1,0.016667,1
7086361926,2016-05-11 02:00:00,0,0.0,2
7086361926,2016-05-11 03:00:00,0,0.0,3
7086361926,2016-05-11 04:00:00,0,0.0,4
7086361926,2016-05-11 05:00:00,0,0.0,5
7086361926,2016-05-11 06:00:00,2,0.033333,6
7086361926,2016-05-11 07:00:00,11,0.183333,7
7086361926,2016-05-11 08:00:00,6,0.1,8
7086361926,2016-05-11 09:00:00,4,0.066667,9
7086361926,2016-05-11 10:00:00,6,0.1,10
7086361926,2016-05-11 11:00:00,3,0.05,11
7086361926,2016-05-11 12:00:00,6,0.1,12
7086361926,2016-05-11 13:00:00,86,1.433333,13
7086361926,2016-05-11 14:00:00,3,0.05,14
7086361926,2016-05-11 15:00:00,2,0.033333,15
7086361926,2016-05-11 16:00:00,28,0.466667,16
7086361926,2016-05-11 17:00:00,131,2.183333,17
7086361926,2016-05-11 18:00:00,70,1.166667,18
7086361926,2016-05-11 19:00:00,14,0.233333,19
7086361926,2016-05-11 20:00:00,3,0.05,20
7086361926,2016-05-11 21:00:00,0,0.0,21
7086361926,2016-05-11 22:00:00,3,0.05,22
7086361926,2016-05-11 23:00:00,0,0.0,23
7086361926,2016-05-12 00:00:00,0,0.0,0
7086361926,2016-05-12 01:00:00,0,0.0,1
7086361926,2016-05-12 02:00:00,0,0.0,2
7086361926,2016-05-12 03:00:00,0,0.0,3
7086361926,2016-05-12 04:00:00,0,0.0,4
7086361926,2016-05-12 05:00:00,0,0.0,5
7086361926,2016-05-12 06:00:00,0,0.0,6
7086361926,2016-05-12 07:00:00,2,0.033333,7
7086361926,2016-05-12 08:00:00,15,0.25,8
7086361926,2016-05-12 09:00:00,0,0.0,9
7086361926,2016-05-12 10:00:00,4,0.066667,10
7086361926,2016-05-12 11:00:00,4,0.066667,11
7086361926,2016-05-12 12:00:00,7,0.116667,12
8053475328,2016-04-12 00:00:00,0,0.0,0
8053475328,2016-04-12 01:00:00,1,0.016667,1
8053475328,2016-04-12 02:00:00,15,0.25,2
8053475328,2016-04-12 03:00:00,0,0.0,3
8053475328,2016-04-12 04:00:00,0,0.0,4
8053475328,2016-04-12 05:00:00,0,0.0,5
8053475328,2016-04-12 06:00:00,0,0.0,6
8053475328,2016-04-12 07:00:00,0,0.0,7
8053475328,2016-04-12 08:00:00,0,0.0,8
8053475328,2016-04-12 09:00:00,0,0.0,9
8053475328,2016-04-12 10:00:00,0,0.0,10
8053475328,2016-04-12 11:00:00,5,0.083333,11
8053475328,2016-04-12 12:00:00,5,0.083333,12
8053475328,2016-04-12 13:00:00,5,0.083333,13
8053475328,2016-04-12 14:00:00,99,1.65,14
8053475328,2016-04-12 15:00:00,0,0.0,15
8053475328,2016-04-12 16:00:00,6,0.1,16
8053475328,2016-04-12 17:00:00,77,1.283333,17
8053475328,2016-04-12 18:00:00,55,0.916667,18
8053475328,2016-04-12 19:00:00,159,2.65,19
8053475328,2016-04-12 20:00:00,4,0.066667,20
8053475328,2016-04-12 21:00:00,45,0.75,21
8053475328,2016-04-12 22:00:00,4,0.066667,22
8053475328,2016-04-12 23:00:00,7,0.116667,23
8053475328,2016-04-13 00:00:00,1,0.016667,0
8053475328,2016-04-13 01:00:00,7,0.116667,1
8053475328,2016-04-13 02:00:00,0,0.0,2
8053475328,2016-04-13 03:00:00,0,0.0,3
8053475328,2016-04-13 04:00:00,0,0.0,4
8053475328,2016-04-13 05:00:00,0,0.0,5
8053475328,2016-04-13 06:00:00,0,0.0,6
8053475328,2016-04-13 07:00:00,0,0.0,7
8053475328,2016-04-13 08:00:00,0,0.0,8
8053475328,2016-04-13 09:00:00,0,0.0,9
8053475328,2016-04-13 10:00:00,4,0.066667,10
8053475328,2016-04-13 11:00:00,21,0.35,11
8053475328,2016-04-13 12:00:00,13,0.216667,12
8053475328,2016-04-13 13:00:00,66,1.1,13
8053475328,2016-04-13 14:00:00,40,0.666667,14
8053475328,2016-04-13 15:00:00,0,0.0,15
8053475328,2016-04-13 16:00:00,15,0.25,16
8053475328,2016-04-13 17:00:00,43,0.716667,17
8053475328,2016-04-13 18:00:00,47,0.783333,18
8053475328,2016-04-13 19:00:00,177,2.95,19
8053475328,2016-04-13 20:00:00,2,0.033333,20
8053475328,2016-04-13 21:00:00,12,0.2,21
8053475328,2016-04-13 22:00:00,10,0.166667,22
8053475328,2016-04-13 23:00:00,7,0.116667,23
8053475328,2016-04-14 00:00:00,4,0.066667,0
8053475328,2016-04-14 01:00:00,0,0.0,1
8053475328,2016-04-14 02:00:00,4,0.066667,2
8053475328,2016-04-14 03:00:00,0,0.0,3
8053475328,2016-04-14 04:00:00,0,0.0,4
8053475328,2016-04-14 05:00:00,0,0.0,5
8053475328,2016-04-14 06:00:00,0,0.0,6
8053475328,2016-04-14 07:00:00,0,0.0,7
8053475328,2016-04-14 08:00:00,0,0.0,8
8053475328,2016-04-14 09:00:00,0,0.0,9
8053475328,2016-04-14 10:00:00,20,0.333333,10
8053475328,2016-04-14 11:00:00,30,0.5,11
8053475328,2016-04-14 12:00:00,30,0.5,12
8053475328,2016-04-14 13:00:00,44,0.733333,13
8053475328,2016-04-14 14:00:00,60,1.0,14
8053475328,2016-04-14 15:00:00,1,0.016667,15
8053475328,2016-04-14 16:00:00,14,0.233333,16
8053475328,2016-04-14 17:00:00,18,0.3,17
8053475328,2016-04-14 18:00:00,85,1.416667,18
8053475328,2016-04-14 19:00:00,140,2.333333,19
8053475328,2016-04-14 20:00:00,69,1.15,20
8053475328,2016-04-14 21:00:00,2,0.033333,21
8053475328,2016-04-14 22:00:00,12,0.2,22
8053475328,2016-04-14 23:00:00,27,0.45,23
8053475328,2016-04-15 00:00:00,6,0.1,0
8053475328,2016-04-15 01:00:00,4,0.066667,1
8053475328,2016-04-15 02:00:00,2,0.033333,2
8053475328,2016-04-15 03:00:00,0,0.0,3
8053475328,2016-04-15 04:00:00,0,0.0,4
8053475328,2016-04-15 05:00:00,0,0.0,5
8053475328,2016-04-15 06:00:00,0,0.0,6
8053475328,2016-04-15 07:00:00,0,0.0,7
8053475328,2016-04-15 08:00:00,0,0.0,8
8053475328,2016-04-15 09:00:00,0,0.0,9
8053475328,2016-04-15 10:00:00,0,0.0,10
8053475328,2016-04-15 11:00:00,9,0.15,11
8053475328,2016-04-15 12:00:00,6,0.1,12
8053475328,2016-04-15 13:00:00,64,1.066667,13
8053475328,2016-04-15 14:00:00,53,0.883333,14
8053475328,2016-04-15 15:00:00,7,0.116667,15
8053475328,2016-04-15 16:00:00,15,0.25,16
8053475328,2016-04-15 17:00:00,26,0.433333,17
8053475328,2016-04-15 18:00:00,84,1.4,18
8053475328,2016-04-15 19:00:00,168,2.8,19
8053475328,2016-04-15 20:00:00,76,1.266667,20
8053475328,2016-04-15 21:00:00,9,0.15,21
8053475328,2016-04-15 22:00:00,41,0.683333,22
8053475328,2016-04-15 23:00:00,0,0.0,23
8053475328,2016-04-16 00:00:00,0,0.0,0
8053475328,2016-04-16 01:00:00,0,0.0,1
8053475328,2016-04-16 02:00:00,0,0.0,2
8053475328,2016-04-16 03:00:00,1,0.016667,3
8053475328,2016-04-16 04:00:00,0,0.0,4
8053475328,2016-04-16 05:00:00,0,0.0,5
8053475328,2016-04-16 06:00:00,0,0.0,6
8053475328,2016-04-16 07:00:00,0,0.0,7
8053475328,2016-04-16 08:00:00,0,0.0,8
8053475328,2016-04-16 09:00:00,0,0.0,9
8053475328,2016-04-16 10:00:00,0,0.0,10
8053475328,2016-04-16 11:00:00,8,0.133333,11
8053475328,2016-04-16 12:00:00,4,0.066667,12
8053475328,2016-04-16 13:00:00,110,1.833333,13
8053475328,2016-04-16 14:00:00,3,0.05,14
8053475328,2016-04-16 15:00:00,3,0.05,15
8053475328,2016-04-16 16:00:00,3,0.05,16
8053475328,2016-04-16 17:00:00,6,0.1,17
8053475328,2016-04-16 18:00:00,15,0.25,18
8053475328,2016-04-16 19:00:00,179,2.983333,19
8053475328,2016-04-16 20:00:00,31,0.516667,20
8053475328,2016-04-16 21:00:00,6,0.1,21
8053475328,2016-04-16 22:00:00,14,0.233333,22
8053475328,2016-04-16 23:00:00,0,0.0,23
8053475328,2016-04-17 00:00:00,0,0.0,0
8053475328,2016-04-17 01:00:00,0,0.0,1
8053475328,2016-04-17 02:00:00,0,0.0,2
8053475328,2016-04-17 03:00:00,0,0.0,3
8053475328,2016-04-17 04:00:00,2,0.033333,4
8053475328,2016-04-17 05:00:00,0,0.0,5
8053475328,2016-04-17 06:00:00,0,0.0,6
8053475328,2016-04-17 07:00:00,0,0.0,7
8053475328,2016-04-17 08:00:00,0,0.0,8
8053475328,2016-04-17 09:00:00,0,0.0,9
8053475328,2016-04-17 10:00:00,0,0.0,10
8053475328,2016-04-17 11:00:00,0,0.0,11
8053475328,2016-04-17 12:00:00,0,0.0,12
8053475328,2016-04-17 13:00:00,7,0.116667,13
8053475328,2016-04-17 14:00:00,83,1.383333,14
8053475328,2016-04-17 15:00:00,64,1.066667,15
8053475328,2016-04-17 16:00:00,9,0.15,16
8053475328,2016-04-17 17:00:00,32,0.533333,17
8053475328,2016-04-17 18:00:00,31,0.516667,18
8053475328,2016-04-17 19:00:00,123,2.05,19
8053475328,2016-04-17 20:00:00,22,0.366667,20
8053475328,2016-04-17 21:00:00,56,0.933333,21
8053475328,2016-04-17 22:00:00,95,1.583333,22
8053475328,2016-04-17 23:00:00,46,0.766667,23
8053475328,2016-04-18 00:00:00,2,0.033333,0
8053475328,2016-04-18 01:00:00,9,0.15,1
8053475328,2016-04-18 02:00:00,1,0.016667,2
8053475328,2016-04-18 03:00:00,0,0.0,3
8053475328,2016-04-18 04:00:00,0,0.0,4
8053475328,2016-04-18 05:00:00,0,0.0,5
8053475328,2016-04-18 06:00:00,0,0.0,6
8053475328,2016-04-18 07:00:00,0,0.0,7
8053475328,2016-04-18 08:00:00,0,0.0,8
8053475328,2016-04-18 09:00:00,0,0.0,9
8053475328,2016-04-18 10:00:00,0,0.0,10
8053475328,2016-04-18 11:00:00,23,0.383333,11
8053475328,2016-04-18 12:00:00,25,0.416667,12
8053475328,2016-04-18 13:00:00,101,1.683333,13
8053475328,2016-04-18 14:00:00,6,0.1,14
8053475328,2016-04-18 15:00:00,11,0.183333,15
8053475328,2016-04-18 16:00:00,0,0.0,16
8053475328,2016-04-18 17:00:00,21,0.35,17
8053475328,2016-04-18 18:00:00,31,0.516667,18
8053475328,2016-04-18 19:00:00,126,2.1,19
8053475328,2016-04-18 20:00:00,2,0.033333,20
8053475328,2016-04-18 21:00:00,51,0.85,21
8053475328,2016-04-18 22:00:00,98,1.633333,22
8053475328,2016-04-18 23:00:00,6,0.1,23
8053475328,2016-04-19 00:00:00,5,0.083333,0
8053475328,2016-04-19 01:00:00,11,0.183333,1
8053475328,2016-04-19 02:00:00,0,0.0,2
8053475328,2016-04-19 03:00:00,0,0.0,3
8053475328,2016-04-19 04:00:00,0,0.0,4
8053475328,2016-04-19 05:00:00,0,0.0,5
8053475328,2016-04-19 06:00:00,0,0.0,6
8053475328,2016-04-19 07:00:00,0,0.0,7
8053475328,2016-04-19 08:00:00,0,0.0,8
8053475328,2016-04-19 09:00:00,0,0.0,9
8053475328,2016-04-19 10:00:00,0,0.0,10
8053475328,2016-04-19 11:00:00,13,0.216667,11
8053475328,2016-04-19 12:00:00,22,0.366667,12
8053475328,2016-04-19 13:00:00,12,0.2,13
8053475328,2016-04-19 14:00:00,10,0.166667,14
8053475328,2016-04-19 15:00:00,42,0.7,15
8053475328,2016-04-19 16:00:00,73,1.216667,16
8053475328,2016-04-19 17:00:00,3,0.05,17
8053475328,2016-04-19 18:00:00,28,0.466667,18
8053475328,2016-04-19 19:00:00,102,1.7,19
8053475328,2016-04-19 20:00:00,1,0.016667,20
8053475328,2016-04-19 21:00:00,56,0.933333,21
8053475328,2016-04-19 22:00:00,90,1.5,22
8053475328,2016-04-19 23:00:00,7,0.116667,23
8053475328,2016-04-20 00:00:00,1,0.016667,0
8053475328,2016-04-20 01:00:00,5,0.083333,1
8053475328,2016-04-20 02:00:00,3,0.05,2
8053475328,2016-04-20 03:00:00,0,0.0,3
8053475328,2016-04-20 04:00:00,0,0.0,4
8053475328,2016-04-20 05:00:00,0,0.0,5
8053475328,2016-04-20 06:00:00,0,0.0,6
8053475328,2016-04-20 07:00:00,0,0.0,7
8053475328,2016-04-20 08:00:00,0,0.0,8
8053475328,2016-04-20 09:00:00,0,0.0,9
8053475328,2016-04-20 10:00:00,4,0.066667,10
8053475328,2016-04-20 11:00:00,12,0.2,11
8053475328,2016-04-20 12:00:00,2,0.033333,12
8053475328,2016-04-20 13:00:00,14,0.233333,13
8053475328,2016-04-20 14:00:00,91,1.516667,14
8053475328,2016-04-20 15:00:00,8,0.133333,15
8053475328,2016-04-20 16:00:00,6,0.1,16
8053475328,2016-04-20 17:00:00,21,0.35,17
8053475328,2016-04-20 18:00:00,32,0.533333,18
8053475328,2016-04-20 19:00:00,74,1.233333,19
8053475328,2016-04-20 20:00:00,2,0.033333,20
8053475328,2016-04-20 21:00:00,44,0.733333,21
8053475328,2016-04-20 22:00:00,105,1.75,22
8053475328,2016-04-20 23:00:00,11,0.183333,23
8053475328,2016-04-21 00:00:00,0,0.0,0
8053475328,2016-04-21 01:00:00,7,0.116667,1
8053475328,2016-04-21 02:00:00,3,0.05,2
8053475328,2016-04-21 03:00:00,0,0.0,3
8053475328,2016-04-21 04:00:00,0,0.0,4
8053475328,2016-04-21 05:00:00,0,0.0,5
8053475328,2016-04-21 06:00:00,0,0.0,6
8053475328,2016-04-21 07:00:00,0,0.0,7
8053475328,2016-04-21 08:00:00,0,0.0,8
8053475328,2016-04-21 09:00:00,0,0.0,9
8053475328,2016-04-21 10:00:00,16,0.266667,10
8053475328,2016-04-21 11:00:00,12,0.2,11
8053475328,2016-04-21 12:00:00,13,0.216667,12
8053475328,2016-04-21 13:00:00,22,0.366667,13
8053475328,2016-04-21 14:00:00,78,1.3,14
8053475328,2016-04-21 15:00:00,5,0.083333,15
8053475328,2016-04-21 16:00:00,6,0.1,16
8053475328,2016-04-21 17:00:00,22,0.366667,17
8053475328,2016-04-21 18:00:00,27,0.45,18
8053475328,2016-04-21 19:00:00,121,2.016667,19
8053475328,2016-04-21 20:00:00,0,0.0,20
8053475328,2016-04-21 21:00:00,36,0.6,21
8053475328,2016-04-21 22:00:00,109,1.816667,22
8053475328,2016-04-21 23:00:00,5,0.083333,23
8053475328,2016-04-22 00:00:00,2,0.033333,0
8053475328,2016-04-22 01:00:00,2,0.033333,1
8053475328,2016-04-22 02:00:00,5,0.083333,2
8053475328,2016-04-22 03:00:00,0,0.0,3
8053475328,2016-04-22 04:00:00,0,0.0,4
8053475328,2016-04-22 05:00:00,0,0.0,5
8053475328,2016-04-22 06:00:00,0,0.0,6
8053475328,2016-04-22 07:00:00,0,0.0,7
8053475328,2016-04-22 08:00:00,0,0.0,8
8053475328,2016-04-22 09:00:00,0,0.0,9
8053475328,2016-04-22 10:00:00,0,0.0,10
8053475328,2016-04-22 11:00:00,4,0.066667,11
8053475328,2016-04-22 12:00:00,1,0.016667,12
8053475328,2016-04-22 13:00:00,97,1.616667,13
8053475328,2016-04-22 14:00:00,2,0.033333,14
8053475328,2016-04-22 15:00:00,6,0.1,15
8053475328,2016-04-22 16:00:00,8,0.133333,16
8053475328,2016-04-22 17:00:00,7,0.116667,17
8053475328,2016-04-22 18:00:00,5,0.083333,18
8053475328,2016-04-22 19:00:00,20,0.333333,19
8053475328,2016-04-22 20:00:00,100,1.666667,20
8053475328,2016-04-22 21:00:00,0,0.0,21
8053475328,2016-04-22 22:00:00,35,0.583333,22
8053475328,2016-04-22 23:00:00,9,0.15,23
8053475328,2016-04-23 00:00:00,5,0.083333,0
8053475328,2016-04-23 01:00:00,0,0.0,1
8053475328,2016-04-23 02:00:00,0,0.0,2
8053475328,2016-04-23 03:00:00,9,0.15,3
8053475328,2016-04-23 04:00:00,0,0.0,4
8053475328,2016-04-23 05:00:00,0,0.0,5
8053475328,2016-04-23 06:00:00,0,0.0,6
8053475328,2016-04-23 07:00:00,0,0.0,7
8053475328,2016-04-23 08:00:00,0,0.0,8
8053475328,2016-04-23 09:00:00,0,0.0,9
8053475328,2016-04-23 10:00:00,0,0.0,10
8053475328,2016-04-23 11:00:00,0,0.0,11
8053475328,2016-04-23 12:00:00,7,0.116667,12
8053475328,2016-04-23 13:00:00,98,1.633333,13
8053475328,2016-04-23 14:00:00,108,1.8,14
8053475328,2016-04-23 15:00:00,7,0.116667,15
8053475328,2016-04-23 16:00:00,16,0.266667,16
8053475328,2016-04-23 17:00:00,47,0.783333,17
8053475328,2016-04-23 18:00:00,36,0.6,18
8053475328,2016-04-23 19:00:00,117,1.95,19
8053475328,2016-04-23 20:00:00,18,0.3,20
8053475328,2016-04-23 21:00:00,42,0.7,21
8053475328,2016-04-23 22:00:00,106,1.766667,22
8053475328,2016-04-23 23:00:00,10,0.166667,23
8053475328,2016-04-24 00:00:00,1,0.016667,0
8053475328,2016-04-24 01:00:00,6,0.1,1
8053475328,2016-04-24 02:00:00,5,0.083333,2
8053475328,2016-04-24 03:00:00,0,0.0,3
8053475328,2016-04-24 04:00:00,0,0.0,4
8053475328,2016-04-24 05:00:00,0,0.0,5
8053475328,2016-04-24 06:00:00,0,0.0,6
8053475328,2016-04-24 07:00:00,0,0.0,7
8053475328,2016-04-24 08:00:00,0,0.0,8
8053475328,2016-04-24 09:00:00,0,0.0,9
8053475328,2016-04-24 10:00:00,0,0.0,10
8053475328,2016-04-24 11:00:00,0,0.0,11
8053475328,2016-04-24 12:00:00,0,0.0,12
8053475328,2016-04-24 13:00:00,23,0.383333,13
8053475328,2016-04-24 14:00:00,140,2.333333,14
8053475328,2016-04-24 15:00:00,86,1.433333,15
8053475328,2016-04-24 16:00:00,82,1.366667,16
8053475328,2016-04-24 17:00:00,39,0.65,17
8053475328,2016-04-24 18:00:00,110,1.833333,18
8053475328,2016-04-24 19:00:00,14,0.233333,19
8053475328,2016-04-24 20:00:00,8,0.133333,20
8053475328,2016-04-24 21:00:00,115,1.916667,21
8053475328,2016-04-24 22:00:00,5,0.083333,22
8053475328,2016-04-24 23:00:00,1,0.016667,23
8053475328,2016-04-25 00:00:00,0,0.0,0
8053475328,2016-04-25 01:00:00,3,0.05,1
8053475328,2016-04-25 02:00:00,0,0.0,2
8053475328,2016-04-25 03:00:00,0,0.0,3
8053475328,2016-04-25 04:00:00,0,0.0,4
8053475328,2016-04-25 05:00:00,0,0.0,5
8053475328,2016-04-25 06:00:00,0,0.0,6
8053475328,2016-04-25 07:00:00,0,0.0,7
8053475328,2016-04-25 08:00:00,0,0.0,8
8053475328,2016-04-25 09:00:00,0,0.0,9
8053475328,2016-04-25 10:00:00,20,0.333333,10
8053475328,2016-04-25 11:00:00,40,0.666667,11
8053475328,2016-04-25 12:00:00,11,0.183333,12
8053475328,2016-04-25 13:00:00,48,0.8,13
8053475328,2016-04-25 14:00:00,60,1.0,14
8053475328,2016-04-25 15:00:00,4,0.066667,15
8053475328,2016-04-25 16:00:00,16,0.266667,16
8053475328,2016-04-25 17:00:00,76,1.266667,17
8053475328,2016-04-25 18:00:00,42,0.7,18
8053475328,2016-04-25 19:00:00,104,1.733333,19
8053475328,2016-04-25 20:00:00,11,0.183333,20
8053475328,2016-04-25 21:00:00,90,1.5,21
8053475328,2016-04-25 22:00:00,55,0.916667,22
8053475328,2016-04-25 23:00:00,1,0.016667,23
8053475328,2016-04-26 00:00:00,8,0.133333,0
8053475328,2016-04-26 01:00:00,10,0.166667,1
8053475328,2016-04-26 02:00:00,4,0.066667,2
8053475328,2016-04-26 03:00:00,0,0.0,3
8053475328,2016-04-26 04:00:00,0,0.0,4
8053475328,2016-04-26 05:00:00,0,0.0,5
8053475328,2016-04-26 06:00:00,0,0.0,6
8053475328,2016-04-26 07:00:00,0,0.0,7
8053475328,2016-04-26 08:00:00,0,0.0,8
8053475328,2016-04-26 09:00:00,0,0.0,9
8053475328,2016-04-26 10:00:00,13,0.216667,10
8053475328,2016-04-26 11:00:00,9,0.15,11
8053475328,2016-04-26 12:00:00,36,0.6,12
8053475328,2016-04-26 13:00:00,113,1.883333,13
8053475328,2016-04-26 14:00:00,8,0.133333,14
8053475328,2016-04-26 15:00:00,9,0.15,15
8053475328,2016-04-26 16:00:00,6,0.1,16
8053475328,2016-04-26 17:00:00,13,0.216667,17
8053475328,2016-04-26 18:00:00,96,1.6,18
8053475328,2016-04-26 19:00:00,13,0.216667,19
8053475328,2016-04-26 20:00:00,1,0.016667,20
8053475328,2016-04-26 21:00:00,26,0.433333,21
8053475328,2016-04-26 22:00:00,22,0.366667,22
8053475328,2016-04-26 23:00:00,12,0.2,23
8053475328,2016-04-27 00:00:00,0,0.0,0
8053475328,2016-04-27 01:00:00,4,0.066667,1
8053475328,2016-04-27 02:00:00,7,0.116667,2
8053475328,2016-04-27 03:00:00,0,0.0,3
8053475328,2016-04-27 04:00:00,0,0.0,4
8053475328,2016-04-27 05:00:00,0,0.0,5
8053475328,2016-04-27 06:00:00,0,0.0,6
8053475328,2016-04-27 07:00:00,0,0.0,7
8053475328,2016-04-27 08:00:00,0,0.0,8
8053475328,2016-04-27 09:00:00,0,0.0,9
8053475328,2016-04-27 10:00:00,2,0.033333,10
8053475328,2016-04-27 11:00:00,15,0.25,11
8053475328,2016-04-27 12:00:00,26,0.433333,12
8053475328,2016-04-27 13:00:00,64,1.066667,13
8053475328,2016-04-27 14:00:00,38,0.633333,14
8053475328,2016-04-27 15:00:00,0,0.0,15
8053475328,2016-04-27 16:00:00,3,0.05,16
8053475328,2016-04-27 17:00:00,21,0.35,17
8053475328,2016-04-27 18:00:00,20,0.333333,18
8053475328,2016-04-27 19:00:00,105,1.75,19
8053475328,2016-04-27 20:00:00,0,0.0,20
8053475328,2016-04-27 21:00:00,40,0.666667,21
8053475328,2016-04-27 22:00:00,18,0.3,22
8053475328,2016-04-27 23:00:00,20,0.333333,23
8053475328,2016-04-28 00:00:00,0,0.0,0
8053475328,2016-04-28 01:00:00,0,0.0,1
8053475328,2016-04-28 02:00:00,0,0.0,2
8053475328,2016-04-28 03:00:00,0,0.0,3
8053475328,2016-04-28 04:00:00,0,0.0,4
8053475328,2016-04-28 05:00:00,0,0.0,5
8053475328,2016-04-28 06:00:00,0,0.0,6
8053475328,2016-04-28 07:00:00,0,0.0,7
8053475328,2016-04-28 08:00:00,0,0.0,8
8053475328,2016-04-28 09:00:00,0,0.0,9
8053475328,2016-04-28 10:00:00,0,0.0,10
8053475328,2016-04-28 11:00:00,15,0.25,11
8053475328,2016-04-28 12:00:00,30,0.5,12
8053475328,2016-04-28 13:00:00,38,0.633333,13
8053475328,2016-04-28 14:00:00,66,1.1,14
8053475328,2016-04-28 15:00:00,5,0.083333,15
8053475328,2016-04-28 16:00:00,11,0.183333,16
8053475328,2016-04-28 17:00:00,7,0.116667,17
8053475328,2016-04-28 18:00:00,20,0.333333,18
8053475328,2016-04-28 19:00:00,102,1.7,19
8053475328,2016-04-28 20:00:00,1,0.016667,20
8053475328,2016-04-28 21:00:00,35,0.583333,21
8053475328,2016-04-28 22:00:00,102,1.7,22
8053475328,2016-04-28 23:00:00,9,0.15,23
8053475328,2016-04-29 00:00:00,3,0.05,0
8053475328,2016-04-29 01:00:00,0,0.0,1
8053475328,2016-04-29 02:00:00,11,0.183333,2
8053475328,2016-04-29 03:00:00,0,0.0,3
8053475328,2016-04-29 04:00:00,0,0.0,4
8053475328,2016-04-29 05:00:00,0,0.0,5
8053475328,2016-04-29 06:00:00,0,0.0,6
8053475328,2016-04-29 07:00:00,0,0.0,7
8053475328,2016-04-29 08:00:00,0,0.0,8
8053475328,2016-04-29 09:00:00,0,0.0,9
8053475328,2016-04-29 10:00:00,0,0.0,10
8053475328,2016-04-29 11:00:00,6,0.1,11
8053475328,2016-04-29 12:00:00,15,0.25,12
8053475328,2016-04-29 13:00:00,9,0.15,13
8053475328,2016-04-29 14:00:00,106,1.766667,14
8053475328,2016-04-29 15:00:00,6,0.1,15
8053475328,2016-04-29 16:00:00,7,0.116667,16
8053475328,2016-04-29 17:00:00,25,0.416667,17
8053475328,2016-04-29 18:00:00,62,1.033333,18
8053475328,2016-04-29 19:00:00,47,0.783333,19
8053475328,2016-04-29 20:00:00,9,0.15,20
8053475328,2016-04-29 21:00:00,25,0.416667,21
8053475328,2016-04-29 22:00:00,11,0.183333,22
8053475328,2016-04-29 23:00:00,7,0.116667,23
8053475328,2016-04-30 00:00:00,4,0.066667,0
8053475328,2016-04-30 01:00:00,12,0.2,1
8053475328,2016-04-30 02:00:00,1,0.016667,2
8053475328,2016-04-30 03:00:00,0,0.0,3
8053475328,2016-04-30 04:00:00,11,0.183333,4
8053475328,2016-04-30 05:00:00,0,0.0,5
8053475328,2016-04-30 06:00:00,0,0.0,6
8053475328,2016-04-30 07:00:00,0,0.0,7
8053475328,2016-04-30 08:00:00,0,0.0,8
8053475328,2016-04-30 09:00:00,0,0.0,9
8053475328,2016-04-30 10:00:00,0,0.0,10
8053475328,2016-04-30 11:00:00,0,0.0,11
8053475328,2016-04-30 12:00:00,11,0.183333,12
8053475328,2016-04-30 13:00:00,0,0.0,13
8053475328,2016-04-30 14:00:00,1,0.016667,14
8053475328,2016-04-30 15:00:00,91,1.516667,15
8053475328,2016-04-30 16:00:00,29,0.483333,16
8053475328,2016-04-30 17:00:00,30,0.5,17
8053475328,2016-04-30 18:00:00,2,0.033333,18
8053475328,2016-04-30 19:00:00,7,0.116667,19
8053475328,2016-04-30 20:00:00,2,0.033333,20
8053475328,2016-04-30 21:00:00,2,0.033333,21
8053475328,2016-04-30 22:00:00,9,0.15,22
8053475328,2016-04-30 23:00:00,2,0.033333,23
8053475328,2016-05-01 00:00:00,0,0.0,0
8053475328,2016-05-01 01:00:00,0,0.0,1
8053475328,2016-05-01 02:00:00,0,0.0,2
8053475328,2016-05-01 03:00:00,0,0.0,3
8053475328,2016-05-01 04:00:00,0,0.0,4
8053475328,2016-05-01 05:00:00,0,0.0,5
8053475328,2016-05-01 06:00:00,0,0.0,6
8053475328,2016-05-01 07:00:00,9,0.15,7
8053475328,2016-05-01 08:00:00,0,0.0,8
8053475328,2016-05-01 09:00:00,0,0.0,9
8053475328,2016-05-01 10:00:00,0,0.0,10
8053475328,2016-05-01 11:00:00,0,0.0,11
8053475328,2016-05-01 12:00:00,0,0.0,12
8053475328,2016-05-01 13:00:00,9,0.15,13
8053475328,2016-05-01 14:00:00,21,0.35,14
8053475328,2016-05-01 15:00:00,12,0.2,15
8053475328,2016-05-01 16:00:00,0,0.0,16
8053475328,2016-05-01 17:00:00,0,0.0,17
8053475328,2016-05-01 18:00:00,0,0.0,18
8053475328,2016-05-01 19:00:00,0,0.0,19
8053475328,2016-05-01 20:00:00,0,0.0,20
8053475328,2016-05-01 21:00:00,0,0.0,21
8053475328,2016-05-01 22:00:00,0,0.0,22
8053475328,2016-05-01 23:00:00,0,0.0,23
8053475328,2016-05-02 00:00:00,0,0.0,0
8053475328,2016-05-02 01:00:00,0,0.0,1
8053475328,2016-05-02 02:00:00,0,0.0,2
8053475328,2016-05-02 03:00:00,0,0.0,3
8053475328,2016-05-02 04:00:00,0,0.0,4
8053475328,2016-05-02 05:00:00,0,0.0,5
8053475328,2016-05-02 06:00:00,3,0.05,6
8053475328,2016-05-02 07:00:00,0,0.0,7
8053475328,2016-05-02 08:00:00,0,0.0,8
8053475328,2016-05-02 09:00:00,0,0.0,9
8053475328,2016-05-02 10:00:00,0,0.0,10
8053475328,2016-05-02 11:00:00,0,0.0,11
8053475328,2016-05-02 12:00:00,0,0.0,12
8053475328,2016-05-02 13:00:00,0,0.0,13
8053475328,2016-05-02 14:00:00,0,0.0,14
8053475328,2016-05-02 15:00:00,0,0.0,15
8053475328,2016-05-02 16:00:00,0,0.0,16
8053475328,2016-05-02 17:00:00,4,0.066667,17
8053475328,2016-05-02 18:00:00,34,0.566667,18
8053475328,2016-05-02 19:00:00,29,0.483333,19
8053475328,2016-05-02 20:00:00,6,0.1,20
8053475328,2016-05-02 21:00:00,3,0.05,21
8053475328,2016-05-02 22:00:00,9,0.15,22
8053475328,2016-05-02 23:00:00,7,0.116667,23
8053475328,2016-05-03 00:00:00,9,0.15,0
8053475328,2016-05-03 01:00:00,6,0.1,1
8053475328,2016-05-03 02:00:00,0,0.0,2
8053475328,2016-05-03 03:00:00,0,0.0,3
8053475328,2016-05-03 04:00:00,0,0.0,4
8053475328,2016-05-03 05:00:00,0,0.0,5
8053475328,2016-05-03 06:00:00,0,0.0,6
8053475328,2016-05-03 07:00:00,0,0.0,7
8053475328,2016-05-03 08:00:00,0,0.0,8
8053475328,2016-05-03 09:00:00,0,0.0,9
8053475328,2016-05-03 10:00:00,0,0.0,10
8053475328,2016-05-03 11:00:00,0,0.0,11
8053475328,2016-05-03 12:00:00,17,0.283333,12
8053475328,2016-05-03 13:00:00,9,0.15,13
8053475328,2016-05-03 14:00:00,105,1.75,14
8053475328,2016-05-03 15:00:00,15,0.25,15
8053475328,2016-05-03 16:00:00,19,0.316667,16
8053475328,2016-05-03 17:00:00,121,2.016667,17
8053475328,2016-05-03 18:00:00,22,0.366667,18
8053475328,2016-05-03 19:00:00,96,1.6,19
8053475328,2016-05-03 20:00:00,17,0.283333,20
8053475328,2016-05-03 21:00:00,24,0.4,21
8053475328,2016-05-03 22:00:00,10,0.166667,22
8053475328,2016-05-03 23:00:00,0,0.0,23
8053475328,2016-05-04 00:00:00,7,0.116667,0
8053475328,2016-05-04 01:00:00,0,0.0,1
8053475328,2016-05-04 02:00:00,9,0.15,2
8053475328,2016-05-04 03:00:00,0,0.0,3
8053475328,2016-05-04 04:00:00,0,0.0,4
8053475328,2016-05-04 05:00:00,0,0.0,5
8053475328,2016-05-04 06:00:00,0,0.0,6
8053475328,2016-05-04 07:00:00,0,0.0,7
8053475328,2016-05-04 08:00:00,0,0.0,8
8053475328,2016-05-04 09:00:00,0,0.0,9
8053475328,2016-05-04 10:00:00,0,0.0,10
8053475328,2016-05-04 11:00:00,0,0.0,11
8053475328,2016-05-04 12:00:00,20,0.333333,12
8053475328,2016-05-04 13:00:00,7,0.116667,13
8053475328,2016-05-04 14:00:00,99,1.65,14
8053475328,2016-05-04 15:00:00,8,0.133333,15
8053475328,2016-05-04 16:00:00,9,0.15,16
8053475328,2016-05-04 17:00:00,4,0.066667,17
8053475328,2016-05-04 18:00:00,8,0.133333,18
8053475328,2016-05-04 19:00:00,98,1.633333,19
8053475328,2016-05-04 20:00:00,1,0.016667,20
8053475328,2016-05-04 21:00:00,81,1.35,21
8053475328,2016-05-04 22:00:00,51,0.85,22
8053475328,2016-05-04 23:00:00,4,0.066667,23
8053475328,2016-05-05 00:00:00,2,0.033333,0
8053475328,2016-05-05 01:00:00,0,0.0,1
8053475328,2016-05-05 02:00:00,2,0.033333,2
8053475328,2016-05-05 03:00:00,0,0.0,3
8053475328,2016-05-05 04:00:00,0,0.0,4
8053475328,2016-05-05 05:00:00,0,0.0,5
8053475328,2016-05-05 06:00:00,0,0.0,6
8053475328,2016-05-05 07:00:00,0,0.0,7
8053475328,2016-05-05 08:00:00,0,0.0,8
8053475328,2016-05-05 09:00:00,0,0.0,9
8053475328,2016-05-05 10:00:00,0,0.0,10
8053475328,2016-05-05 11:00:00,7,0.116667,11
8053475328,2016-05-05 12:00:00,23,0.383333,12
8053475328,2016-05-05 13:00:00,6,0.1,13
8053475328,2016-05-05 14:00:00,93,1.55,14
8053475328,2016-05-05 15:00:00,5,0.083333,15
8053475328,2016-05-05 16:00:00,2,0.033333,16
8053475328,2016-05-05 17:00:00,14,0.233333,17
8053475328,2016-05-05 18:00:00,29,0.483333,18
8053475328,2016-05-05 19:00:00,123,2.05,19
8053475328,2016-05-05 20:00:00,2,0.033333,20
8053475328,2016-05-05 21:00:00,106,1.766667,21
8053475328,2016-05-05 22:00:00,13,0.216667,22
8053475328,2016-05-05 23:00:00,0,0.0,23
8053475328,2016-05-06 00:00:00,3,0.05,0
8053475328,2016-05-06 01:00:00,4,0.066667,1
8053475328,2016-05-06 02:00:00,2,0.033333,2
8053475328,2016-05-06 03:00:00,0,0.0,3
8053475328,2016-05-06 04:00:00,0,0.0,4
8053475328,2016-05-06 05:00:00,0,0.0,5
8053475328,2016-05-06 06:00:00,0,0.0,6
8053475328,2016-05-06 07:00:00,0,0.0,7
8053475328,2016-05-06 08:00:00,0,0.0,8
8053475328,2016-05-06 09:00:00,0,0.0,9
8053475328,2016-05-06 10:00:00,0,0.0,10
8053475328,2016-05-06 11:00:00,0,0.0,11
8053475328,2016-05-06 12:00:00,0,0.0,12
8053475328,2016-05-06 13:00:00,11,0.183333,13
8053475328,2016-05-06 14:00:00,101,1.683333,14
8053475328,2016-05-06 15:00:00,0,0.0,15
8053475328,2016-05-06 16:00:00,0,0.0,16
8053475328,2016-05-06 17:00:00,6,0.1,17
8053475328,2016-05-06 18:00:00,14,0.233333,18
8053475328,2016-05-06 19:00:00,97,1.616667,19
8053475328,2016-05-06 20:00:00,0,0.0,20
8053475328,2016-05-06 21:00:00,59,0.983333,21
8053475328,2016-05-06 22:00:00,90,1.5,22
8053475328,2016-05-06 23:00:00,3,0.05,23
8053475328,2016-05-07 00:00:00,5,0.083333,0
8053475328,2016-05-07 01:00:00,0,0.0,1
8053475328,2016-05-07 02:00:00,0,0.0,2
8053475328,2016-05-07 03:00:00,0,0.0,3
8053475328,2016-05-07 04:00:00,2,0.033333,4
8053475328,2016-05-07 05:00:00,0,0.0,5
8053475328,2016-05-07 06:00:00,0,0.0,6
8053475328,2016-05-07 07:00:00,0,0.0,7
8053475328,2016-05-07 08:00:00,0,0.0,8
8053475328,2016-05-07 09:00:00,0,0.0,9
8053475328,2016-05-07 10:00:00,0,0.0,10
8053475328,2016-05-07 11:00:00,0,0.0,11
8053475328,2016-05-07 12:00:00,0,0.0,12
8053475328,2016-05-07 13:00:00,9,0.15,13
8053475328,2016-05-07 14:00:00,83,1.383333,14
8053475328,2016-05-07 15:00:00,30,0.5,15
8053475328,2016-05-07 16:00:00,116,1.933333,16
8053475328,2016-05-07 17:00:00,63,1.05,17
8053475328,2016-05-07 18:00:00,35,0.583333,18
8053475328,2016-05-07 19:00:00,104,1.733333,19
8053475328,2016-05-07 20:00:00,0,0.0,20
8053475328,2016-05-07 21:00:00,33,0.55,21
8053475328,2016-05-07 22:00:00,64,1.066667,22
8053475328,2016-05-07 23:00:00,7,0.116667,23
8053475328,2016-05-08 00:00:00,11,0.183333,0
8053475328,2016-05-08 01:00:00,1,0.016667,1
8053475328,2016-05-08 02:00:00,3,0.05,2
8053475328,2016-05-08 03:00:00,2,0.033333,3
8053475328,2016-05-08 04:00:00,6,0.1,4
8053475328,2016-05-08 05:00:00,0,0.0,5
8053475328,2016-05-08 06:00:00,0,0.0,6
8053475328,2016-05-08 07:00:00,0,0.0,7
8053475328,2016-05-08 08:00:00,0,0.0,8
8053475328,2016-05-08 09:00:00,0,0.0,9
8053475328,2016-05-08 10:00:00,0,0.0,10
8053475328,2016-05-08 11:00:00,0,0.0,11
8053475328,2016-05-08 12:00:00,8,0.133333,12
8053475328,2016-05-08 13:00:00,1,0.016667,13
8053475328,2016-05-08 14:00:00,103,1.716667,14
8053475328,2016-05-08 15:00:00,25,0.416667,15
8053475328,2016-05-08 16:00:00,36,0.6,16
8053475328,2016-05-08 17:00:00,52,0.866667,17
8053475328,2016-05-08 18:00:00,42,0.7,18
8053475328,2016-05-08 19:00:00,114,1.9,19
8053475328,2016-05-08 20:00:00,9,0.15,20
8053475328,2016-05-08 21:00:00,177,2.95,21
8053475328,2016-05-08 22:00:00,36,0.6,22
8053475328,2016-05-08 23:00:00,5,0.083333,23
8053475328,2016-05-09 00:00:00,0,0.0,0
8053475328,2016-05-09 01:00:00,3,0.05,1
8053475328,2016-05-09 02:00:00,0,0.0,2
8053475328,2016-05-09 03:00:00,1,0.016667,3
8053475328,2016-05-09 04:00:00,0,0.0,4
8053475328,2016-05-09 05:00:00,0,0.0,5
8053475328,2016-05-09 06:00:00,0,0.0,6
8053475328,2016-05-09 07:00:00,0,0.0,7
8053475328,2016-05-09 08:00:00,0,0.0,8
8053475328,2016-05-09 09:00:00,0,0.0,9
8053475328,2016-05-09 10:00:00,0,0.0,10
8053475328,2016-05-09 11:00:00,0,0.0,11
8053475328,2016-05-09 12:00:00,21,0.35,12
8053475328,2016-05-09 13:00:00,47,0.783333,13
8053475328,2016-05-09 14:00:00,135,2.25,14
8053475328,2016-05-09 15:00:00,5,0.083333,15
8053475328,2016-05-09 16:00:00,4,0.066667,16
8053475328,2016-05-09 17:00:00,15,0.25,17
8053475328,2016-05-09 18:00:00,99,1.65,18
8053475328,2016-05-09 19:00:00,2,0.033333,19
8053475328,2016-05-09 20:00:00,1,0.016667,20
8053475328,2016-05-09 21:00:00,32,0.533333,21
8053475328,2016-05-09 22:00:00,1,0.016667,22
8053475328,2016-05-09 23:00:00,4,0.066667,23
8053475328,2016-05-10 00:00:00,2,0.033333,0
8053475328,2016-05-10 01:00:00,0,0.0,1
8053475328,2016-05-10 02:00:00,5,0.083333,2
8053475328,2016-05-10 03:00:00,0,0.0,3
8053475328,2016-05-10 04:00:00,0,0.0,4
8053475328,2016-05-10 05:00:00,0,0.0,5
8053475328,2016-05-10 06:00:00,0,0.0,6
8053475328,2016-05-10 07:00:00,0,0.0,7
8053475328,2016-05-10 08:00:00,0,0.0,8
8053475328,2016-05-10 09:00:00,0,0.0,9
8053475328,2016-05-10 10:00:00,0,0.0,10
8053475328,2016-05-10 11:00:00,4,0.066667,11
8053475328,2016-05-10 12:00:00,4,0.066667,12
8053475328,2016-05-10 13:00:00,81,1.35,13
8053475328,2016-05-10 14:00:00,20,0.333333,14
8053475328,2016-05-10 15:00:00,10,0.166667,15
8053475328,2016-05-10 16:00:00,10,0.166667,16
8053475328,2016-05-10 17:00:00,125,2.083333,17
8053475328,2016-05-10 18:00:00,58,0.966667,18
8053475328,2016-05-10 19:00:00,68,1.133333,19
8053475328,2016-05-10 20:00:00,1,0.016667,20
8053475328,2016-05-10 21:00:00,21,0.35,21
8053475328,2016-05-10 22:00:00,6,0.1,22
8053475328,2016-05-10 23:00:00,8,0.133333,23
8053475328,2016-05-11 00:00:00,3,0.05,0
8053475328,2016-05-11 01:00:00,1,0.016667,1
8053475328,2016-05-11 02:00:00,2,0.033333,2
8053475328,2016-05-11 03:00:00,1,0.016667,3
8053475328,2016-05-11 04:00:00,4,0.066667,4
8053475328,2016-05-11 05:00:00,0,0.0,5
8053475328,2016-05-11 06:00:00,0,0.0,6
8053475328,2016-05-11 07:00:00,0,0.0,7
8053475328,2016-05-11 08:00:00,0,0.0,8
8053475328,2016-05-11 09:00:00,0,0.0,9
8053475328,2016-05-11 10:00:00,0,0.0,10
8053475328,2016-05-11 11:00:00,3,0.05,11
8053475328,2016-05-11 12:00:00,29,0.483333,12
8053475328,2016-05-11 13:00:00,17,0.283333,13
8053475328,2016-05-11 14:00:00,70,1.166667,14
8053475328,2016-05-11 15:00:00,42,0.7,15
8053475328,2016-05-11 16:00:00,34,0.566667,16
8053475328,2016-05-11 17:00:00,26,0.433333,17
8053475328,2016-05-11 18:00:00,100,1.666667,18
8053475328,2016-05-11 19:00:00,1,0.016667,19
8053475328,2016-05-11 20:00:00,0,0.0,20
8053475328,2016-05-11 21:00:00,35,0.583333,21
8053475328,2016-05-11 22:00:00,3,0.05,22
8053475328,2016-05-11 23:00:00,7,0.116667,23
8053475328,2016-05-12 00:00:00,3,0.05,0
8053475328,2016-05-12 01:00:00,0,0.0,1
8053475328,2016-05-12 02:00:00,2,0.033333,2
8053475328,2016-05-12 03:00:00,0,0.0,3
8053475328,2016-05-12 04:00:00,0,0.0,4
8053475328,2016-05-12 05:00:00,0,0.0,5
8053475328,2016-05-12 06:00:00,0,0.0,6
8053475328,2016-05-12 07:00:00,0,0.0,7
8053475328,2016-05-12 08:00:00,0,0.0,8
8053475328,2016-05-12 09:00:00,0,0.0,9
8053475328,2016-05-12 10:00:00,0,0.0,10
8053475328,2016-05-12 11:00:00,0,0.0,11
8053475328,2016-05-12 12:00:00,23,0.383333,12
8053475328,2016-05-12 13:00:00,0,0.0,13
8053475328,2016-05-12 14:00:00,102,1.7,14
8253242879,2016-04-12 00:00:00,0,0.0,0
8253242879,2016-04-12 01:00:00,0,0.0,1
8253242879,2016-04-12 02:00:00,0,0.0,2
8253242879,2016-04-12 03:00:00,0,0.0,3
8253242879,2016-04-12 04:00:00,0,0.0,4
8253242879,2016-04-12 05:00:00,0,0.0,5
8253242879,2016-04-12 06:00:00,0,0.0,6
8253242879,2016-04-12 07:00:00,0,0.0,7
8253242879,2016-04-12 08:00:00,0,0.0,8
8253242879,2016-04-12 09:00:00,0,0.0,9
8253242879,2016-04-12 10:00:00,98,1.633333,10
8253242879,2016-04-12 11:00:00,39,0.65,11
8253242879,2016-04-12 12:00:00,24,0.4,12
8253242879,2016-04-12 13:00:00,7,0.116667,13
8253242879,2016-04-12 14:00:00,17,0.283333,14
8253242879,2016-04-12 15:00:00,6,0.1,15
8253242879,2016-04-12 16:00:00,26,0.433333,16
8253242879,2016-04-12 17:00:00,14,0.233333,17
8253242879,2016-04-12 18:00:00,8,0.133333,18
8253242879,2016-04-12 19:00:00,10,0.166667,19
8253242879,2016-04-12 20:00:00,3,0.05,20
8253242879,2016-04-12 21:00:00,5,0.083333,21
8253242879,2016-04-12 22:00:00,13,0.216667,22
8253242879,2016-04-12 23:00:00,8,0.133333,23
8253242879,2016-04-13 00:00:00,0,0.0,0
8253242879,2016-04-13 01:00:00,0,0.0,1
8253242879,2016-04-13 02:00:00,0,0.0,2
8253242879,2016-04-13 03:00:00,0,0.0,3
8253242879,2016-04-13 04:00:00,0,0.0,4
8253242879,2016-04-13 05:00:00,0,0.0,5
8253242879,2016-04-13 06:00:00,0,0.0,6
8253242879,2016-04-13 07:00:00,0,0.0,7
8253242879,2016-04-13 08:00:00,0,0.0,8
8253242879,2016-04-13 09:00:00,0,0.0,9
8253242879,2016-04-13 10:00:00,0,0.0,10
8253242879,2016-04-13 11:00:00,3,0.05,11
8253242879,2016-04-13 12:00:00,135,2.25,12
8253242879,2016-04-13 13:00:00,17,0.283333,13
8253242879,2016-04-13 14:00:00,11,0.183333,14
8253242879,2016-04-13 15:00:00,11,0.183333,15
8253242879,2016-04-13 16:00:00,3,0.05,16
8253242879,2016-04-13 17:00:00,9,0.15,17
8253242879,2016-04-13 18:00:00,1,0.016667,18
8253242879,2016-04-13 19:00:00,2,0.033333,19
8253242879,2016-04-13 20:00:00,6,0.1,20
8253242879,2016-04-13 21:00:00,6,0.1,21
8253242879,2016-04-13 22:00:00,10,0.166667,22
8253242879,2016-04-13 23:00:00,9,0.15,23
8253242879,2016-04-14 00:00:00,0,0.0,0
8253242879,2016-04-14 01:00:00,0,0.0,1
8253242879,2016-04-14 02:00:00,0,0.0,2
8253242879,2016-04-14 03:00:00,0,0.0,3
8253242879,2016-04-14 04:00:00,0,0.0,4
8253242879,2016-04-14 05:00:00,0,0.0,5
8253242879,2016-04-14 06:00:00,0,0.0,6
8253242879,2016-04-14 07:00:00,0,0.0,7
8253242879,2016-04-14 08:00:00,0,0.0,8
8253242879,2016-04-14 09:00:00,0,0.0,9
8253242879,2016-04-14 10:00:00,87,1.45,10
8253242879,2016-04-14 11:00:00,55,0.916667,11
8253242879,2016-04-14 12:00:00,8,0.133333,12
8253242879,2016-04-14 13:00:00,2,0.033333,13
8253242879,2016-04-14 14:00:00,0,0.0,14
8253242879,2016-04-14 15:00:00,0,0.0,15
8253242879,2016-04-14 16:00:00,0,0.0,16
8253242879,2016-04-14 17:00:00,0,0.0,17
8253242879,2016-04-14 18:00:00,0,0.0,18
8253242879,2016-04-14 19:00:00,0,0.0,19
8253242879,2016-04-14 20:00:00,0,0.0,20
8253242879,2016-04-14 21:00:00,0,0.0,21
8253242879,2016-04-14 22:00:00,0,0.0,22
8253242879,2016-04-14 23:00:00,0,0.0,23
8253242879,2016-04-15 00:00:00,0,0.0,0
8253242879,2016-04-15 01:00:00,0,0.0,1
8253242879,2016-04-15 02:00:00,0,0.0,2
8253242879,2016-04-15 03:00:00,0,0.0,3
8253242879,2016-04-15 04:00:00,0,0.0,4
8253242879,2016-04-15 05:00:00,0,0.0,5
8253242879,2016-04-15 06:00:00,0,0.0,6
8253242879,2016-04-15 07:00:00,0,0.0,7
8253242879,2016-04-15 08:00:00,0,0.0,8
8253242879,2016-04-15 09:00:00,0,0.0,9
8253242879,2016-04-15 10:00:00,0,0.0,10
8253242879,2016-04-15 11:00:00,0,0.0,11
8253242879,2016-04-15 12:00:00,7,0.116667,12
8253242879,2016-04-15 13:00:00,19,0.316667,13
8253242879,2016-04-15 14:00:00,5,0.083333,14
8253242879,2016-04-15 15:00:00,3,0.05,15
8253242879,2016-04-15 16:00:00,8,0.133333,16
8253242879,2016-04-15 17:00:00,22,0.366667,17
8253242879,2016-04-15 18:00:00,10,0.166667,18
8253242879,2016-04-15 19:00:00,2,0.033333,19
8253242879,2016-04-15 20:00:00,8,0.133333,20
8253242879,2016-04-15 21:00:00,4,0.066667,21
8253242879,2016-04-15 22:00:00,6,0.1,22
8253242879,2016-04-15 23:00:00,11,0.183333,23
8253242879,2016-04-16 00:00:00,1,0.016667,0
8253242879,2016-04-16 01:00:00,0,0.0,1
8253242879,2016-04-16 02:00:00,0,0.0,2
8253242879,2016-04-16 03:00:00,0,0.0,3
8253242879,2016-04-16 04:00:00,0,0.0,4
8253242879,2016-04-16 05:00:00,0,0.0,5
8253242879,2016-04-16 06:00:00,0,0.0,6
8253242879,2016-04-16 07:00:00,0,0.0,7
8253242879,2016-04-16 08:00:00,0,0.0,8
8253242879,2016-04-16 09:00:00,0,0.0,9
8253242879,2016-04-16 10:00:00,22,0.366667,10
8253242879,2016-04-16 11:00:00,5,0.083333,11
8253242879,2016-04-16 12:00:00,62,1.033333,12
8253242879,2016-04-16 13:00:00,74,1.233333,13
8253242879,2016-04-16 14:00:00,13,0.216667,14
8253242879,2016-04-16 15:00:00,6,0.1,15
8253242879,2016-04-16 16:00:00,5,0.083333,16
8253242879,2016-04-16 17:00:00,1,0.016667,17
8253242879,2016-04-16 18:00:00,1,0.016667,18
8253242879,2016-04-16 19:00:00,2,0.033333,19
8253242879,2016-04-16 20:00:00,5,0.083333,20
8253242879,2016-04-16 21:00:00,9,0.15,21
8253242879,2016-04-16 22:00:00,21,0.35,22
8253242879,2016-04-16 23:00:00,8,0.133333,23
8253242879,2016-04-17 00:00:00,0,0.0,0
8253242879,2016-04-17 01:00:00,0,0.0,1
8253242879,2016-04-17 02:00:00,0,0.0,2
8253242879,2016-04-17 03:00:00,0,0.0,3
8253242879,2016-04-17 04:00:00,0,0.0,4
8253242879,2016-04-17 05:00:00,0,0.0,5
8253242879,2016-04-17 06:00:00,0,0.0,6
8253242879,2016-04-17 07:00:00,0,0.0,7
8253242879,2016-04-17 08:00:00,0,0.0,8
8253242879,2016-04-17 09:00:00,9,0.15,9
8253242879,2016-04-17 10:00:00,137,2.283333,10
8253242879,2016-04-17 11:00:00,21,0.35,11
8253242879,2016-04-17 12:00:00,11,0.183333,12
8253242879,2016-04-17 13:00:00,0,0.0,13
8253242879,2016-04-17 14:00:00,26,0.433333,14
8253242879,2016-04-17 15:00:00,2,0.033333,15
8253242879,2016-04-17 16:00:00,17,0.283333,16
8253242879,2016-04-17 17:00:00,36,0.6,17
8253242879,2016-04-17 18:00:00,7,0.116667,18
8253242879,2016-04-17 19:00:00,7,0.116667,19
8253242879,2016-04-17 20:00:00,4,0.066667,20
8253242879,2016-04-17 21:00:00,8,0.133333,21
8253242879,2016-04-17 22:00:00,5,0.083333,22
8253242879,2016-04-17 23:00:00,0,0.0,23
8253242879,2016-04-18 00:00:00,0,0.0,0
8253242879,2016-04-18 01:00:00,0,0.0,1
8253242879,2016-04-18 02:00:00,0,0.0,2
8253242879,2016-04-18 03:00:00,0,0.0,3
8253242879,2016-04-18 04:00:00,0,0.0,4
8253242879,2016-04-18 05:00:00,0,0.0,5
8253242879,2016-04-18 06:00:00,0,0.0,6
8253242879,2016-04-18 07:00:00,0,0.0,7
8253242879,2016-04-18 08:00:00,0,0.0,8
8253242879,2016-04-18 09:00:00,26,0.433333,9
8253242879,2016-04-18 10:00:00,78,1.3,10
8253242879,2016-04-18 11:00:00,16,0.266667,11
8253242879,2016-04-18 12:00:00,10,0.166667,12
8253242879,2016-04-18 13:00:00,0,0.0,13
8253242879,2016-04-18 14:00:00,18,0.3,14
8253242879,2016-04-18 15:00:00,22,0.366667,15
8253242879,2016-04-18 16:00:00,17,0.283333,16
8253242879,2016-04-18 17:00:00,0,0.0,17
8253242879,2016-04-18 18:00:00,7,0.116667,18
8253242879,2016-04-18 19:00:00,6,0.1,19
8253242879,2016-04-18 20:00:00,3,0.05,20
8253242879,2016-04-18 21:00:00,1,0.016667,21
8253242879,2016-04-18 22:00:00,2,0.033333,22
8253242879,2016-04-18 23:00:00,4,0.066667,23
8253242879,2016-04-19 00:00:00,0,0.0,0
8253242879,2016-04-19 01:00:00,0,0.0,1
8253242879,2016-04-19 02:00:00,0,0.0,2
8253242879,2016-04-19 03:00:00,0,0.0,3
8253242879,2016-04-19 04:00:00,0,0.0,4
8253242879,2016-04-19 05:00:00,0,0.0,5
8253242879,2016-04-19 06:00:00,0,0.0,6
8253242879,2016-04-19 07:00:00,0,0.0,7
8253242879,2016-04-19 08:00:00,0,0.0,8
8253242879,2016-04-19 09:00:00,10,0.166667,9
8253242879,2016-04-19 10:00:00,14,0.233333,10
8253242879,2016-04-19 11:00:00,1,0.016667,11
8253242879,2016-04-19 12:00:00,9,0.15,12
8253242879,2016-04-19 13:00:00,17,0.283333,13
8253242879,2016-04-19 14:00:00,28,0.466667,14
8253242879,2016-04-19 15:00:00,6,0.1,15
8253242879,2016-04-19 16:00:00,17,0.283333,16
8253242879,2016-04-19 17:00:00,16,0.266667,17
8253242879,2016-04-19 18:00:00,5,0.083333,18
8253242879,2016-04-19 19:00:00,9,0.15,19
8253242879,2016-04-19 20:00:00,3,0.05,20
8253242879,2016-04-19 21:00:00,10,0.166667,21
8253242879,2016-04-19 22:00:00,6,0.1,22
8253242879,2016-04-19 23:00:00,13,0.216667,23
8253242879,2016-04-20 00:00:00,0,0.0,0
8253242879,2016-04-20 01:00:00,0,0.0,1
8253242879,2016-04-20 02:00:00,0,0.0,2
8253242879,2016-04-20 03:00:00,0,0.0,3
8253242879,2016-04-20 04:00:00,0,0.0,4
8253242879,2016-04-20 05:00:00,0,0.0,5
8253242879,2016-04-20 06:00:00,0,0.0,6
8253242879,2016-04-20 07:00:00,19,0.316667,7
8253242879,2016-04-20 08:00:00,23,0.383333,8
8253242879,2016-04-20 09:00:00,2,0.033333,9
8253242879,2016-04-20 10:00:00,23,0.383333,10
8253242879,2016-04-20 11:00:00,20,0.333333,11
8253242879,2016-04-20 12:00:00,34,0.566667,12
8253242879,2016-04-20 13:00:00,43,0.716667,13
8253242879,2016-04-20 14:00:00,13,0.216667,14
8253242879,2016-04-20 15:00:00,1,0.016667,15
8253242879,2016-04-20 16:00:00,9,0.15,16
8253242879,2016-04-20 17:00:00,21,0.35,17
8253242879,2016-04-20 18:00:00,18,0.3,18
8253242879,2016-04-20 19:00:00,14,0.233333,19
8253242879,2016-04-20 20:00:00,1,0.016667,20
8253242879,2016-04-20 21:00:00,4,0.066667,21
8253242879,2016-04-20 22:00:00,18,0.3,22
8253242879,2016-04-20 23:00:00,4,0.066667,23
8253242879,2016-04-21 00:00:00,0,0.0,0
8253242879,2016-04-21 01:00:00,0,0.0,1
8253242879,2016-04-21 02:00:00,0,0.0,2
8253242879,2016-04-21 03:00:00,0,0.0,3
8253242879,2016-04-21 04:00:00,0,0.0,4
8253242879,2016-04-21 05:00:00,0,0.0,5
8253242879,2016-04-21 06:00:00,0,0.0,6
8253242879,2016-04-21 07:00:00,0,0.0,7
8253242879,2016-04-21 08:00:00,26,0.433333,8
8253242879,2016-04-21 09:00:00,3,0.05,9
8253242879,2016-04-21 10:00:00,0,0.0,10
8253242879,2016-04-21 11:00:00,145,2.416667,11
8253242879,2016-04-21 12:00:00,31,0.516667,12
8253242879,2016-04-21 13:00:00,2,0.033333,13
8253242879,2016-04-21 14:00:00,32,0.533333,14
8253242879,2016-04-21 15:00:00,13,0.216667,15
8253242879,2016-04-21 16:00:00,21,0.35,16
8253242879,2016-04-21 17:00:00,13,0.216667,17
8253242879,2016-04-21 18:00:00,8,0.133333,18
8253242879,2016-04-21 19:00:00,7,0.116667,19
8253242879,2016-04-21 20:00:00,16,0.266667,20
8253242879,2016-04-21 21:00:00,12,0.2,21
8253242879,2016-04-21 22:00:00,24,0.4,22
8253242879,2016-04-21 23:00:00,6,0.1,23
8253242879,2016-04-22 00:00:00,0,0.0,0
8253242879,2016-04-22 01:00:00,0,0.0,1
8253242879,2016-04-22 02:00:00,0,0.0,2
8253242879,2016-04-22 03:00:00,0,0.0,3
8253242879,2016-04-22 04:00:00,0,0.0,4
8253242879,2016-04-22 05:00:00,0,0.0,5
8253242879,2016-04-22 06:00:00,0,0.0,6
8253242879,2016-04-22 07:00:00,0,0.0,7
8253242879,2016-04-22 08:00:00,0,0.0,8
8253242879,2016-04-22 09:00:00,0,0.0,9
8253242879,2016-04-22 10:00:00,0,0.0,10
8253242879,2016-04-22 11:00:00,0,0.0,11
8253242879,2016-04-22 12:00:00,0,0.0,12
8253242879,2016-04-22 13:00:00,18,0.3,13
8253242879,2016-04-22 14:00:00,17,0.283333,14
8253242879,2016-04-22 15:00:00,6,0.1,15
8253242879,2016-04-22 16:00:00,6,0.1,16
8253242879,2016-04-22 17:00:00,27,0.45,17
8253242879,2016-04-22 18:00:00,7,0.116667,18
8253242879,2016-04-22 19:00:00,6,0.1,19
8253242879,2016-04-22 20:00:00,8,0.133333,20
8253242879,2016-04-22 21:00:00,8,0.133333,21
8253242879,2016-04-22 22:00:00,9,0.15,22
8253242879,2016-04-22 23:00:00,8,0.133333,23
8253242879,2016-04-23 00:00:00,0,0.0,0
8253242879,2016-04-23 01:00:00,0,0.0,1
8253242879,2016-04-23 02:00:00,0,0.0,2
8253242879,2016-04-23 03:00:00,0,0.0,3
8253242879,2016-04-23 04:00:00,0,0.0,4
8253242879,2016-04-23 05:00:00,0,0.0,5
8253242879,2016-04-23 06:00:00,0,0.0,6
8253242879,2016-04-23 07:00:00,0,0.0,7
8253242879,2016-04-23 08:00:00,0,0.0,8
8253242879,2016-04-23 09:00:00,10,0.166667,9
8253242879,2016-04-23 10:00:00,7,0.116667,10
8253242879,2016-04-23 11:00:00,118,1.966667,11
8253242879,2016-04-23 12:00:00,46,0.766667,12
8253242879,2016-04-23 13:00:00,11,0.183333,13
8253242879,2016-04-23 14:00:00,15,0.25,14
8253242879,2016-04-23 15:00:00,11,0.183333,15
8253242879,2016-04-23 16:00:00,29,0.483333,16
8253242879,2016-04-23 17:00:00,20,0.333333,17
8253242879,2016-04-23 18:00:00,19,0.316667,18
8253242879,2016-04-23 19:00:00,15,0.25,19
8253242879,2016-04-23 20:00:00,6,0.1,20
8253242879,2016-04-23 21:00:00,0,0.0,21
8253242879,2016-04-23 22:00:00,17,0.283333,22
8253242879,2016-04-23 23:00:00,9,0.15,23
8253242879,2016-04-24 00:00:00,0,0.0,0
8253242879,2016-04-24 01:00:00,0,0.0,1
8253242879,2016-04-24 02:00:00,0,0.0,2
8253242879,2016-04-24 03:00:00,0,0.0,3
8253242879,2016-04-24 04:00:00,0,0.0,4
8253242879,2016-04-24 05:00:00,0,0.0,5
8253242879,2016-04-24 06:00:00,0,0.0,6
8253242879,2016-04-24 07:00:00,0,0.0,7
8253242879,2016-04-24 08:00:00,0,0.0,8
8253242879,2016-04-24 09:00:00,8,0.133333,9
8253242879,2016-04-24 10:00:00,6,0.1,10
8253242879,2016-04-24 11:00:00,105,1.75,11
8253242879,2016-04-24 12:00:00,32,0.533333,12
8253242879,2016-04-24 13:00:00,17,0.283333,13
8253242879,2016-04-24 14:00:00,4,0.066667,14
8253242879,2016-04-24 15:00:00,4,0.066667,15
8253242879,2016-04-24 16:00:00,0,0.0,16
8253242879,2016-04-24 17:00:00,5,0.083333,17
8253242879,2016-04-24 18:00:00,13,0.216667,18
8253242879,2016-04-24 19:00:00,8,0.133333,19
8253242879,2016-04-24 20:00:00,1,0.016667,20
8253242879,2016-04-24 21:00:00,3,0.05,21
8253242879,2016-04-24 22:00:00,1,0.016667,22
8253242879,2016-04-24 23:00:00,6,0.1,23
8253242879,2016-04-25 00:00:00,1,0.016667,0
8253242879,2016-04-25 01:00:00,0,0.0,1
8253242879,2016-04-25 02:00:00,0,0.0,2
8253242879,2016-04-25 03:00:00,0,0.0,3
8253242879,2016-04-25 04:00:00,1,0.016667,4
8253242879,2016-04-25 05:00:00,0,0.0,5
8253242879,2016-04-25 06:00:00,0,0.0,6
8253242879,2016-04-25 07:00:00,1,0.016667,7
8253242879,2016-04-25 08:00:00,24,0.4,8
8253242879,2016-04-25 09:00:00,16,0.266667,9
8253242879,2016-04-25 10:00:00,0,0.0,10
8253242879,2016-04-25 11:00:00,2,0.033333,11
8253242879,2016-04-25 12:00:00,5,0.083333,12
8253242879,2016-04-25 13:00:00,21,0.35,13
8253242879,2016-04-25 14:00:00,34,0.566667,14
8253242879,2016-04-25 15:00:00,76,1.266667,15
8253242879,2016-04-25 16:00:00,64,1.066667,16
8253242879,2016-04-25 17:00:00,2,0.033333,17
8253242879,2016-04-25 18:00:00,0,0.0,18
8253242879,2016-04-25 19:00:00,0,0.0,19
8253242879,2016-04-25 20:00:00,0,0.0,20
8253242879,2016-04-25 21:00:00,0,0.0,21
8253242879,2016-04-25 22:00:00,0,0.0,22
8253242879,2016-04-25 23:00:00,0,0.0,23
8253242879,2016-04-26 00:00:00,0,0.0,0
8253242879,2016-04-26 01:00:00,0,0.0,1
8253242879,2016-04-26 02:00:00,0,0.0,2
8253242879,2016-04-26 03:00:00,0,0.0,3
8253242879,2016-04-26 04:00:00,0,0.0,4
8253242879,2016-04-26 05:00:00,0,0.0,5
8253242879,2016-04-26 06:00:00,0,0.0,6
8253242879,2016-04-26 07:00:00,0,0.0,7
8253242879,2016-04-26 08:00:00,1,0.016667,8
8253242879,2016-04-26 09:00:00,0,0.0,9
8253242879,2016-04-26 10:00:00,0,0.0,10
8253242879,2016-04-26 11:00:00,2,0.033333,11
8253242879,2016-04-26 12:00:00,103,1.716667,12
8253242879,2016-04-26 13:00:00,19,0.316667,13
8253242879,2016-04-26 14:00:00,9,0.15,14
8253242879,2016-04-26 15:00:00,2,0.033333,15
8253242879,2016-04-26 16:00:00,7,0.116667,16
8253242879,2016-04-26 17:00:00,9,0.15,17
8253242879,2016-04-26 18:00:00,3,0.05,18
8253242879,2016-04-26 19:00:00,5,0.083333,19
8253242879,2016-04-26 20:00:00,4,0.066667,20
8253242879,2016-04-26 21:00:00,6,0.1,21
8253242879,2016-04-26 22:00:00,11,0.183333,22
8253242879,2016-04-26 23:00:00,12,0.2,23
8253242879,2016-04-27 00:00:00,0,0.0,0
8253242879,2016-04-27 01:00:00,0,0.0,1
8253242879,2016-04-27 02:00:00,0,0.0,2
8253242879,2016-04-27 03:00:00,0,0.0,3
8253242879,2016-04-27 04:00:00,0,0.0,4
8253242879,2016-04-27 05:00:00,0,0.0,5
8253242879,2016-04-27 06:00:00,0,0.0,6
8253242879,2016-04-27 07:00:00,0,0.0,7
8253242879,2016-04-27 08:00:00,0,0.0,8
8253242879,2016-04-27 09:00:00,0,0.0,9
8253242879,2016-04-27 10:00:00,1,0.016667,10
8253242879,2016-04-27 11:00:00,149,2.483333,11
8253242879,2016-04-27 12:00:00,12,0.2,12
8253242879,2016-04-27 13:00:00,16,0.266667,13
8253242879,2016-04-27 14:00:00,23,0.383333,14
8253242879,2016-04-27 15:00:00,1,0.016667,15
8253242879,2016-04-27 16:00:00,5,0.083333,16
8253242879,2016-04-27 17:00:00,6,0.1,17
8253242879,2016-04-27 18:00:00,4,0.066667,18
8253242879,2016-04-27 19:00:00,2,0.033333,19
8253242879,2016-04-27 20:00:00,3,0.05,20
8253242879,2016-04-27 21:00:00,4,0.066667,21
8253242879,2016-04-27 22:00:00,10,0.166667,22
8253242879,2016-04-27 23:00:00,13,0.216667,23
8253242879,2016-04-28 00:00:00,0,0.0,0
8253242879,2016-04-28 01:00:00,0,0.0,1
8253242879,2016-04-28 02:00:00,0,0.0,2
8253242879,2016-04-28 03:00:00,0,0.0,3
8253242879,2016-04-28 04:00:00,0,0.0,4
8253242879,2016-04-28 05:00:00,0,0.0,5
8253242879,2016-04-28 06:00:00,0,0.0,6
8253242879,2016-04-28 07:00:00,0,0.0,7
8253242879,2016-04-28 08:00:00,0,0.0,8
8253242879,2016-04-28 09:00:00,0,0.0,9
8253242879,2016-04-28 10:00:00,0,0.0,10
8253242879,2016-04-28 11:00:00,0,0.0,11
8253242879,2016-04-28 12:00:00,78,1.3,12
8253242879,2016-04-28 13:00:00,7,0.116667,13
8253242879,2016-04-28 14:00:00,0,0.0,14
8253242879,2016-04-28 15:00:00,0,0.0,15
8253242879,2016-04-28 16:00:00,0,0.0,16
8253242879,2016-04-28 17:00:00,0,0.0,17
8253242879,2016-04-28 18:00:00,0,0.0,18
8253242879,2016-04-28 19:00:00,0,0.0,19
8253242879,2016-04-28 20:00:00,0,0.0,20
8253242879,2016-04-28 21:00:00,0,0.0,21
8253242879,2016-04-28 22:00:00,0,0.0,22
8253242879,2016-04-28 23:00:00,0,0.0,23
8253242879,2016-04-29 00:00:00,0,0.0,0
8253242879,2016-04-29 01:00:00,0,0.0,1
8253242879,2016-04-29 02:00:00,0,0.0,2
8253242879,2016-04-29 03:00:00,0,0.0,3
8253242879,2016-04-29 04:00:00,0,0.0,4
8253242879,2016-04-29 05:00:00,0,0.0,5
8253242879,2016-04-29 06:00:00,0,0.0,6
8253242879,2016-04-29 07:00:00,0,0.0,7
8253242879,2016-04-29 08:00:00,0,0.0,8
8253242879,2016-04-29 09:00:00,1,0.016667,9
8253242879,2016-04-29 10:00:00,0,0.0,10
8253242879,2016-04-29 11:00:00,0,0.0,11
8253242879,2016-04-29 12:00:00,89,1.483333,12
8253242879,2016-04-29 13:00:00,13,0.216667,13
8253242879,2016-04-29 14:00:00,9,0.15,14
8253242879,2016-04-29 15:00:00,12,0.2,15
8253242879,2016-04-29 16:00:00,14,0.233333,16
8253242879,2016-04-29 17:00:00,8,0.133333,17
8253242879,2016-04-29 18:00:00,3,0.05,18
8253242879,2016-04-29 19:00:00,7,0.116667,19
8253242879,2016-04-29 20:00:00,20,0.333333,20
8253242879,2016-04-29 21:00:00,15,0.25,21
8253242879,2016-04-29 22:00:00,11,0.183333,22
8378563200,2016-04-12 00:00:00,0,0.0,0
8378563200,2016-04-12 01:00:00,3,0.05,1
8378563200,2016-04-12 02:00:00,0,0.0,2
8378563200,2016-04-12 03:00:00,0,0.0,3
8378563200,2016-04-12 04:00:00,9,0.15,4
8378563200,2016-04-12 05:00:00,165,2.75,5
8378563200,2016-04-12 06:00:00,10,0.166667,6
8378563200,2016-04-12 07:00:00,28,0.466667,7
8378563200,2016-04-12 08:00:00,48,0.8,8
8378563200,2016-04-12 09:00:00,7,0.116667,9
8378563200,2016-04-12 10:00:00,7,0.116667,10
8378563200,2016-04-12 11:00:00,14,0.233333,11
8378563200,2016-04-12 12:00:00,4,0.066667,12
8378563200,2016-04-12 13:00:00,17,0.283333,13
8378563200,2016-04-12 14:00:00,12,0.2,14
8378563200,2016-04-12 15:00:00,6,0.1,15
8378563200,2016-04-12 16:00:00,13,0.216667,16
8378563200,2016-04-12 17:00:00,9,0.15,17
8378563200,2016-04-12 18:00:00,6,0.1,18
8378563200,2016-04-12 19:00:00,18,0.3,19
8378563200,2016-04-12 20:00:00,2,0.033333,20
8378563200,2016-04-12 21:00:00,1,0.016667,21
8378563200,2016-04-12 22:00:00,0,0.0,22
8378563200,2016-04-12 23:00:00,2,0.033333,23
8378563200,2016-04-13 00:00:00,0,0.0,0
8378563200,2016-04-13 01:00:00,0,0.0,1
8378563200,2016-04-13 02:00:00,4,0.066667,2
8378563200,2016-04-13 03:00:00,0,0.0,3
8378563200,2016-04-13 04:00:00,10,0.166667,4
8378563200,2016-04-13 05:00:00,165,2.75,5
8378563200,2016-04-13 06:00:00,6,0.1,6
8378563200,2016-04-13 07:00:00,14,0.233333,7
8378563200,2016-04-13 08:00:00,110,1.833333,8
8378563200,2016-04-13 09:00:00,8,0.133333,9
8378563200,2016-04-13 10:00:00,13,0.216667,10
8378563200,2016-04-13 11:00:00,33,0.55,11
8378563200,2016-04-13 12:00:00,84,1.4,12
8378563200,2016-04-13 13:00:00,15,0.25,13
8378563200,2016-04-13 14:00:00,11,0.183333,14
8378563200,2016-04-13 15:00:00,15,0.25,15
8378563200,2016-04-13 16:00:00,14,0.233333,16
8378563200,2016-04-13 17:00:00,6,0.1,17
8378563200,2016-04-13 18:00:00,14,0.233333,18
8378563200,2016-04-13 19:00:00,12,0.2,19
8378563200,2016-04-13 20:00:00,9,0.15,20
8378563200,2016-04-13 21:00:00,0,0.0,21
8378563200,2016-04-13 22:00:00,2,0.033333,22
8378563200,2016-04-13 23:00:00,0,0.0,23
8378563200,2016-04-14 00:00:00,3,0.05,0
8378563200,2016-04-14 01:00:00,1,0.016667,1
8378563200,2016-04-14 02:00:00,0,0.0,2
8378563200,2016-04-14 03:00:00,1,0.016667,3
8378563200,2016-04-14 04:00:00,11,0.183333,4
8378563200,2016-04-14 05:00:00,150,2.5,5
8378563200,2016-04-14 06:00:00,20,0.333333,6
8378563200,2016-04-14 07:00:00,17,0.283333,7
8378563200,2016-04-14 08:00:00,68,1.133333,8
8378563200,2016-04-14 09:00:00,55,0.916667,9
8378563200,2016-04-14 10:00:00,23,0.383333,10
8378563200,2016-04-14 11:00:00,13,0.216667,11
8378563200,2016-04-14 12:00:00,144,2.4,12
8378563200,2016-04-14 13:00:00,12,0.2,13
8378563200,2016-04-14 14:00:00,13,0.216667,14
8378563200,2016-04-14 15:00:00,15,0.25,15
8378563200,2016-04-14 16:00:00,4,0.066667,16
8378563200,2016-04-14 17:00:00,8,0.133333,17
8378563200,2016-04-14 18:00:00,5,0.083333,18
8378563200,2016-04-14 19:00:00,10,0.166667,19
8378563200,2016-04-14 20:00:00,9,0.15,20
8378563200,2016-04-14 21:00:00,3,0.05,21
8378563200,2016-04-14 22:00:00,0,0.0,22
8378563200,2016-04-14 23:00:00,0,0.0,23
8378563200,2016-04-15 00:00:00,1,0.016667,0
8378563200,2016-04-15 01:00:00,0,0.0,1
8378563200,2016-04-15 02:00:00,0,0.0,2
8378563200,2016-04-15 03:00:00,1,0.016667,3
8378563200,2016-04-15 04:00:00,3,0.05,4
8378563200,2016-04-15 05:00:00,0,0.0,5
8378563200,2016-04-15 06:00:00,10,0.166667,6
8378563200,2016-04-15 07:00:00,21,0.35,7
8378563200,2016-04-15 08:00:00,103,1.716667,8
8378563200,2016-04-15 09:00:00,53,0.883333,9
8378563200,2016-04-15 10:00:00,21,0.35,10
8378563200,2016-04-15 11:00:00,65,1.083333,11
8378563200,2016-04-15 12:00:00,14,0.233333,12
8378563200,2016-04-15 13:00:00,8,0.133333,13
8378563200,2016-04-15 14:00:00,13,0.216667,14
8378563200,2016-04-15 15:00:00,19,0.316667,15
8378563200,2016-04-15 16:00:00,6,0.1,16
8378563200,2016-04-15 17:00:00,14,0.233333,17
8378563200,2016-04-15 18:00:00,36,0.6,18
8378563200,2016-04-15 19:00:00,3,0.05,19
8378563200,2016-04-15 20:00:00,1,0.016667,20
8378563200,2016-04-15 21:00:00,3,0.05,21
8378563200,2016-04-15 22:00:00,21,0.35,22
8378563200,2016-04-15 23:00:00,0,0.0,23
8378563200,2016-04-16 00:00:00,0,0.0,0
8378563200,2016-04-16 01:00:00,1,0.016667,1
8378563200,2016-04-16 02:00:00,1,0.016667,2
8378563200,2016-04-16 03:00:00,3,0.05,3
8378563200,2016-04-16 04:00:00,1,0.016667,4
8378563200,2016-04-16 05:00:00,0,0.0,5
8378563200,2016-04-16 06:00:00,0,0.0,6
8378563200,2016-04-16 07:00:00,4,0.066667,7
8378563200,2016-04-16 08:00:00,10,0.166667,8
8378563200,2016-04-16 09:00:00,6,0.1,9
8378563200,2016-04-16 10:00:00,14,0.233333,10
8378563200,2016-04-16 11:00:00,8,0.133333,11
8378563200,2016-04-16 12:00:00,7,0.116667,12
8378563200,2016-04-16 13:00:00,21,0.35,13
8378563200,2016-04-16 14:00:00,100,1.666667,14
8378563200,2016-04-16 15:00:00,149,2.483333,15
8378563200,2016-04-16 16:00:00,8,0.133333,16
8378563200,2016-04-16 17:00:00,3,0.05,17
8378563200,2016-04-16 18:00:00,11,0.183333,18
8378563200,2016-04-16 19:00:00,12,0.2,19
8378563200,2016-04-16 20:00:00,11,0.183333,20
8378563200,2016-04-16 21:00:00,1,0.016667,21
8378563200,2016-04-16 22:00:00,2,0.033333,22
8378563200,2016-04-16 23:00:00,3,0.05,23
8378563200,2016-04-17 00:00:00,0,0.0,0
8378563200,2016-04-17 01:00:00,0,0.0,1
8378563200,2016-04-17 02:00:00,0,0.0,2
8378563200,2016-04-17 03:00:00,0,0.0,3
8378563200,2016-04-17 04:00:00,0,0.0,4
8378563200,2016-04-17 05:00:00,0,0.0,5
8378563200,2016-04-17 06:00:00,5,0.083333,6
8378563200,2016-04-17 07:00:00,8,0.133333,7
8378563200,2016-04-17 08:00:00,11,0.183333,8
8378563200,2016-04-17 09:00:00,3,0.05,9
8378563200,2016-04-17 10:00:00,5,0.083333,10
8378563200,2016-04-17 11:00:00,8,0.133333,11
8378563200,2016-04-17 12:00:00,5,0.083333,12
8378563200,2016-04-17 13:00:00,6,0.1,13
8378563200,2016-04-17 14:00:00,0,0.0,14
8378563200,2016-04-17 15:00:00,3,0.05,15
8378563200,2016-04-17 16:00:00,3,0.05,16
8378563200,2016-04-17 17:00:00,5,0.083333,17
8378563200,2016-04-17 18:00:00,16,0.266667,18
8378563200,2016-04-17 19:00:00,3,0.05,19
8378563200,2016-04-17 20:00:00,7,0.116667,20
8378563200,2016-04-17 21:00:00,2,0.033333,21
8378563200,2016-04-17 22:00:00,0,0.0,22
8378563200,2016-04-17 23:00:00,3,0.05,23
8378563200,2016-04-18 00:00:00,0,0.0,0
8378563200,2016-04-18 01:00:00,0,0.0,1
8378563200,2016-04-18 02:00:00,1,0.016667,2
8378563200,2016-04-18 03:00:00,0,0.0,3
8378563200,2016-04-18 04:00:00,10,0.166667,4
8378563200,2016-04-18 05:00:00,165,2.75,5
8378563200,2016-04-18 06:00:00,6,0.1,6
8378563200,2016-04-18 07:00:00,14,0.233333,7
8378563200,2016-04-18 08:00:00,103,1.716667,8
8378563200,2016-04-18 09:00:00,11,0.183333,9
8378563200,2016-04-18 10:00:00,7,0.116667,10
8378563200,2016-04-18 11:00:00,10,0.166667,11
8378563200,2016-04-18 12:00:00,110,1.833333,12
8378563200,2016-04-18 13:00:00,6,0.1,13
8378563200,2016-04-18 14:00:00,11,0.183333,14
8378563200,2016-04-18 15:00:00,19,0.316667,15
8378563200,2016-04-18 16:00:00,8,0.133333,16
8378563200,2016-04-18 17:00:00,10,0.166667,17
8378563200,2016-04-18 18:00:00,21,0.35,18
8378563200,2016-04-18 19:00:00,12,0.2,19
8378563200,2016-04-18 20:00:00,16,0.266667,20
8378563200,2016-04-18 21:00:00,1,0.016667,21
8378563200,2016-04-18 22:00:00,3,0.05,22
8378563200,2016-04-18 23:00:00,1,0.016667,23
8378563200,2016-04-19 00:00:00,0,0.0,0
8378563200,2016-04-19 01:00:00,0,0.0,1
8378563200,2016-04-19 02:00:00,3,0.05,2
8378563200,2016-04-19 03:00:00,0,0.0,3
8378563200,2016-04-19 04:00:00,8,0.133333,4
8378563200,2016-04-19 05:00:00,165,2.75,5
8378563200,2016-04-19 06:00:00,6,0.1,6
8378563200,2016-04-19 07:00:00,14,0.233333,7
8378563200,2016-04-19 08:00:00,108,1.8,8
8378563200,2016-04-19 09:00:00,6,0.1,9
8378563200,2016-04-19 10:00:00,9,0.15,10
8378563200,2016-04-19 11:00:00,12,0.2,11
8378563200,2016-04-19 12:00:00,116,1.933333,12
8378563200,2016-04-19 13:00:00,9,0.15,13
8378563200,2016-04-19 14:00:00,8,0.133333,14
8378563200,2016-04-19 15:00:00,4,0.066667,15
8378563200,2016-04-19 16:00:00,18,0.3,16
8378563200,2016-04-19 17:00:00,11,0.183333,17
8378563200,2016-04-19 18:00:00,11,0.183333,18
8378563200,2016-04-19 19:00:00,8,0.133333,19
8378563200,2016-04-19 20:00:00,27,0.45,20
8378563200,2016-04-19 21:00:00,8,0.133333,21
8378563200,2016-04-19 22:00:00,1,0.016667,22
8378563200,2016-04-19 23:00:00,0,0.0,23
8378563200,2016-04-20 00:00:00,1,0.016667,0
8378563200,2016-04-20 01:00:00,1,0.016667,1
8378563200,2016-04-20 02:00:00,0,0.0,2
8378563200,2016-04-20 03:00:00,0,0.0,3
8378563200,2016-04-20 04:00:00,7,0.116667,4
8378563200,2016-04-20 05:00:00,165,2.75,5
8378563200,2016-04-20 06:00:00,11,0.183333,6
8378563200,2016-04-20 07:00:00,18,0.3,7
8378563200,2016-04-20 08:00:00,34,0.566667,8
8378563200,2016-04-20 09:00:00,6,0.1,9
8378563200,2016-04-20 10:00:00,17,0.283333,10
8378563200,2016-04-20 11:00:00,34,0.566667,11
8378563200,2016-04-20 12:00:00,48,0.8,12
8378563200,2016-04-20 13:00:00,7,0.116667,13
8378563200,2016-04-20 14:00:00,9,0.15,14
8378563200,2016-04-20 15:00:00,19,0.316667,15
8378563200,2016-04-20 16:00:00,13,0.216667,16
8378563200,2016-04-20 17:00:00,8,0.133333,17
8378563200,2016-04-20 18:00:00,11,0.183333,18
8378563200,2016-04-20 19:00:00,5,0.083333,19
8378563200,2016-04-20 20:00:00,15,0.25,20
8378563200,2016-04-20 21:00:00,2,0.033333,21
8378563200,2016-04-20 22:00:00,0,0.0,22
8378563200,2016-04-20 23:00:00,0,0.0,23
8378563200,2016-04-21 00:00:00,0,0.0,0
8378563200,2016-04-21 01:00:00,3,0.05,1
8378563200,2016-04-21 02:00:00,0,0.0,2
8378563200,2016-04-21 03:00:00,0,0.0,3
8378563200,2016-04-21 04:00:00,9,0.15,4
8378563200,2016-04-21 05:00:00,165,2.75,5
8378563200,2016-04-21 06:00:00,7,0.116667,6
8378563200,2016-04-21 07:00:00,14,0.233333,7
8378563200,2016-04-21 08:00:00,67,1.116667,8
8378563200,2016-04-21 09:00:00,65,1.083333,9
8378563200,2016-04-21 10:00:00,15,0.25,10
8378563200,2016-04-21 11:00:00,36,0.6,11
8378563200,2016-04-21 12:00:00,127,2.116667,12
8378563200,2016-04-21 13:00:00,13,0.216667,13
8378563200,2016-04-21 14:00:00,10,0.166667,14
8378563200,2016-04-21 15:00:00,18,0.3,15
8378563200,2016-04-21 16:00:00,9,0.15,16
8378563200,2016-04-21 17:00:00,9,0.15,17
8378563200,2016-04-21 18:00:00,6,0.1,18
8378563200,2016-04-21 19:00:00,13,0.216667,19
8378563200,2016-04-21 20:00:00,2,0.033333,20
8378563200,2016-04-21 21:00:00,0,0.0,21
8378563200,2016-04-21 22:00:00,0,0.0,22
8378563200,2016-04-21 23:00:00,0,0.0,23
8378563200,2016-04-22 00:00:00,4,0.066667,0
8378563200,2016-04-22 01:00:00,0,0.0,1
8378563200,2016-04-22 02:00:00,0,0.0,2
8378563200,2016-04-22 03:00:00,0,0.0,3
8378563200,2016-04-22 04:00:00,11,0.183333,4
8378563200,2016-04-22 05:00:00,165,2.75,5
8378563200,2016-04-22 06:00:00,6,0.1,6
8378563200,2016-04-22 07:00:00,20,0.333333,7
8378563200,2016-04-22 08:00:00,121,2.016667,8
8378563200,2016-04-22 09:00:00,50,0.833333,9
8378563200,2016-04-22 10:00:00,15,0.25,10
8378563200,2016-04-22 11:00:00,19,0.316667,11
8378563200,2016-04-22 12:00:00,38,0.633333,12
8378563200,2016-04-22 13:00:00,7,0.116667,13
8378563200,2016-04-22 14:00:00,6,0.1,14
8378563200,2016-04-22 15:00:00,6,0.1,15
8378563200,2016-04-22 16:00:00,15,0.25,16
8378563200,2016-04-22 17:00:00,8,0.133333,17
8378563200,2016-04-22 18:00:00,4,0.066667,18
8378563200,2016-04-22 19:00:00,6,0.1,19
8378563200,2016-04-22 20:00:00,11,0.183333,20
8378563200,2016-04-22 21:00:00,9,0.15,21
8378563200,2016-04-22 22:00:00,1,0.016667,22
8378563200,2016-04-22 23:00:00,0,0.0,23
8378563200,2016-04-23 00:00:00,0,0.0,0
8378563200,2016-04-23 01:00:00,0,0.0,1
8378563200,2016-04-23 02:00:00,2,0.033333,2
8378563200,2016-04-23 03:00:00,0,0.0,3
8378563200,2016-04-23 04:00:00,0,0.0,4
8378563200,2016-04-23 05:00:00,2,0.033333,5
8378563200,2016-04-23 06:00:00,1,0.016667,6
8378563200,2016-04-23 07:00:00,2,0.033333,7
8378563200,2016-04-23 08:00:00,17,0.283333,8
8378563200,2016-04-23 09:00:00,3,0.05,9
8378563200,2016-04-23 10:00:00,0,0.0,10
8378563200,2016-04-23 11:00:00,9,0.15,11
8378563200,2016-04-23 12:00:00,14,0.233333,12
8378563200,2016-04-23 13:00:00,21,0.35,13
8378563200,2016-04-23 14:00:00,92,1.533333,14
8378563200,2016-04-23 15:00:00,8,0.133333,15
8378563200,2016-04-23 16:00:00,11,0.183333,16
8378563200,2016-04-23 17:00:00,1,0.016667,17
8378563200,2016-04-23 18:00:00,7,0.116667,18
8378563200,2016-04-23 19:00:00,7,0.116667,19
8378563200,2016-04-23 20:00:00,4,0.066667,20
8378563200,2016-04-23 21:00:00,8,0.133333,21
8378563200,2016-04-23 22:00:00,3,0.05,22
8378563200,2016-04-23 23:00:00,1,0.016667,23
8378563200,2016-04-24 00:00:00,0,0.0,0
8378563200,2016-04-24 01:00:00,3,0.05,1
8378563200,2016-04-24 02:00:00,2,0.033333,2
8378563200,2016-04-24 03:00:00,0,0.0,3
8378563200,2016-04-24 04:00:00,0,0.0,4
8378563200,2016-04-24 05:00:00,0,0.0,5
8378563200,2016-04-24 06:00:00,0,0.0,6
8378563200,2016-04-24 07:00:00,13,0.216667,7
8378563200,2016-04-24 08:00:00,8,0.133333,8
8378563200,2016-04-24 09:00:00,4,0.066667,9
8378563200,2016-04-24 10:00:00,12,0.2,10
8378563200,2016-04-24 11:00:00,10,0.166667,11
8378563200,2016-04-24 12:00:00,13,0.216667,12
8378563200,2016-04-24 13:00:00,8,0.133333,13
8378563200,2016-04-24 14:00:00,4,0.066667,14
8378563200,2016-04-24 15:00:00,18,0.3,15
8378563200,2016-04-24 16:00:00,7,0.116667,16
8378563200,2016-04-24 17:00:00,7,0.116667,17
8378563200,2016-04-24 18:00:00,2,0.033333,18
8378563200,2016-04-24 19:00:00,4,0.066667,19
8378563200,2016-04-24 20:00:00,9,0.15,20
8378563200,2016-04-24 21:00:00,11,0.183333,21
8378563200,2016-04-24 22:00:00,0,0.0,22
8378563200,2016-04-24 23:00:00,0,0.0,23
8378563200,2016-04-25 00:00:00,0,0.0,0
8378563200,2016-04-25 01:00:00,0,0.0,1
8378563200,2016-04-25 02:00:00,1,0.016667,2
8378563200,2016-04-25 03:00:00,0,0.0,3
8378563200,2016-04-25 04:00:00,9,0.15,4
8378563200,2016-04-25 05:00:00,165,2.75,5
8378563200,2016-04-25 06:00:00,9,0.15,6
8378563200,2016-04-25 07:00:00,16,0.266667,7
8378563200,2016-04-25 08:00:00,44,0.733333,8
8378563200,2016-04-25 09:00:00,9,0.15,9
8378563200,2016-04-25 10:00:00,11,0.183333,10
8378563200,2016-04-25 11:00:00,75,1.25,11
8378563200,2016-04-25 12:00:00,112,1.866667,12
8378563200,2016-04-25 13:00:00,11,0.183333,13
8378563200,2016-04-25 14:00:00,10,0.166667,14
8378563200,2016-04-25 15:00:00,16,0.266667,15
8378563200,2016-04-25 16:00:00,5,0.083333,16
8378563200,2016-04-25 17:00:00,6,0.1,17
8378563200,2016-04-25 18:00:00,11,0.183333,18
8378563200,2016-04-25 19:00:00,10,0.166667,19
8378563200,2016-04-25 20:00:00,0,0.0,20
8378563200,2016-04-25 21:00:00,1,0.016667,21
8378563200,2016-04-25 22:00:00,0,0.0,22
8378563200,2016-04-25 23:00:00,3,0.05,23
8378563200,2016-04-26 00:00:00,0,0.0,0
8378563200,2016-04-26 01:00:00,0,0.0,1
8378563200,2016-04-26 02:00:00,0,0.0,2
8378563200,2016-04-26 03:00:00,0,0.0,3
8378563200,2016-04-26 04:00:00,2,0.033333,4
8378563200,2016-04-26 05:00:00,1,0.016667,5
8378563200,2016-04-26 06:00:00,8,0.133333,6
8378563200,2016-04-26 07:00:00,16,0.266667,7
8378563200,2016-04-26 08:00:00,118,1.966667,8
8378563200,2016-04-26 09:00:00,23,0.383333,9
8378563200,2016-04-26 10:00:00,15,0.25,10
8378563200,2016-04-26 11:00:00,84,1.4,11
8378563200,2016-04-26 12:00:00,103,1.716667,12
8378563200,2016-04-26 13:00:00,10,0.166667,13
8378563200,2016-04-26 14:00:00,19,0.316667,14
8378563200,2016-04-26 15:00:00,21,0.35,15
8378563200,2016-04-26 16:00:00,4,0.066667,16
8378563200,2016-04-26 17:00:00,6,0.1,17
8378563200,2016-04-26 18:00:00,11,0.183333,18
8378563200,2016-04-26 19:00:00,13,0.216667,19
8378563200,2016-04-26 20:00:00,9,0.15,20
8378563200,2016-04-26 21:00:00,1,0.016667,21
8378563200,2016-04-26 22:00:00,0,0.0,22
8378563200,2016-04-26 23:00:00,3,0.05,23
8378563200,2016-04-27 00:00:00,0,0.0,0
8378563200,2016-04-27 01:00:00,3,0.05,1
8378563200,2016-04-27 02:00:00,0,0.0,2
8378563200,2016-04-27 03:00:00,2,0.033333,3
8378563200,2016-04-27 04:00:00,0,0.0,4
8378563200,2016-04-27 05:00:00,0,0.0,5
8378563200,2016-04-27 06:00:00,7,0.116667,6
8378563200,2016-04-27 07:00:00,16,0.266667,7
8378563200,2016-04-27 08:00:00,35,0.583333,8
8378563200,2016-04-27 09:00:00,13,0.216667,9
8378563200,2016-04-27 10:00:00,14,0.233333,10
8378563200,2016-04-27 11:00:00,8,0.133333,11
8378563200,2016-04-27 12:00:00,13,0.216667,12
8378563200,2016-04-27 13:00:00,13,0.216667,13
8378563200,2016-04-27 14:00:00,7,0.116667,14
8378563200,2016-04-27 15:00:00,3,0.05,15
8378563200,2016-04-27 16:00:00,7,0.116667,16
8378563200,2016-04-27 17:00:00,17,0.283333,17
8378563200,2016-04-27 18:00:00,15,0.25,18
8378563200,2016-04-27 19:00:00,10,0.166667,19
8378563200,2016-04-27 20:00:00,23,0.383333,20
8378563200,2016-04-27 21:00:00,2,0.033333,21
8378563200,2016-04-27 22:00:00,2,0.033333,22
8378563200,2016-04-27 23:00:00,2,0.033333,23
8378563200,2016-04-28 00:00:00,0,0.0,0
8378563200,2016-04-28 01:00:00,1,0.016667,1
8378563200,2016-04-28 02:00:00,0,0.0,2
8378563200,2016-04-28 03:00:00,0,0.0,3
8378563200,2016-04-28 04:00:00,2,0.033333,4
8378563200,2016-04-28 05:00:00,1,0.016667,5
8378563200,2016-04-28 06:00:00,4,0.066667,6
8378563200,2016-04-28 07:00:00,11,0.183333,7
8378563200,2016-04-28 08:00:00,4,0.066667,8
8378563200,2016-04-28 09:00:00,15,0.25,9
8378563200,2016-04-28 10:00:00,30,0.5,10
8378563200,2016-04-28 11:00:00,9,0.15,11
8378563200,2016-04-28 12:00:00,5,0.083333,12
8378563200,2016-04-28 13:00:00,14,0.233333,13
8378563200,2016-04-28 14:00:00,8,0.133333,14
8378563200,2016-04-28 15:00:00,11,0.183333,15
8378563200,2016-04-28 16:00:00,31,0.516667,16
8378563200,2016-04-28 17:00:00,19,0.316667,17
8378563200,2016-04-28 18:00:00,7,0.116667,18
8378563200,2016-04-28 19:00:00,5,0.083333,19
8378563200,2016-04-28 20:00:00,13,0.216667,20
8378563200,2016-04-28 21:00:00,0,0.0,21
8378563200,2016-04-28 22:00:00,2,0.033333,22
8378563200,2016-04-28 23:00:00,0,0.0,23
8378563200,2016-04-29 00:00:00,0,0.0,0
8378563200,2016-04-29 01:00:00,0,0.0,1
8378563200,2016-04-29 02:00:00,0,0.0,2
8378563200,2016-04-29 03:00:00,0,0.0,3
8378563200,2016-04-29 04:00:00,2,0.033333,4
8378563200,2016-04-29 05:00:00,0,0.0,5
8378563200,2016-04-29 06:00:00,7,0.116667,6
8378563200,2016-04-29 07:00:00,14,0.233333,7
8378563200,2016-04-29 08:00:00,35,0.583333,8
8378563200,2016-04-29 09:00:00,12,0.2,9
8378563200,2016-04-29 10:00:00,12,0.2,10
8378563200,2016-04-29 11:00:00,13,0.216667,11
8378563200,2016-04-29 12:00:00,4,0.066667,12
8378563200,2016-04-29 13:00:00,15,0.25,13
8378563200,2016-04-29 14:00:00,5,0.083333,14
8378563200,2016-04-29 15:00:00,4,0.066667,15
8378563200,2016-04-29 16:00:00,13,0.216667,16
8378563200,2016-04-29 17:00:00,17,0.283333,17
8378563200,2016-04-29 18:00:00,15,0.25,18
8378563200,2016-04-29 19:00:00,9,0.15,19
8378563200,2016-04-29 20:00:00,8,0.133333,20
8378563200,2016-04-29 21:00:00,8,0.133333,21
8378563200,2016-04-29 22:00:00,1,0.016667,22
8378563200,2016-04-29 23:00:00,1,0.016667,23
8378563200,2016-04-30 00:00:00,1,0.016667,0
8378563200,2016-04-30 01:00:00,3,0.05,1
8378563200,2016-04-30 02:00:00,0,0.0,2
8378563200,2016-04-30 03:00:00,0,0.0,3
8378563200,2016-04-30 04:00:00,0,0.0,4
8378563200,2016-04-30 05:00:00,3,0.05,5
8378563200,2016-04-30 06:00:00,0,0.0,6
8378563200,2016-04-30 07:00:00,11,0.183333,7
8378563200,2016-04-30 08:00:00,6,0.1,8
8378563200,2016-04-30 09:00:00,3,0.05,9
8378563200,2016-04-30 10:00:00,11,0.183333,10
8378563200,2016-04-30 11:00:00,3,0.05,11
8378563200,2016-04-30 12:00:00,16,0.266667,12
8378563200,2016-04-30 13:00:00,13,0.216667,13
8378563200,2016-04-30 14:00:00,8,0.133333,14
8378563200,2016-04-30 15:00:00,1,0.016667,15
8378563200,2016-04-30 16:00:00,3,0.05,16
8378563200,2016-04-30 17:00:00,3,0.05,17
8378563200,2016-04-30 18:00:00,9,0.15,18
8378563200,2016-04-30 19:00:00,7,0.116667,19
8378563200,2016-04-30 20:00:00,4,0.066667,20
8378563200,2016-04-30 21:00:00,9,0.15,21
8378563200,2016-04-30 22:00:00,4,0.066667,22
8378563200,2016-04-30 23:00:00,3,0.05,23
8378563200,2016-05-01 00:00:00,0,0.0,0
8378563200,2016-05-01 01:00:00,2,0.033333,1
8378563200,2016-05-01 02:00:00,0,0.0,2
8378563200,2016-05-01 03:00:00,0,0.0,3
8378563200,2016-05-01 04:00:00,0,0.0,4
8378563200,2016-05-01 05:00:00,2,0.033333,5
8378563200,2016-05-01 06:00:00,0,0.0,6
8378563200,2016-05-01 07:00:00,9,0.15,7
8378563200,2016-05-01 08:00:00,8,0.133333,8
8378563200,2016-05-01 09:00:00,5,0.083333,9
8378563200,2016-05-01 10:00:00,4,0.066667,10
8378563200,2016-05-01 11:00:00,14,0.233333,11
8378563200,2016-05-01 12:00:00,15,0.25,12
8378563200,2016-05-01 13:00:00,8,0.133333,13
8378563200,2016-05-01 14:00:00,4,0.066667,14
8378563200,2016-05-01 15:00:00,11,0.183333,15
8378563200,2016-05-01 16:00:00,89,1.483333,16
8378563200,2016-05-01 17:00:00,162,2.7,17
8378563200,2016-05-01 18:00:00,8,0.133333,18
8378563200,2016-05-01 19:00:00,5,0.083333,19
8378563200,2016-05-01 20:00:00,7,0.116667,20
8378563200,2016-05-01 21:00:00,5,0.083333,21
8378563200,2016-05-01 22:00:00,0,0.0,22
8378563200,2016-05-01 23:00:00,2,0.033333,23
8378563200,2016-05-02 00:00:00,0,0.0,0
8378563200,2016-05-02 01:00:00,1,0.016667,1
8378563200,2016-05-02 02:00:00,0,0.0,2
8378563200,2016-05-02 03:00:00,0,0.0,3
8378563200,2016-05-02 04:00:00,10,0.166667,4
8378563200,2016-05-02 05:00:00,165,2.75,5
8378563200,2016-05-02 06:00:00,5,0.083333,6
8378563200,2016-05-02 07:00:00,15,0.25,7
8378563200,2016-05-02 08:00:00,38,0.633333,8
8378563200,2016-05-02 09:00:00,3,0.05,9
8378563200,2016-05-02 10:00:00,8,0.133333,10
8378563200,2016-05-02 11:00:00,7,0.116667,11
8378563200,2016-05-02 12:00:00,12,0.2,12
8378563200,2016-05-02 13:00:00,10,0.166667,13
8378563200,2016-05-02 14:00:00,8,0.133333,14
8378563200,2016-05-02 15:00:00,8,0.133333,15
8378563200,2016-05-02 16:00:00,11,0.183333,16
8378563200,2016-05-02 17:00:00,12,0.2,17
8378563200,2016-05-02 18:00:00,11,0.183333,18
8378563200,2016-05-02 19:00:00,5,0.083333,19
8378563200,2016-05-02 20:00:00,10,0.166667,20
8378563200,2016-05-02 21:00:00,0,0.0,21
8378563200,2016-05-02 22:00:00,0,0.0,22
8378563200,2016-05-02 23:00:00,0,0.0,23
8378563200,2016-05-03 00:00:00,0,0.0,0
8378563200,2016-05-03 01:00:00,2,0.033333,1
8378563200,2016-05-03 02:00:00,0,0.0,2
8378563200,2016-05-03 03:00:00,0,0.0,3
8378563200,2016-05-03 04:00:00,9,0.15,4
8378563200,2016-05-03 05:00:00,165,2.75,5
8378563200,2016-05-03 06:00:00,7,0.116667,6
8378563200,2016-05-03 07:00:00,17,0.283333,7
8378563200,2016-05-03 08:00:00,44,0.733333,8
8378563200,2016-05-03 09:00:00,16,0.266667,9
8378563200,2016-05-03 10:00:00,8,0.133333,10
8378563200,2016-05-03 11:00:00,9,0.15,11
8378563200,2016-05-03 12:00:00,7,0.116667,12
8378563200,2016-05-03 13:00:00,8,0.133333,13
8378563200,2016-05-03 14:00:00,9,0.15,14
8378563200,2016-05-03 15:00:00,13,0.216667,15
8378563200,2016-05-03 16:00:00,12,0.2,16
8378563200,2016-05-03 17:00:00,50,0.833333,17
8378563200,2016-05-03 18:00:00,16,0.266667,18
8378563200,2016-05-03 19:00:00,16,0.266667,19
8378563200,2016-05-03 20:00:00,23,0.383333,20
8378563200,2016-05-03 21:00:00,9,0.15,21
8378563200,2016-05-03 22:00:00,7,0.116667,22
8378563200,2016-05-03 23:00:00,1,0.016667,23
8378563200,2016-05-04 00:00:00,0,0.0,0
8378563200,2016-05-04 01:00:00,3,0.05,1
8378563200,2016-05-04 02:00:00,0,0.0,2
8378563200,2016-05-04 03:00:00,0,0.0,3
8378563200,2016-05-04 04:00:00,2,0.033333,4
8378563200,2016-05-04 05:00:00,0,0.0,5
8378563200,2016-05-04 06:00:00,7,0.116667,6
8378563200,2016-05-04 07:00:00,16,0.266667,7
8378563200,2016-05-04 08:00:00,45,0.75,8
8378563200,2016-05-04 09:00:00,22,0.366667,9
8378563200,2016-05-04 10:00:00,8,0.133333,10
8378563200,2016-05-04 11:00:00,16,0.266667,11
8378563200,2016-05-04 12:00:00,9,0.15,12
8378563200,2016-05-04 13:00:00,7,0.116667,13
8378563200,2016-05-04 14:00:00,12,0.2,14
8378563200,2016-05-04 15:00:00,10,0.166667,15
8378563200,2016-05-04 16:00:00,40,0.666667,16
8378563200,2016-05-04 17:00:00,8,0.133333,17
8378563200,2016-05-04 18:00:00,12,0.2,18
8378563200,2016-05-04 19:00:00,10,0.166667,19
8378563200,2016-05-04 20:00:00,8,0.133333,20
8378563200,2016-05-04 21:00:00,4,0.066667,21
8378563200,2016-05-04 22:00:00,4,0.066667,22
8378563200,2016-05-04 23:00:00,1,0.016667,23
8378563200,2016-05-05 00:00:00,2,0.033333,0
8378563200,2016-05-05 01:00:00,0,0.0,1
8378563200,2016-05-05 02:00:00,0,0.0,2
8378563200,2016-05-05 03:00:00,1,0.016667,3
8378563200,2016-05-05 04:00:00,10,0.166667,4
8378563200,2016-05-05 05:00:00,165,2.75,5
8378563200,2016-05-05 06:00:00,5,0.083333,6
8378563200,2016-05-05 07:00:00,19,0.316667,7
8378563200,2016-05-05 08:00:00,42,0.7,8
8378563200,2016-05-05 09:00:00,8,0.133333,9
8378563200,2016-05-05 10:00:00,12,0.2,10
8378563200,2016-05-05 11:00:00,10,0.166667,11
8378563200,2016-05-05 12:00:00,11,0.183333,12
8378563200,2016-05-05 13:00:00,16,0.266667,13
8378563200,2016-05-05 14:00:00,7,0.116667,14
8378563200,2016-05-05 15:00:00,12,0.2,15
8378563200,2016-05-05 16:00:00,8,0.133333,16
8378563200,2016-05-05 17:00:00,10,0.166667,17
8378563200,2016-05-05 18:00:00,22,0.366667,18
8378563200,2016-05-05 19:00:00,9,0.15,19
8378563200,2016-05-05 20:00:00,23,0.383333,20
8378563200,2016-05-05 21:00:00,19,0.316667,21
8378563200,2016-05-05 22:00:00,0,0.0,22
8378563200,2016-05-05 23:00:00,7,0.116667,23
8378563200,2016-05-06 00:00:00,0,0.0,0
8378563200,2016-05-06 01:00:00,0,0.0,1
8378563200,2016-05-06 02:00:00,0,0.0,2
8378563200,2016-05-06 03:00:00,1,0.016667,3
8378563200,2016-05-06 04:00:00,12,0.2,4
8378563200,2016-05-06 05:00:00,165,2.75,5
8378563200,2016-05-06 06:00:00,8,0.133333,6
8378563200,2016-05-06 07:00:00,14,0.233333,7
8378563200,2016-05-06 08:00:00,46,0.766667,8
8378563200,2016-05-06 09:00:00,11,0.183333,9
8378563200,2016-05-06 10:00:00,16,0.266667,10
8378563200,2016-05-06 11:00:00,11,0.183333,11
8378563200,2016-05-06 12:00:00,4,0.066667,12
8378563200,2016-05-06 13:00:00,8,0.133333,13
8378563200,2016-05-06 14:00:00,15,0.25,14
8378563200,2016-05-06 15:00:00,13,0.216667,15
8378563200,2016-05-06 16:00:00,36,0.6,16
8378563200,2016-05-06 17:00:00,11,0.183333,17
8378563200,2016-05-06 18:00:00,5,0.083333,18
8378563200,2016-05-06 19:00:00,4,0.066667,19
8378563200,2016-05-06 20:00:00,5,0.083333,20
8378563200,2016-05-06 21:00:00,10,0.166667,21
8378563200,2016-05-06 22:00:00,0,0.0,22
8378563200,2016-05-06 23:00:00,3,0.05,23
8378563200,2016-05-07 00:00:00,1,0.016667,0
8378563200,2016-05-07 01:00:00,0,0.0,1
8378563200,2016-05-07 02:00:00,0,0.0,2
8378563200,2016-05-07 03:00:00,0,0.0,3
8378563200,2016-05-07 04:00:00,1,0.016667,4
8378563200,2016-05-07 05:00:00,6,0.1,5
8378563200,2016-05-07 06:00:00,0,0.0,6
8378563200,2016-05-07 07:00:00,3,0.05,7
8378563200,2016-05-07 08:00:00,4,0.066667,8
8378563200,2016-05-07 09:00:00,4,0.066667,9
8378563200,2016-05-07 10:00:00,4,0.066667,10
8378563200,2016-05-07 11:00:00,5,0.083333,11
8378563200,2016-05-07 12:00:00,16,0.266667,12
8378563200,2016-05-07 13:00:00,27,0.45,13
8378563200,2016-05-07 14:00:00,20,0.333333,14
8378563200,2016-05-07 15:00:00,22,0.366667,15
8378563200,2016-05-07 16:00:00,9,0.15,16
8378563200,2016-05-07 17:00:00,0,0.0,17
8378563200,2016-05-07 18:00:00,4,0.066667,18
8378563200,2016-05-07 19:00:00,12,0.2,19
8378563200,2016-05-07 20:00:00,4,0.066667,20
8378563200,2016-05-07 21:00:00,7,0.116667,21
8378563200,2016-05-07 22:00:00,9,0.15,22
8378563200,2016-05-07 23:00:00,0,0.0,23
8378563200,2016-05-08 00:00:00,2,0.033333,0
8378563200,2016-05-08 01:00:00,0,0.0,1
8378563200,2016-05-08 02:00:00,3,0.05,2
8378563200,2016-05-08 03:00:00,1,0.016667,3
8378563200,2016-05-08 04:00:00,0,0.0,4
8378563200,2016-05-08 05:00:00,0,0.0,5
8378563200,2016-05-08 06:00:00,0,0.0,6
8378563200,2016-05-08 07:00:00,6,0.1,7
8378563200,2016-05-08 08:00:00,0,0.0,8
8378563200,2016-05-08 09:00:00,11,0.183333,9
8378563200,2016-05-08 10:00:00,5,0.083333,10
8378563200,2016-05-08 11:00:00,6,0.1,11
8378563200,2016-05-08 12:00:00,21,0.35,12
8378563200,2016-05-08 13:00:00,8,0.133333,13
8378563200,2016-05-08 14:00:00,8,0.133333,14
8378563200,2016-05-08 15:00:00,22,0.366667,15
8378563200,2016-05-08 16:00:00,6,0.1,16
8378563200,2016-05-08 17:00:00,11,0.183333,17
8378563200,2016-05-08 18:00:00,2,0.033333,18
8378563200,2016-05-08 19:00:00,4,0.066667,19
8378563200,2016-05-08 20:00:00,12,0.2,20
8378563200,2016-05-08 21:00:00,10,0.166667,21
8378563200,2016-05-08 22:00:00,0,0.0,22
8378563200,2016-05-08 23:00:00,1,0.016667,23
8378563200,2016-05-09 00:00:00,3,0.05,0
8378563200,2016-05-09 01:00:00,3,0.05,1
8378563200,2016-05-09 02:00:00,0,0.0,2
8378563200,2016-05-09 03:00:00,0,0.0,3
8378563200,2016-05-09 04:00:00,8,0.133333,4
8378563200,2016-05-09 05:00:00,165,2.75,5
8378563200,2016-05-09 06:00:00,7,0.116667,6
8378563200,2016-05-09 07:00:00,13,0.216667,7
8378563200,2016-05-09 08:00:00,48,0.8,8
8378563200,2016-05-09 09:00:00,12,0.2,9
8378563200,2016-05-09 10:00:00,38,0.633333,10
8378563200,2016-05-09 11:00:00,19,0.316667,11
8378563200,2016-05-09 12:00:00,8,0.133333,12
8378563200,2016-05-09 13:00:00,13,0.216667,13
8378563200,2016-05-09 14:00:00,5,0.083333,14
8378563200,2016-05-09 15:00:00,8,0.133333,15
8378563200,2016-05-09 16:00:00,9,0.15,16
8378563200,2016-05-09 17:00:00,10,0.166667,17
8378563200,2016-05-09 18:00:00,8,0.133333,18
8378563200,2016-05-09 19:00:00,8,0.133333,19
8378563200,2016-05-09 20:00:00,15,0.25,20
8378563200,2016-05-09 21:00:00,6,0.1,21
8378563200,2016-05-09 22:00:00,4,0.066667,22
8378563200,2016-05-09 23:00:00,0,0.0,23
8378563200,2016-05-10 00:00:00,0,0.0,0
8378563200,2016-05-10 01:00:00,0,0.0,1
8378563200,2016-05-10 02:00:00,0,0.0,2
8378563200,2016-05-10 03:00:00,0,0.0,3
8378563200,2016-05-10 04:00:00,11,0.183333,4
8378563200,2016-05-10 05:00:00,165,2.75,5
8378563200,2016-05-10 06:00:00,6,0.1,6
8378563200,2016-05-10 07:00:00,13,0.216667,7
8378563200,2016-05-10 08:00:00,35,0.583333,8
8378563200,2016-05-10 09:00:00,13,0.216667,9
8378563200,2016-05-10 10:00:00,10,0.166667,10
8378563200,2016-05-10 11:00:00,3,0.05,11
8378563200,2016-05-10 12:00:00,12,0.2,12
8378563200,2016-05-10 13:00:00,8,0.133333,13
8378563200,2016-05-10 14:00:00,11,0.183333,14
8378563200,2016-05-10 15:00:00,9,0.15,15
8378563200,2016-05-10 16:00:00,12,0.2,16
8378563200,2016-05-10 17:00:00,13,0.216667,17
8378563200,2016-05-10 18:00:00,3,0.05,18
8378563200,2016-05-10 19:00:00,14,0.233333,19
8378563200,2016-05-10 20:00:00,11,0.183333,20
8378563200,2016-05-10 21:00:00,18,0.3,21
8378563200,2016-05-10 22:00:00,0,0.0,22
8378563200,2016-05-10 23:00:00,0,0.0,23
8378563200,2016-05-11 00:00:00,0,0.0,0
8378563200,2016-05-11 01:00:00,0,0.0,1
8378563200,2016-05-11 02:00:00,0,0.0,2
8378563200,2016-05-11 03:00:00,1,0.016667,3
8378563200,2016-05-11 04:00:00,12,0.2,4
8378563200,2016-05-11 05:00:00,165,2.75,5
8378563200,2016-05-11 06:00:00,8,0.133333,6
8378563200,2016-05-11 07:00:00,13,0.216667,7
8378563200,2016-05-11 08:00:00,41,0.683333,8
8378563200,2016-05-11 09:00:00,12,0.2,9
8378563200,2016-05-11 10:00:00,31,0.516667,10
8378563200,2016-05-11 11:00:00,27,0.45,11
8378563200,2016-05-11 12:00:00,21,0.35,12
8378563200,2016-05-11 13:00:00,11,0.183333,13
8378563200,2016-05-11 14:00:00,12,0.2,14
8378563200,2016-05-11 15:00:00,7,0.116667,15
8378563200,2016-05-11 16:00:00,4,0.066667,16
8378563200,2016-05-11 17:00:00,12,0.2,17
8378563200,2016-05-11 18:00:00,11,0.183333,18
8378563200,2016-05-11 19:00:00,7,0.116667,19
8378563200,2016-05-11 20:00:00,12,0.2,20
8378563200,2016-05-11 21:00:00,9,0.15,21
8378563200,2016-05-11 22:00:00,0,0.0,22
8378563200,2016-05-11 23:00:00,4,0.066667,23
8378563200,2016-05-12 00:00:00,0,0.0,0
8378563200,2016-05-12 01:00:00,3,0.05,1
8378563200,2016-05-12 02:00:00,1,0.016667,2
8378563200,2016-05-12 03:00:00,0,0.0,3
8378563200,2016-05-12 04:00:00,2,0.033333,4
8378563200,2016-05-12 05:00:00,0,0.0,5
8378563200,2016-05-12 06:00:00,12,0.2,6
8378563200,2016-05-12 07:00:00,14,0.233333,7
8378563200,2016-05-12 08:00:00,37,0.616667,8
8378563200,2016-05-12 09:00:00,16,0.266667,9
8378563200,2016-05-12 10:00:00,15,0.25,10
8378563200,2016-05-12 11:00:00,10,0.166667,11
8378563200,2016-05-12 12:00:00,3,0.05,12
8378563200,2016-05-12 13:00:00,10,0.166667,13
8378563200,2016-05-12 14:00:00,4,0.066667,14
8583815059,2016-04-12 00:00:00,0,0.0,0
8583815059,2016-04-12 01:00:00,0,0.0,1
8583815059,2016-04-12 02:00:00,0,0.0,2
8583815059,2016-04-12 03:00:00,0,0.0,3
8583815059,2016-04-12 04:00:00,0,0.0,4
8583815059,2016-04-12 05:00:00,0,0.0,5
8583815059,2016-04-12 06:00:00,0,0.0,6
8583815059,2016-04-12 07:00:00,0,0.0,7
8583815059,2016-04-12 08:00:00,0,0.0,8
8583815059,2016-04-12 09:00:00,3,0.05,9
8583815059,2016-04-12 10:00:00,0,0.0,10
8583815059,2016-04-12 11:00:00,3,0.05,11
8583815059,2016-04-12 12:00:00,19,0.316667,12
8583815059,2016-04-12 13:00:00,31,0.516667,13
8583815059,2016-04-12 14:00:00,11,0.183333,14
8583815059,2016-04-12 15:00:00,13,0.216667,15
8583815059,2016-04-12 16:00:00,17,0.283333,16
8583815059,2016-04-12 17:00:00,36,0.6,17
8583815059,2016-04-12 18:00:00,14,0.233333,18
8583815059,2016-04-12 19:00:00,43,0.716667,19
8583815059,2016-04-12 20:00:00,3,0.05,20
8583815059,2016-04-12 21:00:00,4,0.066667,21
8583815059,2016-04-12 22:00:00,4,0.066667,22
8583815059,2016-04-12 23:00:00,9,0.15,23
8583815059,2016-04-13 00:00:00,0,0.0,0
8583815059,2016-04-13 01:00:00,0,0.0,1
8583815059,2016-04-13 02:00:00,0,0.0,2
8583815059,2016-04-13 03:00:00,0,0.0,3
8583815059,2016-04-13 04:00:00,0,0.0,4
8583815059,2016-04-13 05:00:00,0,0.0,5
8583815059,2016-04-13 06:00:00,0,0.0,6
8583815059,2016-04-13 07:00:00,0,0.0,7
8583815059,2016-04-13 08:00:00,0,0.0,8
8583815059,2016-04-13 09:00:00,5,0.083333,9
8583815059,2016-04-13 10:00:00,21,0.35,10
8583815059,2016-04-13 11:00:00,49,0.816667,11
8583815059,2016-04-13 12:00:00,77,1.283333,12
8583815059,2016-04-13 13:00:00,13,0.216667,13
8583815059,2016-04-13 14:00:00,0,0.0,14
8583815059,2016-04-13 15:00:00,2,0.033333,15
8583815059,2016-04-13 16:00:00,1,0.016667,16
8583815059,2016-04-13 17:00:00,16,0.266667,17
8583815059,2016-04-13 18:00:00,2,0.033333,18
8583815059,2016-04-13 19:00:00,1,0.016667,19
8583815059,2016-04-13 20:00:00,9,0.15,20
8583815059,2016-04-13 21:00:00,7,0.116667,21
8583815059,2016-04-13 22:00:00,9,0.15,22
8583815059,2016-04-13 23:00:00,3,0.05,23
8583815059,2016-04-14 00:00:00,6,0.1,0
8583815059,2016-04-14 01:00:00,0,0.0,1
8583815059,2016-04-14 02:00:00,0,0.0,2
8583815059,2016-04-14 03:00:00,0,0.0,3
8583815059,2016-04-14 04:00:00,0,0.0,4
8583815059,2016-04-14 05:00:00,0,0.0,5
8583815059,2016-04-14 06:00:00,0,0.0,6
8583815059,2016-04-14 07:00:00,0,0.0,7
8583815059,2016-04-14 08:00:00,0,0.0,8
8583815059,2016-04-14 09:00:00,4,0.066667,9
8583815059,2016-04-14 10:00:00,8,0.133333,10
8583815059,2016-04-14 11:00:00,4,0.066667,11
8583815059,2016-04-14 12:00:00,5,0.083333,12
8583815059,2016-04-14 13:00:00,8,0.133333,13
8583815059,2016-04-14 14:00:00,9,0.15,14
8583815059,2016-04-14 15:00:00,7,0.116667,15
8583815059,2016-04-14 16:00:00,16,0.266667,16
8583815059,2016-04-14 17:00:00,37,0.616667,17
8583815059,2016-04-14 18:00:00,7,0.116667,18
8583815059,2016-04-14 19:00:00,5,0.083333,19
8583815059,2016-04-14 20:00:00,3,0.05,20
8583815059,2016-04-14 21:00:00,6,0.1,21
8583815059,2016-04-14 22:00:00,8,0.133333,22
8583815059,2016-04-14 23:00:00,1,0.016667,23
8583815059,2016-04-15 00:00:00,8,0.133333,0
8583815059,2016-04-15 01:00:00,0,0.0,1
8583815059,2016-04-15 02:00:00,0,0.0,2
8583815059,2016-04-15 03:00:00,0,0.0,3
8583815059,2016-04-15 04:00:00,0,0.0,4
8583815059,2016-04-15 05:00:00,0,0.0,5
8583815059,2016-04-15 06:00:00,0,0.0,6
8583815059,2016-04-15 07:00:00,0,0.0,7
8583815059,2016-04-15 08:00:00,0,0.0,8
8583815059,2016-04-15 09:00:00,4,0.066667,9
8583815059,2016-04-15 10:00:00,1,0.016667,10
8583815059,2016-04-15 11:00:00,2,0.033333,11
8583815059,2016-04-15 12:00:00,8,0.133333,12
8583815059,2016-04-15 13:00:00,2,0.033333,13
8583815059,2016-04-15 14:00:00,11,0.183333,14
8583815059,2016-04-15 15:00:00,23,0.383333,15
8583815059,2016-04-15 16:00:00,6,0.1,16
8583815059,2016-04-15 17:00:00,0,0.0,17
8583815059,2016-04-15 18:00:00,0,0.0,18
8583815059,2016-04-15 19:00:00,0,0.0,19
8583815059,2016-04-15 20:00:00,0,0.0,20
8583815059,2016-04-15 21:00:00,0,0.0,21
8583815059,2016-04-15 22:00:00,0,0.0,22
8583815059,2016-04-15 23:00:00,0,0.0,23
8583815059,2016-04-16 00:00:00,0,0.0,0
8583815059,2016-04-16 01:00:00,0,0.0,1
8583815059,2016-04-16 02:00:00,0,0.0,2
8583815059,2016-04-16 03:00:00,0,0.0,3
8583815059,2016-04-16 04:00:00,0,0.0,4
8583815059,2016-04-16 05:00:00,0,0.0,5
8583815059,2016-04-16 06:00:00,0,0.0,6
8583815059,2016-04-16 07:00:00,0,0.0,7
8583815059,2016-04-16 08:00:00,0,0.0,8
8583815059,2016-04-16 09:00:00,0,0.0,9
8583815059,2016-04-16 10:00:00,0,0.0,10
8583815059,2016-04-16 11:00:00,0,0.0,11
8583815059,2016-04-16 12:00:00,0,0.0,12
8583815059,2016-04-16 13:00:00,0,0.0,13
8583815059,2016-04-16 14:00:00,0,0.0,14
8583815059,2016-04-16 15:00:00,0,0.0,15
8583815059,2016-04-16 16:00:00,0,0.0,16
8583815059,2016-04-16 17:00:00,0,0.0,17
8583815059,2016-04-16 18:00:00,0,0.0,18
8583815059,2016-04-16 19:00:00,0,0.0,19
8583815059,2016-04-16 20:00:00,0,0.0,20
8583815059,2016-04-16 21:00:00,0,0.0,21
8583815059,2016-04-16 22:00:00,0,0.0,22
8583815059,2016-04-16 23:00:00,0,0.0,23
8583815059,2016-04-17 00:00:00,0,0.0,0
8583815059,2016-04-17 01:00:00,0,0.0,1
8583815059,2016-04-17 02:00:00,0,0.0,2
8583815059,2016-04-17 03:00:00,0,0.0,3
8583815059,2016-04-17 04:00:00,0,0.0,4
8583815059,2016-04-17 05:00:00,0,0.0,5
8583815059,2016-04-17 06:00:00,0,0.0,6
8583815059,2016-04-17 07:00:00,0,0.0,7
8583815059,2016-04-17 08:00:00,0,0.0,8
8583815059,2016-04-17 09:00:00,0,0.0,9
8583815059,2016-04-17 10:00:00,0,0.0,10
8583815059,2016-04-17 11:00:00,0,0.0,11
8583815059,2016-04-17 12:00:00,0,0.0,12
8583815059,2016-04-17 13:00:00,0,0.0,13
8583815059,2016-04-17 14:00:00,0,0.0,14
8583815059,2016-04-17 15:00:00,0,0.0,15
8583815059,2016-04-17 16:00:00,0,0.0,16
8583815059,2016-04-17 17:00:00,0,0.0,17
8583815059,2016-04-17 18:00:00,0,0.0,18
8583815059,2016-04-17 19:00:00,0,0.0,19
8583815059,2016-04-17 20:00:00,0,0.0,20
8583815059,2016-04-17 21:00:00,0,0.0,21
8583815059,2016-04-17 22:00:00,0,0.0,22
8583815059,2016-04-17 23:00:00,0,0.0,23
8583815059,2016-04-18 00:00:00,0,0.0,0
8583815059,2016-04-18 01:00:00,0,0.0,1
8583815059,2016-04-18 02:00:00,0,0.0,2
8583815059,2016-04-18 03:00:00,0,0.0,3
8583815059,2016-04-18 04:00:00,0,0.0,4
8583815059,2016-04-18 05:00:00,0,0.0,5
8583815059,2016-04-18 06:00:00,0,0.0,6
8583815059,2016-04-18 07:00:00,0,0.0,7
8583815059,2016-04-18 08:00:00,27,0.45,8
8583815059,2016-04-18 09:00:00,0,0.0,9
8583815059,2016-04-18 10:00:00,71,1.183333,10
8583815059,2016-04-18 11:00:00,1,0.016667,11
8583815059,2016-04-18 12:00:00,2,0.033333,12
8583815059,2016-04-18 13:00:00,8,0.133333,13
8583815059,2016-04-18 14:00:00,2,0.033333,14
8583815059,2016-04-18 15:00:00,6,0.1,15
8583815059,2016-04-18 16:00:00,3,0.05,16
8583815059,2016-04-18 17:00:00,5,0.083333,17
8583815059,2016-04-18 18:00:00,4,0.066667,18
8583815059,2016-04-18 19:00:00,8,0.133333,19
8583815059,2016-04-18 20:00:00,2,0.033333,20
8583815059,2016-04-18 21:00:00,13,0.216667,21
8583815059,2016-04-18 22:00:00,2,0.033333,22
8583815059,2016-04-18 23:00:00,7,0.116667,23
8583815059,2016-04-19 00:00:00,0,0.0,0
8583815059,2016-04-19 01:00:00,0,0.0,1
8583815059,2016-04-19 02:00:00,0,0.0,2
8583815059,2016-04-19 03:00:00,0,0.0,3
8583815059,2016-04-19 04:00:00,0,0.0,4
8583815059,2016-04-19 05:00:00,0,0.0,5
8583815059,2016-04-19 06:00:00,0,0.0,6
8583815059,2016-04-19 07:00:00,0,0.0,7
8583815059,2016-04-19 08:00:00,0,0.0,8
8583815059,2016-04-19 09:00:00,0,0.0,9
8583815059,2016-04-19 10:00:00,8,0.133333,10
8583815059,2016-04-19 11:00:00,15,0.25,11
8583815059,2016-04-19 12:00:00,50,0.833333,12
8583815059,2016-04-19 13:00:00,43,0.716667,13
8583815059,2016-04-19 14:00:00,28,0.466667,14
8583815059,2016-04-19 15:00:00,5,0.083333,15
8583815059,2016-04-19 16:00:00,0,0.0,16
8583815059,2016-04-19 17:00:00,20,0.333333,17
8583815059,2016-04-19 18:00:00,10,0.166667,18
8583815059,2016-04-19 19:00:00,4,0.066667,19
8583815059,2016-04-19 20:00:00,5,0.083333,20
8583815059,2016-04-19 21:00:00,4,0.066667,21
8583815059,2016-04-19 22:00:00,7,0.116667,22
8583815059,2016-04-19 23:00:00,8,0.133333,23
8583815059,2016-04-20 00:00:00,0,0.0,0
8583815059,2016-04-20 01:00:00,0,0.0,1
8583815059,2016-04-20 02:00:00,0,0.0,2
8583815059,2016-04-20 03:00:00,0,0.0,3
8583815059,2016-04-20 04:00:00,0,0.0,4
8583815059,2016-04-20 05:00:00,0,0.0,5
8583815059,2016-04-20 06:00:00,0,0.0,6
8583815059,2016-04-20 07:00:00,0,0.0,7
8583815059,2016-04-20 08:00:00,0,0.0,8
8583815059,2016-04-20 09:00:00,0,0.0,9
8583815059,2016-04-20 10:00:00,13,0.216667,10
8583815059,2016-04-20 11:00:00,6,0.1,11
8583815059,2016-04-20 12:00:00,13,0.216667,12
8583815059,2016-04-20 13:00:00,33,0.55,13
8583815059,2016-04-20 14:00:00,63,1.05,14
8583815059,2016-04-20 15:00:00,30,0.5,15
8583815059,2016-04-20 16:00:00,17,0.283333,16
8583815059,2016-04-20 17:00:00,2,0.033333,17
8583815059,2016-04-20 18:00:00,22,0.366667,18
8583815059,2016-04-20 19:00:00,2,0.033333,19
8583815059,2016-04-20 20:00:00,8,0.133333,20
8583815059,2016-04-20 21:00:00,9,0.15,21
8583815059,2016-04-20 22:00:00,3,0.05,22
8583815059,2016-04-20 23:00:00,0,0.0,23
8583815059,2016-04-21 00:00:00,6,0.1,0
8583815059,2016-04-21 01:00:00,0,0.0,1
8583815059,2016-04-21 02:00:00,0,0.0,2
8583815059,2016-04-21 03:00:00,0,0.0,3
8583815059,2016-04-21 04:00:00,0,0.0,4
8583815059,2016-04-21 05:00:00,0,0.0,5
8583815059,2016-04-21 06:00:00,0,0.0,6
8583815059,2016-04-21 07:00:00,0,0.0,7
8583815059,2016-04-21 08:00:00,0,0.0,8
8583815059,2016-04-21 09:00:00,3,0.05,9
8583815059,2016-04-21 10:00:00,15,0.25,10
8583815059,2016-04-21 11:00:00,4,0.066667,11
8583815059,2016-04-21 12:00:00,19,0.316667,12
8583815059,2016-04-21 13:00:00,5,0.083333,13
8583815059,2016-04-21 14:00:00,63,1.05,14
8583815059,2016-04-21 15:00:00,95,1.583333,15
8583815059,2016-04-21 16:00:00,10,0.166667,16
8583815059,2016-04-21 17:00:00,5,0.083333,17
8583815059,2016-04-21 18:00:00,15,0.25,18
8583815059,2016-04-21 19:00:00,29,0.483333,19
8583815059,2016-04-21 20:00:00,8,0.133333,20
8583815059,2016-04-21 21:00:00,20,0.333333,21
8583815059,2016-04-21 22:00:00,0,0.0,22
8583815059,2016-04-21 23:00:00,2,0.033333,23
8583815059,2016-04-22 00:00:00,7,0.116667,0
8583815059,2016-04-22 01:00:00,0,0.0,1
8583815059,2016-04-22 02:00:00,0,0.0,2
8583815059,2016-04-22 03:00:00,0,0.0,3
8583815059,2016-04-22 04:00:00,0,0.0,4
8583815059,2016-04-22 05:00:00,0,0.0,5
8583815059,2016-04-22 06:00:00,0,0.0,6
8583815059,2016-04-22 07:00:00,0,0.0,7
8583815059,2016-04-22 08:00:00,0,0.0,8
8583815059,2016-04-22 09:00:00,7,0.116667,9
8583815059,2016-04-22 10:00:00,18,0.3,10
8583815059,2016-04-22 11:00:00,46,0.766667,11
8583815059,2016-04-22 12:00:00,61,1.016667,12
8583815059,2016-04-22 13:00:00,84,1.4,13
8583815059,2016-04-22 14:00:00,25,0.416667,14
8583815059,2016-04-22 15:00:00,2,0.033333,15
8583815059,2016-04-22 16:00:00,15,0.25,16
8583815059,2016-04-22 17:00:00,16,0.266667,17
8583815059,2016-04-22 18:00:00,17,0.283333,18
8583815059,2016-04-22 19:00:00,12,0.2,19
8583815059,2016-04-22 20:00:00,2,0.033333,20
8583815059,2016-04-22 21:00:00,5,0.083333,21
8583815059,2016-04-22 22:00:00,4,0.066667,22
8583815059,2016-04-22 23:00:00,11,0.183333,23
8583815059,2016-04-23 00:00:00,0,0.0,0
8583815059,2016-04-23 01:00:00,0,0.0,1
8583815059,2016-04-23 02:00:00,0,0.0,2
8583815059,2016-04-23 03:00:00,0,0.0,3
8583815059,2016-04-23 04:00:00,0,0.0,4
8583815059,2016-04-23 05:00:00,0,0.0,5
8583815059,2016-04-23 06:00:00,0,0.0,6
8583815059,2016-04-23 07:00:00,0,0.0,7
8583815059,2016-04-23 08:00:00,0,0.0,8
8583815059,2016-04-23 09:00:00,13,0.216667,9
8583815059,2016-04-23 10:00:00,84,1.4,10
8583815059,2016-04-23 11:00:00,63,1.05,11
8583815059,2016-04-23 12:00:00,46,0.766667,12
8583815059,2016-04-23 13:00:00,23,0.383333,13
8583815059,2016-04-23 14:00:00,11,0.183333,14
8583815059,2016-04-23 15:00:00,16,0.266667,15
8583815059,2016-04-23 16:00:00,22,0.366667,16
8583815059,2016-04-23 17:00:00,5,0.083333,17
8583815059,2016-04-23 18:00:00,10,0.166667,18
8583815059,2016-04-23 19:00:00,20,0.333333,19
8583815059,2016-04-23 20:00:00,20,0.333333,20
8583815059,2016-04-23 21:00:00,3,0.05,21
8583815059,2016-04-23 22:00:00,6,0.1,22
8583815059,2016-04-23 23:00:00,5,0.083333,23
8583815059,2016-04-24 00:00:00,15,0.25,0
8583815059,2016-04-24 01:00:00,0,0.0,1
8583815059,2016-04-24 02:00:00,0,0.0,2
8583815059,2016-04-24 03:00:00,0,0.0,3
8583815059,2016-04-24 04:00:00,0,0.0,4
8583815059,2016-04-24 05:00:00,0,0.0,5
8583815059,2016-04-24 06:00:00,0,0.0,6
8583815059,2016-04-24 07:00:00,0,0.0,7
8583815059,2016-04-24 08:00:00,0,0.0,8
8583815059,2016-04-24 09:00:00,0,0.0,9
8583815059,2016-04-24 10:00:00,7,0.116667,10
8583815059,2016-04-24 11:00:00,4,0.066667,11
8583815059,2016-04-24 12:00:00,5,0.083333,12
8583815059,2016-04-24 13:00:00,23,0.383333,13
8583815059,2016-04-24 14:00:00,52,0.866667,14
8583815059,2016-04-24 15:00:00,69,1.15,15
8583815059,2016-04-24 16:00:00,52,0.866667,16
8583815059,2016-04-24 17:00:00,39,0.65,17
8583815059,2016-04-24 18:00:00,2,0.033333,18
8583815059,2016-04-24 19:00:00,17,0.283333,19
8583815059,2016-04-24 20:00:00,1,0.016667,20
8583815059,2016-04-24 21:00:00,3,0.05,21
8583815059,2016-04-24 22:00:00,4,0.066667,22
8583815059,2016-04-24 23:00:00,7,0.116667,23
8583815059,2016-04-25 00:00:00,0,0.0,0
8583815059,2016-04-25 01:00:00,0,0.0,1
8583815059,2016-04-25 02:00:00,0,0.0,2
8583815059,2016-04-25 03:00:00,0,0.0,3
8583815059,2016-04-25 04:00:00,0,0.0,4
8583815059,2016-04-25 05:00:00,0,0.0,5
8583815059,2016-04-25 06:00:00,0,0.0,6
8583815059,2016-04-25 07:00:00,0,0.0,7
8583815059,2016-04-25 08:00:00,0,0.0,8
8583815059,2016-04-25 09:00:00,32,0.533333,9
8583815059,2016-04-25 10:00:00,48,0.8,10
8583815059,2016-04-25 11:00:00,10,0.166667,11
8583815059,2016-04-25 12:00:00,8,0.133333,12
8583815059,2016-04-25 13:00:00,11,0.183333,13
8583815059,2016-04-25 14:00:00,0,0.0,14
8583815059,2016-04-25 15:00:00,21,0.35,15
8583815059,2016-04-25 16:00:00,20,0.333333,16
8583815059,2016-04-25 17:00:00,3,0.05,17
8583815059,2016-04-25 18:00:00,2,0.033333,18
8583815059,2016-04-25 19:00:00,5,0.083333,19
8583815059,2016-04-25 20:00:00,10,0.166667,20
8583815059,2016-04-25 21:00:00,3,0.05,21
8583815059,2016-04-25 22:00:00,7,0.116667,22
8583815059,2016-04-25 23:00:00,8,0.133333,23
8583815059,2016-04-26 00:00:00,0,0.0,0
8583815059,2016-04-26 01:00:00,0,0.0,1
8583815059,2016-04-26 02:00:00,0,0.0,2
8583815059,2016-04-26 03:00:00,0,0.0,3
8583815059,2016-04-26 04:00:00,0,0.0,4
8583815059,2016-04-26 05:00:00,0,0.0,5
8583815059,2016-04-26 06:00:00,0,0.0,6
8583815059,2016-04-26 07:00:00,0,0.0,7
8583815059,2016-04-26 08:00:00,0,0.0,8
8583815059,2016-04-26 09:00:00,3,0.05,9
8583815059,2016-04-26 10:00:00,20,0.333333,10
8583815059,2016-04-26 11:00:00,52,0.866667,11
8583815059,2016-04-26 12:00:00,55,0.916667,12
8583815059,2016-04-26 13:00:00,27,0.45,13
8583815059,2016-04-26 14:00:00,35,0.583333,14
8583815059,2016-04-26 15:00:00,100,1.666667,15
8583815059,2016-04-26 16:00:00,41,0.683333,16
8583815059,2016-04-26 17:00:00,20,0.333333,17
8583815059,2016-04-26 18:00:00,9,0.15,18
8583815059,2016-04-26 19:00:00,23,0.383333,19
8583815059,2016-04-26 20:00:00,10,0.166667,20
8583815059,2016-04-26 21:00:00,3,0.05,21
8583815059,2016-04-26 22:00:00,1,0.016667,22
8583815059,2016-04-26 23:00:00,0,0.0,23
8583815059,2016-04-27 00:00:00,5,0.083333,0
8583815059,2016-04-27 01:00:00,0,0.0,1
8583815059,2016-04-27 02:00:00,0,0.0,2
8583815059,2016-04-27 03:00:00,0,0.0,3
8583815059,2016-04-27 04:00:00,0,0.0,4
8583815059,2016-04-27 05:00:00,0,0.0,5
8583815059,2016-04-27 06:00:00,0,0.0,6
8583815059,2016-04-27 07:00:00,0,0.0,7
8583815059,2016-04-27 08:00:00,0,0.0,8
8583815059,2016-04-27 09:00:00,0,0.0,9
8583815059,2016-04-27 10:00:00,2,0.033333,10
8583815059,2016-04-27 11:00:00,3,0.05,11
8583815059,2016-04-27 12:00:00,10,0.166667,12
8583815059,2016-04-27 13:00:00,64,1.066667,13
8583815059,2016-04-27 14:00:00,43,0.716667,14
8583815059,2016-04-27 15:00:00,178,2.966667,15
8583815059,2016-04-27 16:00:00,32,0.533333,16
8583815059,2016-04-27 17:00:00,4,0.066667,17
8583815059,2016-04-27 18:00:00,2,0.033333,18
8583815059,2016-04-27 19:00:00,4,0.066667,19
8583815059,2016-04-27 20:00:00,4,0.066667,20
8583815059,2016-04-27 21:00:00,9,0.15,21
8583815059,2016-04-27 22:00:00,3,0.05,22
8583815059,2016-04-27 23:00:00,7,0.116667,23
8583815059,2016-04-28 00:00:00,0,0.0,0
8583815059,2016-04-28 01:00:00,0,0.0,1
8583815059,2016-04-28 02:00:00,0,0.0,2
8583815059,2016-04-28 03:00:00,0,0.0,3
8583815059,2016-04-28 04:00:00,0,0.0,4
8583815059,2016-04-28 05:00:00,0,0.0,5
8583815059,2016-04-28 06:00:00,0,0.0,6
8583815059,2016-04-28 07:00:00,0,0.0,7
8583815059,2016-04-28 08:00:00,0,0.0,8
8583815059,2016-04-28 09:00:00,21,0.35,9
8583815059,2016-04-28 10:00:00,2,0.033333,10
8583815059,2016-04-28 11:00:00,7,0.116667,11
8583815059,2016-04-28 12:00:00,27,0.45,12
8583815059,2016-04-28 13:00:00,59,0.983333,13
8583815059,2016-04-28 14:00:00,59,0.983333,14
8583815059,2016-04-28 15:00:00,14,0.233333,15
8583815059,2016-04-28 16:00:00,12,0.2,16
8583815059,2016-04-28 17:00:00,9,0.15,17
8583815059,2016-04-28 18:00:00,5,0.083333,18
8583815059,2016-04-28 19:00:00,11,0.183333,19
8583815059,2016-04-28 20:00:00,11,0.183333,20
8583815059,2016-04-28 21:00:00,9,0.15,21
8583815059,2016-04-28 22:00:00,5,0.083333,22
8583815059,2016-04-28 23:00:00,8,0.133333,23
8583815059,2016-04-29 00:00:00,0,0.0,0
8583815059,2016-04-29 01:00:00,0,0.0,1
8583815059,2016-04-29 02:00:00,0,0.0,2
8583815059,2016-04-29 03:00:00,0,0.0,3
8583815059,2016-04-29 04:00:00,0,0.0,4
8583815059,2016-04-29 05:00:00,0,0.0,5
8583815059,2016-04-29 06:00:00,0,0.0,6
8583815059,2016-04-29 07:00:00,8,0.133333,7
8583815059,2016-04-29 08:00:00,110,1.833333,8
8583815059,2016-04-29 09:00:00,4,0.066667,9
8583815059,2016-04-29 10:00:00,14,0.233333,10
8583815059,2016-04-29 11:00:00,19,0.316667,11
8583815059,2016-04-29 12:00:00,22,0.366667,12
8583815059,2016-04-29 13:00:00,65,1.083333,13
8583815059,2016-04-29 14:00:00,75,1.25,14
8583815059,2016-04-29 15:00:00,103,1.716667,15
8583815059,2016-04-29 16:00:00,43,0.716667,16
8583815059,2016-04-29 17:00:00,12,0.2,17
8583815059,2016-04-29 18:00:00,19,0.316667,18
8583815059,2016-04-29 19:00:00,7,0.116667,19
8583815059,2016-04-29 20:00:00,4,0.066667,20
8583815059,2016-04-29 21:00:00,12,0.2,21
8583815059,2016-04-29 22:00:00,10,0.166667,22
8583815059,2016-04-29 23:00:00,3,0.05,23
8583815059,2016-04-30 00:00:00,6,0.1,0
8583815059,2016-04-30 01:00:00,0,0.0,1
8583815059,2016-04-30 02:00:00,0,0.0,2
8583815059,2016-04-30 03:00:00,0,0.0,3
8583815059,2016-04-30 04:00:00,0,0.0,4
8583815059,2016-04-30 05:00:00,0,0.0,5
8583815059,2016-04-30 06:00:00,0,0.0,6
8583815059,2016-04-30 07:00:00,0,0.0,7
8583815059,2016-04-30 08:00:00,0,0.0,8
8583815059,2016-04-30 09:00:00,1,0.016667,9
8583815059,2016-04-30 10:00:00,21,0.35,10
8583815059,2016-04-30 11:00:00,21,0.35,11
8583815059,2016-04-30 12:00:00,67,1.116667,12
8583815059,2016-04-30 13:00:00,59,0.983333,13
8583815059,2016-04-30 14:00:00,23,0.383333,14
8583815059,2016-04-30 15:00:00,33,0.55,15
8583815059,2016-04-30 16:00:00,21,0.35,16
8583815059,2016-04-30 17:00:00,25,0.416667,17
8583815059,2016-04-30 18:00:00,18,0.3,18
8583815059,2016-04-30 19:00:00,13,0.216667,19
8583815059,2016-04-30 20:00:00,18,0.3,20
8583815059,2016-04-30 21:00:00,15,0.25,21
8583815059,2016-04-30 22:00:00,20,0.333333,22
8583815059,2016-04-30 23:00:00,18,0.3,23
8583815059,2016-05-01 00:00:00,55,0.916667,0
8583815059,2016-05-01 01:00:00,6,0.1,1
8583815059,2016-05-01 02:00:00,0,0.0,2
8583815059,2016-05-01 03:00:00,0,0.0,3
8583815059,2016-05-01 04:00:00,0,0.0,4
8583815059,2016-05-01 05:00:00,0,0.0,5
8583815059,2016-05-01 06:00:00,0,0.0,6
8583815059,2016-05-01 07:00:00,0,0.0,7
8583815059,2016-05-01 08:00:00,0,0.0,8
8583815059,2016-05-01 09:00:00,0,0.0,9
8583815059,2016-05-01 10:00:00,21,0.35,10
8583815059,2016-05-01 11:00:00,38,0.633333,11
8583815059,2016-05-01 12:00:00,25,0.416667,12
8583815059,2016-05-01 13:00:00,0,0.0,13
8583815059,2016-05-01 14:00:00,1,0.016667,14
8583815059,2016-05-01 15:00:00,0,0.0,15
8583815059,2016-05-01 16:00:00,5,0.083333,16
8583815059,2016-05-01 17:00:00,0,0.0,17
8583815059,2016-05-01 18:00:00,0,0.0,18
8583815059,2016-05-01 19:00:00,0,0.0,19
8583815059,2016-05-01 20:00:00,0,0.0,20
8583815059,2016-05-01 21:00:00,0,0.0,21
8583815059,2016-05-01 22:00:00,0,0.0,22
8583815059,2016-05-01 23:00:00,0,0.0,23
8583815059,2016-05-02 00:00:00,0,0.0,0
8583815059,2016-05-02 01:00:00,0,0.0,1
8583815059,2016-05-02 02:00:00,0,0.0,2
8583815059,2016-05-02 03:00:00,0,0.0,3
8583815059,2016-05-02 04:00:00,0,0.0,4
8583815059,2016-05-02 05:00:00,0,0.0,5
8583815059,2016-05-02 06:00:00,0,0.0,6
8583815059,2016-05-02 07:00:00,0,0.0,7
8583815059,2016-05-02 08:00:00,0,0.0,8
8583815059,2016-05-02 09:00:00,0,0.0,9
8583815059,2016-05-02 10:00:00,0,0.0,10
8583815059,2016-05-02 11:00:00,0,0.0,11
8583815059,2016-05-02 12:00:00,0,0.0,12
8583815059,2016-05-02 13:00:00,0,0.0,13
8583815059,2016-05-02 14:00:00,0,0.0,14
8583815059,2016-05-02 15:00:00,0,0.0,15
8583815059,2016-05-02 16:00:00,0,0.0,16
8583815059,2016-05-02 17:00:00,0,0.0,17
8583815059,2016-05-02 18:00:00,0,0.0,18
8583815059,2016-05-02 19:00:00,0,0.0,19
8583815059,2016-05-02 20:00:00,0,0.0,20
8583815059,2016-05-02 21:00:00,0,0.0,21
8583815059,2016-05-02 22:00:00,0,0.0,22
8583815059,2016-05-02 23:00:00,0,0.0,23
8583815059,2016-05-03 00:00:00,0,0.0,0
8583815059,2016-05-03 01:00:00,0,0.0,1
8583815059,2016-05-03 02:00:00,0,0.0,2
8583815059,2016-05-03 03:00:00,0,0.0,3
8583815059,2016-05-03 04:00:00,0,0.0,4
8583815059,2016-05-03 05:00:00,0,0.0,5
8583815059,2016-05-03 06:00:00,0,0.0,6
8583815059,2016-05-03 07:00:00,0,0.0,7
8583815059,2016-05-03 08:00:00,0,0.0,8
8583815059,2016-05-03 09:00:00,0,0.0,9
8583815059,2016-05-03 10:00:00,0,0.0,10
8583815059,2016-05-03 11:00:00,0,0.0,11
8583815059,2016-05-03 12:00:00,0,0.0,12
8583815059,2016-05-03 13:00:00,0,0.0,13
8583815059,2016-05-03 14:00:00,0,0.0,14
8583815059,2016-05-03 15:00:00,0,0.0,15
8583815059,2016-05-03 16:00:00,0,0.0,16
8583815059,2016-05-03 17:00:00,0,0.0,17
8583815059,2016-05-03 18:00:00,0,0.0,18
8583815059,2016-05-03 19:00:00,0,0.0,19
8583815059,2016-05-03 20:00:00,0,0.0,20
8583815059,2016-05-03 21:00:00,0,0.0,21
8583815059,2016-05-03 22:00:00,0,0.0,22
8583815059,2016-05-03 23:00:00,0,0.0,23
8583815059,2016-05-04 00:00:00,0,0.0,0
8583815059,2016-05-04 01:00:00,0,0.0,1
8583815059,2016-05-04 02:00:00,0,0.0,2
8583815059,2016-05-04 03:00:00,0,0.0,3
8583815059,2016-05-04 04:00:00,0,0.0,4
8583815059,2016-05-04 05:00:00,0,0.0,5
8583815059,2016-05-04 06:00:00,0,0.0,6
8583815059,2016-05-04 07:00:00,0,0.0,7
8583815059,2016-05-04 08:00:00,0,0.0,8
8583815059,2016-05-04 09:00:00,0,0.0,9
8583815059,2016-05-04 10:00:00,0,0.0,10
8583815059,2016-05-04 11:00:00,0,0.0,11
8583815059,2016-05-04 12:00:00,0,0.0,12
8583815059,2016-05-04 13:00:00,0,0.0,13
8583815059,2016-05-04 14:00:00,0,0.0,14
8583815059,2016-05-04 15:00:00,0,0.0,15
8583815059,2016-05-04 16:00:00,0,0.0,16
8583815059,2016-05-04 17:00:00,0,0.0,17
8583815059,2016-05-04 18:00:00,0,0.0,18
8583815059,2016-05-04 19:00:00,0,0.0,19
8583815059,2016-05-04 20:00:00,0,0.0,20
8583815059,2016-05-04 21:00:00,0,0.0,21
8583815059,2016-05-04 22:00:00,0,0.0,22
8583815059,2016-05-04 23:00:00,0,0.0,23
8583815059,2016-05-05 00:00:00,0,0.0,0
8583815059,2016-05-05 01:00:00,0,0.0,1
8583815059,2016-05-05 02:00:00,0,0.0,2
8583815059,2016-05-05 03:00:00,0,0.0,3
8583815059,2016-05-05 04:00:00,0,0.0,4
8583815059,2016-05-05 05:00:00,0,0.0,5
8583815059,2016-05-05 06:00:00,0,0.0,6
8583815059,2016-05-05 07:00:00,0,0.0,7
8583815059,2016-05-05 08:00:00,0,0.0,8
8583815059,2016-05-05 09:00:00,0,0.0,9
8583815059,2016-05-05 10:00:00,0,0.0,10
8583815059,2016-05-05 11:00:00,0,0.0,11
8583815059,2016-05-05 12:00:00,0,0.0,12
8583815059,2016-05-05 13:00:00,0,0.0,13
8583815059,2016-05-05 14:00:00,0,0.0,14
8583815059,2016-05-05 15:00:00,0,0.0,15
8583815059,2016-05-05 16:00:00,0,0.0,16
8583815059,2016-05-05 17:00:00,0,0.0,17
8583815059,2016-05-05 18:00:00,24,0.4,18
8583815059,2016-05-05 19:00:00,12,0.2,19
8583815059,2016-05-05 20:00:00,13,0.216667,20
8583815059,2016-05-05 21:00:00,7,0.116667,21
8583815059,2016-05-05 22:00:00,11,0.183333,22
8583815059,2016-05-05 23:00:00,3,0.05,23
8583815059,2016-05-06 00:00:00,1,0.016667,0
8583815059,2016-05-06 01:00:00,0,0.0,1
8583815059,2016-05-06 02:00:00,0,0.0,2
8583815059,2016-05-06 03:00:00,0,0.0,3
8583815059,2016-05-06 04:00:00,0,0.0,4
8583815059,2016-05-06 05:00:00,0,0.0,5
8583815059,2016-05-06 06:00:00,0,0.0,6
8583815059,2016-05-06 07:00:00,0,0.0,7
8583815059,2016-05-06 08:00:00,0,0.0,8
8583815059,2016-05-06 09:00:00,0,0.0,9
8583815059,2016-05-06 10:00:00,5,0.083333,10
8583815059,2016-05-06 11:00:00,18,0.3,11
8583815059,2016-05-06 12:00:00,44,0.733333,12
8583815059,2016-05-06 13:00:00,55,0.916667,13
8583815059,2016-05-06 14:00:00,11,0.183333,14
8583815059,2016-05-06 15:00:00,1,0.016667,15
8583815059,2016-05-06 16:00:00,1,0.016667,16
8583815059,2016-05-06 17:00:00,3,0.05,17
8583815059,2016-05-06 18:00:00,0,0.0,18
8583815059,2016-05-06 19:00:00,30,0.5,19
8583815059,2016-05-06 20:00:00,26,0.433333,20
8583815059,2016-05-06 21:00:00,5,0.083333,21
8583815059,2016-05-06 22:00:00,9,0.15,22
8583815059,2016-05-06 23:00:00,7,0.116667,23
8583815059,2016-05-07 00:00:00,5,0.083333,0
8583815059,2016-05-07 01:00:00,0,0.0,1
8583815059,2016-05-07 02:00:00,0,0.0,2
8583815059,2016-05-07 03:00:00,0,0.0,3
8583815059,2016-05-07 04:00:00,0,0.0,4
8583815059,2016-05-07 05:00:00,0,0.0,5
8583815059,2016-05-07 06:00:00,0,0.0,6
8583815059,2016-05-07 07:00:00,0,0.0,7
8583815059,2016-05-07 08:00:00,0,0.0,8
8583815059,2016-05-07 09:00:00,18,0.3,9
8583815059,2016-05-07 10:00:00,10,0.166667,10
8583815059,2016-05-07 11:00:00,13,0.216667,11
8583815059,2016-05-07 12:00:00,19,0.316667,12
8583815059,2016-05-07 13:00:00,20,0.333333,13
8583815059,2016-05-07 14:00:00,20,0.333333,14
8583815059,2016-05-07 15:00:00,24,0.4,15
8583815059,2016-05-07 16:00:00,6,0.1,16
8583815059,2016-05-07 17:00:00,6,0.1,17
8583815059,2016-05-07 18:00:00,22,0.366667,18
8583815059,2016-05-07 19:00:00,26,0.433333,19
8583815059,2016-05-07 20:00:00,21,0.35,20
8583815059,2016-05-07 21:00:00,22,0.366667,21
8583815059,2016-05-07 22:00:00,9,0.15,22
8583815059,2016-05-07 23:00:00,9,0.15,23
8583815059,2016-05-08 00:00:00,5,0.083333,0
8583815059,2016-05-08 01:00:00,8,0.133333,1
8583815059,2016-05-08 02:00:00,0,0.0,2
8583815059,2016-05-08 03:00:00,0,0.0,3
8583815059,2016-05-08 04:00:00,0,0.0,4
8583815059,2016-05-08 05:00:00,0,0.0,5
8583815059,2016-05-08 06:00:00,0,0.0,6
8583815059,2016-05-08 07:00:00,0,0.0,7
8583815059,2016-05-08 08:00:00,0,0.0,8
8583815059,2016-05-08 09:00:00,0,0.0,9
8583815059,2016-05-08 10:00:00,6,0.1,10
8583815059,2016-05-08 11:00:00,15,0.25,11
8583815059,2016-05-08 12:00:00,79,1.316667,12
8583815059,2016-05-08 13:00:00,83,1.383333,13
8583815059,2016-05-08 14:00:00,62,1.033333,14
8583815059,2016-05-08 15:00:00,11,0.183333,15
8583815059,2016-05-08 16:00:00,2,0.033333,16
8583815059,2016-05-08 17:00:00,0,0.0,17
8583815059,2016-05-08 18:00:00,9,0.15,18
8583815059,2016-05-08 19:00:00,38,0.633333,19
8583815059,2016-05-08 20:00:00,12,0.2,20
8583815059,2016-05-08 21:00:00,0,0.0,21
8583815059,2016-05-08 22:00:00,1,0.016667,22
8583815059,2016-05-08 23:00:00,4,0.066667,23
8583815059,2016-05-09 00:00:00,0,0.0,0
8583815059,2016-05-09 01:00:00,0,0.0,1
8583815059,2016-05-09 02:00:00,0,0.0,2
8583815059,2016-05-09 03:00:00,0,0.0,3
8583815059,2016-05-09 04:00:00,0,0.0,4
8583815059,2016-05-09 05:00:00,0,0.0,5
8583815059,2016-05-09 06:00:00,0,0.0,6
8583815059,2016-05-09 07:00:00,0,0.0,7
8583815059,2016-05-09 08:00:00,0,0.0,8
8583815059,2016-05-09 09:00:00,5,0.083333,9
8583815059,2016-05-09 10:00:00,0,0.0,10
8583815059,2016-05-09 11:00:00,5,0.083333,11
8583815059,2016-05-09 12:00:00,3,0.05,12
8583815059,2016-05-09 13:00:00,0,0.0,13
8583815059,2016-05-09 14:00:00,26,0.433333,14
8583815059,2016-05-09 15:00:00,176,2.933333,15
8583815059,2016-05-09 16:00:00,31,0.516667,16
8583815059,2016-05-09 17:00:00,0,0.0,17
8583815059,2016-05-09 18:00:00,1,0.016667,18
8583815059,2016-05-09 19:00:00,28,0.466667,19
8583815059,2016-05-09 20:00:00,25,0.416667,20
8583815059,2016-05-09 21:00:00,7,0.116667,21
8583815059,2016-05-09 22:00:00,8,0.133333,22
8583815059,2016-05-09 23:00:00,1,0.016667,23
8583815059,2016-05-10 00:00:00,11,0.183333,0
8583815059,2016-05-10 01:00:00,0,0.0,1
8583815059,2016-05-10 02:00:00,0,0.0,2
8583815059,2016-05-10 03:00:00,0,0.0,3
8583815059,2016-05-10 04:00:00,0,0.0,4
8583815059,2016-05-10 05:00:00,0,0.0,5
8583815059,2016-05-10 06:00:00,0,0.0,6
8583815059,2016-05-10 07:00:00,0,0.0,7
8583815059,2016-05-10 08:00:00,0,0.0,8
8583815059,2016-05-10 09:00:00,12,0.2,9
8583815059,2016-05-10 10:00:00,12,0.2,10
8583815059,2016-05-10 11:00:00,29,0.483333,11
8583815059,2016-05-10 12:00:00,82,1.366667,12
8583815059,2016-05-10 13:00:00,73,1.216667,13
8583815059,2016-05-10 14:00:00,18,0.3,14
8583815059,2016-05-10 15:00:00,0,0.0,15
8583815059,2016-05-10 16:00:00,3,0.05,16
8583815059,2016-05-10 17:00:00,1,0.016667,17
8583815059,2016-05-10 18:00:00,5,0.083333,18
8583815059,2016-05-10 19:00:00,13,0.216667,19
8583815059,2016-05-10 20:00:00,6,0.1,20
8583815059,2016-05-10 21:00:00,5,0.083333,21
8583815059,2016-05-10 22:00:00,2,0.033333,22
8583815059,2016-05-10 23:00:00,3,0.05,23
8583815059,2016-05-11 00:00:00,6,0.1,0
8583815059,2016-05-11 01:00:00,0,0.0,1
8583815059,2016-05-11 02:00:00,0,0.0,2
8583815059,2016-05-11 03:00:00,0,0.0,3
8583815059,2016-05-11 04:00:00,0,0.0,4
8583815059,2016-05-11 05:00:00,0,0.0,5
8583815059,2016-05-11 06:00:00,0,0.0,6
8583815059,2016-05-11 07:00:00,0,0.0,7
8583815059,2016-05-11 08:00:00,0,0.0,8
8583815059,2016-05-11 09:00:00,4,0.066667,9
8583815059,2016-05-11 10:00:00,0,0.0,10
8583815059,2016-05-11 11:00:00,6,0.1,11
8583815059,2016-05-11 12:00:00,20,0.333333,12
8583815059,2016-05-11 13:00:00,80,1.333333,13
8583815059,2016-05-11 14:00:00,97,1.616667,14
8583815059,2016-05-11 15:00:00,17,0.283333,15
8583815059,2016-05-11 16:00:00,38,0.633333,16
8583815059,2016-05-11 17:00:00,11,0.183333,17
8583815059,2016-05-11 18:00:00,8,0.133333,18
8583815059,2016-05-11 19:00:00,1,0.016667,19
8583815059,2016-05-11 20:00:00,29,0.483333,20
8583815059,2016-05-11 21:00:00,10,0.166667,21
8792009665,2016-04-12 00:00:00,0,0.0,0
8792009665,2016-04-12 01:00:00,0,0.0,1
8792009665,2016-04-12 02:00:00,3,0.05,2
8792009665,2016-04-12 03:00:00,0,0.0,3
8792009665,2016-04-12 04:00:00,0,0.0,4
8792009665,2016-04-12 05:00:00,0,0.0,5
8792009665,2016-04-12 06:00:00,0,0.0,6
8792009665,2016-04-12 07:00:00,0,0.0,7
8792009665,2016-04-12 08:00:00,3,0.05,8
8792009665,2016-04-12 09:00:00,0,0.0,9
8792009665,2016-04-12 10:00:00,6,0.1,10
8792009665,2016-04-12 11:00:00,3,0.05,11
8792009665,2016-04-12 12:00:00,16,0.266667,12
8792009665,2016-04-12 13:00:00,1,0.016667,13
8792009665,2016-04-12 14:00:00,1,0.016667,14
8792009665,2016-04-12 15:00:00,5,0.083333,15
8792009665,2016-04-12 16:00:00,7,0.116667,16
8792009665,2016-04-12 17:00:00,2,0.033333,17
8792009665,2016-04-12 18:00:00,22,0.366667,18
8792009665,2016-04-12 19:00:00,29,0.483333,19
8792009665,2016-04-12 20:00:00,4,0.066667,20
8792009665,2016-04-12 21:00:00,1,0.016667,21
8792009665,2016-04-12 22:00:00,3,0.05,22
8792009665,2016-04-12 23:00:00,10,0.166667,23
8792009665,2016-04-13 00:00:00,12,0.2,0
8792009665,2016-04-13 01:00:00,3,0.05,1
8792009665,2016-04-13 02:00:00,1,0.016667,2
8792009665,2016-04-13 03:00:00,0,0.0,3
8792009665,2016-04-13 04:00:00,0,0.0,4
8792009665,2016-04-13 05:00:00,0,0.0,5
8792009665,2016-04-13 06:00:00,1,0.016667,6
8792009665,2016-04-13 07:00:00,3,0.05,7
8792009665,2016-04-13 08:00:00,0,0.0,8
8792009665,2016-04-13 09:00:00,0,0.0,9
8792009665,2016-04-13 10:00:00,4,0.066667,10
8792009665,2016-04-13 11:00:00,8,0.133333,11
8792009665,2016-04-13 12:00:00,2,0.033333,12
8792009665,2016-04-13 13:00:00,7,0.116667,13
8792009665,2016-04-13 14:00:00,0,0.0,14
8792009665,2016-04-13 15:00:00,4,0.066667,15
8792009665,2016-04-13 16:00:00,1,0.016667,16
8792009665,2016-04-13 17:00:00,4,0.066667,17
8792009665,2016-04-13 18:00:00,7,0.116667,18
8792009665,2016-04-13 19:00:00,11,0.183333,19
8792009665,2016-04-13 20:00:00,7,0.116667,20
8792009665,2016-04-13 21:00:00,2,0.033333,21
8792009665,2016-04-13 22:00:00,5,0.083333,22
8792009665,2016-04-13 23:00:00,0,0.0,23
8792009665,2016-04-14 00:00:00,15,0.25,0
8792009665,2016-04-14 01:00:00,4,0.066667,1
8792009665,2016-04-14 02:00:00,2,0.033333,2
8792009665,2016-04-14 03:00:00,0,0.0,3
8792009665,2016-04-14 04:00:00,0,0.0,4
8792009665,2016-04-14 05:00:00,0,0.0,5
8792009665,2016-04-14 06:00:00,1,0.016667,6
8792009665,2016-04-14 07:00:00,0,0.0,7
8792009665,2016-04-14 08:00:00,1,0.016667,8
8792009665,2016-04-14 09:00:00,0,0.0,9
8792009665,2016-04-14 10:00:00,0,0.0,10
8792009665,2016-04-14 11:00:00,13,0.216667,11
8792009665,2016-04-14 12:00:00,10,0.166667,12
8792009665,2016-04-14 13:00:00,2,0.033333,13
8792009665,2016-04-14 14:00:00,0,0.0,14
8792009665,2016-04-14 15:00:00,3,0.05,15
8792009665,2016-04-14 16:00:00,3,0.05,16
8792009665,2016-04-14 17:00:00,7,0.116667,17
8792009665,2016-04-14 18:00:00,13,0.216667,18
8792009665,2016-04-14 19:00:00,0,0.0,19
8792009665,2016-04-14 20:00:00,0,0.0,20
8792009665,2016-04-14 21:00:00,3,0.05,21
8792009665,2016-04-14 22:00:00,1,0.016667,22
8792009665,2016-04-14 23:00:00,6,0.1,23
8792009665,2016-04-15 00:00:00,12,0.2,0
8792009665,2016-04-15 01:00:00,3,0.05,1
8792009665,2016-04-15 02:00:00,2,0.033333,2
8792009665,2016-04-15 03:00:00,4,0.066667,3
8792009665,2016-04-15 04:00:00,1,0.016667,4
8792009665,2016-04-15 05:00:00,0,0.0,5
8792009665,2016-04-15 06:00:00,0,0.0,6
8792009665,2016-04-15 07:00:00,0,0.0,7
8792009665,2016-04-15 08:00:00,0,0.0,8
8792009665,2016-04-15 09:00:00,2,0.033333,9
8792009665,2016-04-15 10:00:00,4,0.066667,10
8792009665,2016-04-15 11:00:00,11,0.183333,11
8792009665,2016-04-15 12:00:00,4,0.066667,12
8792009665,2016-04-15 13:00:00,2,0.033333,13
8792009665,2016-04-15 14:00:00,0,0.0,14
8792009665,2016-04-15 15:00:00,3,0.05,15
8792009665,2016-04-15 16:00:00,10,0.166667,16
8792009665,2016-04-15 17:00:00,4,0.066667,17
8792009665,2016-04-15 18:00:00,29,0.483333,18
8792009665,2016-04-15 19:00:00,15,0.25,19
8792009665,2016-04-15 20:00:00,9,0.15,20
8792009665,2016-04-15 21:00:00,0,0.0,21
8792009665,2016-04-15 22:00:00,7,0.116667,22
8792009665,2016-04-15 23:00:00,4,0.066667,23
8792009665,2016-04-16 00:00:00,4,0.066667,0
8792009665,2016-04-16 01:00:00,8,0.133333,1
8792009665,2016-04-16 02:00:00,0,0.0,2
8792009665,2016-04-16 03:00:00,0,0.0,3
8792009665,2016-04-16 04:00:00,0,0.0,4
8792009665,2016-04-16 05:00:00,0,0.0,5
8792009665,2016-04-16 06:00:00,0,0.0,6
8792009665,2016-04-16 07:00:00,0,0.0,7
8792009665,2016-04-16 08:00:00,0,0.0,8
8792009665,2016-04-16 09:00:00,0,0.0,9
8792009665,2016-04-16 10:00:00,0,0.0,10
8792009665,2016-04-16 11:00:00,0,0.0,11
8792009665,2016-04-16 12:00:00,0,0.0,12
8792009665,2016-04-16 13:00:00,0,0.0,13
8792009665,2016-04-16 14:00:00,0,0.0,14
8792009665,2016-04-16 15:00:00,0,0.0,15
8792009665,2016-04-16 16:00:00,0,0.0,16
8792009665,2016-04-16 17:00:00,0,0.0,17
8792009665,2016-04-16 18:00:00,0,0.0,18
8792009665,2016-04-16 19:00:00,0,0.0,19
8792009665,2016-04-16 20:00:00,0,0.0,20
8792009665,2016-04-16 21:00:00,0,0.0,21
8792009665,2016-04-16 22:00:00,0,0.0,22
8792009665,2016-04-16 23:00:00,0,0.0,23
8792009665,2016-04-17 00:00:00,0,0.0,0
8792009665,2016-04-17 01:00:00,0,0.0,1
8792009665,2016-04-17 02:00:00,0,0.0,2
8792009665,2016-04-17 03:00:00,0,0.0,3
8792009665,2016-04-17 04:00:00,0,0.0,4
8792009665,2016-04-17 05:00:00,0,0.0,5
8792009665,2016-04-17 06:00:00,0,0.0,6
8792009665,2016-04-17 07:00:00,0,0.0,7
8792009665,2016-04-17 08:00:00,0,0.0,8
8792009665,2016-04-17 09:00:00,0,0.0,9
8792009665,2016-04-17 10:00:00,0,0.0,10
8792009665,2016-04-17 11:00:00,0,0.0,11
8792009665,2016-04-17 12:00:00,0,0.0,12
8792009665,2016-04-17 13:00:00,0,0.0,13
8792009665,2016-04-17 14:00:00,0,0.0,14
8792009665,2016-04-17 15:00:00,0,0.0,15
8792009665,2016-04-17 16:00:00,0,0.0,16
8792009665,2016-04-17 17:00:00,0,0.0,17
8792009665,2016-04-17 18:00:00,0,0.0,18
8792009665,2016-04-17 19:00:00,0,0.0,19
8792009665,2016-04-17 20:00:00,0,0.0,20
8792009665,2016-04-17 21:00:00,0,0.0,21
8792009665,2016-04-17 22:00:00,0,0.0,22
8792009665,2016-04-17 23:00:00,0,0.0,23
8792009665,2016-04-18 00:00:00,0,0.0,0
8792009665,2016-04-18 01:00:00,0,0.0,1
8792009665,2016-04-18 02:00:00,0,0.0,2
8792009665,2016-04-18 03:00:00,0,0.0,3
8792009665,2016-04-18 04:00:00,0,0.0,4
8792009665,2016-04-18 05:00:00,0,0.0,5
8792009665,2016-04-18 06:00:00,0,0.0,6
8792009665,2016-04-18 07:00:00,0,0.0,7
8792009665,2016-04-18 08:00:00,0,0.0,8
8792009665,2016-04-18 09:00:00,0,0.0,9
8792009665,2016-04-18 10:00:00,0,0.0,10
8792009665,2016-04-18 11:00:00,0,0.0,11
8792009665,2016-04-18 12:00:00,0,0.0,12
8792009665,2016-04-18 13:00:00,0,0.0,13
8792009665,2016-04-18 14:00:00,0,0.0,14
8792009665,2016-04-18 15:00:00,0,0.0,15
8792009665,2016-04-18 16:00:00,0,0.0,16
8792009665,2016-04-18 17:00:00,0,0.0,17
8792009665,2016-04-18 18:00:00,0,0.0,18
8792009665,2016-04-18 19:00:00,0,0.0,19
8792009665,2016-04-18 20:00:00,0,0.0,20
8792009665,2016-04-18 21:00:00,0,0.0,21
8792009665,2016-04-18 22:00:00,0,0.0,22
8792009665,2016-04-18 23:00:00,0,0.0,23
8792009665,2016-04-19 00:00:00,0,0.0,0
8792009665,2016-04-19 01:00:00,0,0.0,1
8792009665,2016-04-19 02:00:00,0,0.0,2
8792009665,2016-04-19 03:00:00,0,0.0,3
8792009665,2016-04-19 04:00:00,0,0.0,4
8792009665,2016-04-19 05:00:00,0,0.0,5
8792009665,2016-04-19 06:00:00,0,0.0,6
8792009665,2016-04-19 07:00:00,0,0.0,7
8792009665,2016-04-19 08:00:00,0,0.0,8
8792009665,2016-04-19 09:00:00,0,0.0,9
8792009665,2016-04-19 10:00:00,0,0.0,10
8792009665,2016-04-19 11:00:00,0,0.0,11
8792009665,2016-04-19 12:00:00,0,0.0,12
8792009665,2016-04-19 13:00:00,0,0.0,13
8792009665,2016-04-19 14:00:00,0,0.0,14
8792009665,2016-04-19 15:00:00,0,0.0,15
8792009665,2016-04-19 16:00:00,0,0.0,16
8792009665,2016-04-19 17:00:00,0,0.0,17
8792009665,2016-04-19 18:00:00,0,0.0,18
8792009665,2016-04-19 19:00:00,0,0.0,19
8792009665,2016-04-19 20:00:00,0,0.0,20
8792009665,2016-04-19 21:00:00,0,0.0,21
8792009665,2016-04-19 22:00:00,0,0.0,22
8792009665,2016-04-19 23:00:00,0,0.0,23
8792009665,2016-04-20 00:00:00,0,0.0,0
8792009665,2016-04-20 01:00:00,0,0.0,1
8792009665,2016-04-20 02:00:00,2,0.033333,2
8792009665,2016-04-20 03:00:00,0,0.0,3
8792009665,2016-04-20 04:00:00,0,0.0,4
8792009665,2016-04-20 05:00:00,1,0.016667,5
8792009665,2016-04-20 06:00:00,0,0.0,6
8792009665,2016-04-20 07:00:00,0,0.0,7
8792009665,2016-04-20 08:00:00,0,0.0,8
8792009665,2016-04-20 09:00:00,2,0.033333,9
8792009665,2016-04-20 10:00:00,0,0.0,10
8792009665,2016-04-20 11:00:00,8,0.133333,11
8792009665,2016-04-20 12:00:00,13,0.216667,12
8792009665,2016-04-20 13:00:00,0,0.0,13
8792009665,2016-04-20 14:00:00,1,0.016667,14
8792009665,2016-04-20 15:00:00,1,0.016667,15
8792009665,2016-04-20 16:00:00,5,0.083333,16
8792009665,2016-04-20 17:00:00,47,0.783333,17
8792009665,2016-04-20 18:00:00,10,0.166667,18
8792009665,2016-04-20 19:00:00,12,0.2,19
8792009665,2016-04-20 20:00:00,33,0.55,20
8792009665,2016-04-20 21:00:00,15,0.25,21
8792009665,2016-04-20 22:00:00,8,0.133333,22
8792009665,2016-04-20 23:00:00,1,0.016667,23
8792009665,2016-04-21 00:00:00,9,0.15,0
8792009665,2016-04-21 01:00:00,0,0.0,1
8792009665,2016-04-21 02:00:00,0,0.0,2
8792009665,2016-04-21 03:00:00,0,0.0,3
8792009665,2016-04-21 04:00:00,0,0.0,4
8792009665,2016-04-21 05:00:00,0,0.0,5
8792009665,2016-04-21 06:00:00,0,0.0,6
8792009665,2016-04-21 07:00:00,0,0.0,7
8792009665,2016-04-21 08:00:00,0,0.0,8
8792009665,2016-04-21 09:00:00,0,0.0,9
8792009665,2016-04-21 10:00:00,0,0.0,10
8792009665,2016-04-21 11:00:00,0,0.0,11
8792009665,2016-04-21 12:00:00,0,0.0,12
8792009665,2016-04-21 13:00:00,0,0.0,13
8792009665,2016-04-21 14:00:00,0,0.0,14
8792009665,2016-04-21 15:00:00,0,0.0,15
8792009665,2016-04-21 16:00:00,0,0.0,16
8792009665,2016-04-21 17:00:00,0,0.0,17
8792009665,2016-04-21 18:00:00,0,0.0,18
8792009665,2016-04-21 19:00:00,0,0.0,19
8792009665,2016-04-21 20:00:00,0,0.0,20
8792009665,2016-04-21 21:00:00,0,0.0,21
8792009665,2016-04-21 22:00:00,0,0.0,22
8792009665,2016-04-21 23:00:00,0,0.0,23
8792009665,2016-04-22 00:00:00,1,0.016667,0
8792009665,2016-04-22 01:00:00,4,0.066667,1
8792009665,2016-04-22 02:00:00,2,0.033333,2
8792009665,2016-04-22 03:00:00,0,0.0,3
8792009665,2016-04-22 04:00:00,0,0.0,4
8792009665,2016-04-22 05:00:00,0,0.0,5
8792009665,2016-04-22 06:00:00,0,0.0,6
8792009665,2016-04-22 07:00:00,1,0.016667,7
8792009665,2016-04-22 08:00:00,4,0.066667,8
8792009665,2016-04-22 09:00:00,6,0.1,9
8792009665,2016-04-22 10:00:00,7,0.116667,10
8792009665,2016-04-22 11:00:00,16,0.266667,11
8792009665,2016-04-22 12:00:00,11,0.183333,12
8792009665,2016-04-22 13:00:00,3,0.05,13
8792009665,2016-04-22 14:00:00,0,0.0,14
8792009665,2016-04-22 15:00:00,1,0.016667,15
8792009665,2016-04-22 16:00:00,35,0.583333,16
8792009665,2016-04-22 17:00:00,28,0.466667,17
8792009665,2016-04-22 18:00:00,34,0.566667,18
8792009665,2016-04-22 19:00:00,46,0.766667,19
8792009665,2016-04-22 20:00:00,32,0.533333,20
8792009665,2016-04-22 21:00:00,3,0.05,21
8792009665,2016-04-22 22:00:00,4,0.066667,22
8792009665,2016-04-22 23:00:00,0,0.0,23
8792009665,2016-04-23 00:00:00,21,0.35,0
8792009665,2016-04-23 01:00:00,20,0.333333,1
8792009665,2016-04-23 02:00:00,4,0.066667,2
8792009665,2016-04-23 03:00:00,2,0.033333,3
8792009665,2016-04-23 04:00:00,0,0.0,4
8792009665,2016-04-23 05:00:00,0,0.0,5
8792009665,2016-04-23 06:00:00,0,0.0,6
8792009665,2016-04-23 07:00:00,0,0.0,7
8792009665,2016-04-23 08:00:00,0,0.0,8
8792009665,2016-04-23 09:00:00,13,0.216667,9
8792009665,2016-04-23 10:00:00,21,0.35,10
8792009665,2016-04-23 11:00:00,33,0.55,11
8792009665,2016-04-23 12:00:00,9,0.15,12
8792009665,2016-04-23 13:00:00,84,1.4,13
8792009665,2016-04-23 14:00:00,21,0.35,14
8792009665,2016-04-23 15:00:00,31,0.516667,15
8792009665,2016-04-23 16:00:00,30,0.5,16
8792009665,2016-04-23 17:00:00,14,0.233333,17
8792009665,2016-04-23 18:00:00,23,0.383333,18
8792009665,2016-04-23 19:00:00,2,0.033333,19
8792009665,2016-04-23 20:00:00,10,0.166667,20
8792009665,2016-04-23 21:00:00,3,0.05,21
8792009665,2016-04-23 22:00:00,4,0.066667,22
8792009665,2016-04-23 23:00:00,1,0.016667,23
8792009665,2016-04-24 00:00:00,6,0.1,0
8792009665,2016-04-24 01:00:00,38,0.633333,1
8792009665,2016-04-24 02:00:00,0,0.0,2
8792009665,2016-04-24 03:00:00,0,0.0,3
8792009665,2016-04-24 04:00:00,0,0.0,4
8792009665,2016-04-24 05:00:00,0,0.0,5
8792009665,2016-04-24 06:00:00,0,0.0,6
8792009665,2016-04-24 07:00:00,0,0.0,7
8792009665,2016-04-24 08:00:00,0,0.0,8
8792009665,2016-04-24 09:00:00,0,0.0,9
8792009665,2016-04-24 10:00:00,0,0.0,10
8792009665,2016-04-24 11:00:00,0,0.0,11
8792009665,2016-04-24 12:00:00,0,0.0,12
8792009665,2016-04-24 13:00:00,0,0.0,13
8792009665,2016-04-24 14:00:00,0,0.0,14
8792009665,2016-04-24 15:00:00,0,0.0,15
8792009665,2016-04-24 16:00:00,0,0.0,16
8792009665,2016-04-24 17:00:00,0,0.0,17
8792009665,2016-04-24 18:00:00,0,0.0,18
8792009665,2016-04-24 19:00:00,0,0.0,19
8792009665,2016-04-24 20:00:00,0,0.0,20
8792009665,2016-04-24 21:00:00,0,0.0,21
8792009665,2016-04-24 22:00:00,0,0.0,22
8792009665,2016-04-24 23:00:00,0,0.0,23
8792009665,2016-04-25 00:00:00,0,0.0,0
8792009665,2016-04-25 01:00:00,0,0.0,1
8792009665,2016-04-25 02:00:00,0,0.0,2
8792009665,2016-04-25 03:00:00,0,0.0,3
8792009665,2016-04-25 04:00:00,0,0.0,4
8792009665,2016-04-25 05:00:00,0,0.0,5
8792009665,2016-04-25 06:00:00,0,0.0,6
8792009665,2016-04-25 07:00:00,0,0.0,7
8792009665,2016-04-25 08:00:00,0,0.0,8
8792009665,2016-04-25 09:00:00,0,0.0,9
8792009665,2016-04-25 10:00:00,0,0.0,10
8792009665,2016-04-25 11:00:00,0,0.0,11
8792009665,2016-04-25 12:00:00,0,0.0,12
8792009665,2016-04-25 13:00:00,0,0.0,13
8792009665,2016-04-25 14:00:00,0,0.0,14
8792009665,2016-04-25 15:00:00,0,0.0,15
8792009665,2016-04-25 16:00:00,0,0.0,16
8792009665,2016-04-25 17:00:00,0,0.0,17
8792009665,2016-04-25 18:00:00,0,0.0,18
8792009665,2016-04-25 19:00:00,0,0.0,19
8792009665,2016-04-25 20:00:00,0,0.0,20
8792009665,2016-04-25 21:00:00,0,0.0,21
8792009665,2016-04-25 22:00:00,0,0.0,22
8792009665,2016-04-25 23:00:00,0,0.0,23
8792009665,2016-04-26 00:00:00,0,0.0,0
8792009665,2016-04-26 01:00:00,0,0.0,1
8792009665,2016-04-26 02:00:00,0,0.0,2
8792009665,2016-04-26 03:00:00,0,0.0,3
8792009665,2016-04-26 04:00:00,0,0.0,4
8792009665,2016-04-26 05:00:00,0,0.0,5
8792009665,2016-04-26 06:00:00,0,0.0,6
8792009665,2016-04-26 07:00:00,0,0.0,7
8792009665,2016-04-26 08:00:00,0,0.0,8
8792009665,2016-04-26 09:00:00,6,0.1,9
8792009665,2016-04-26 10:00:00,1,0.016667,10
8792009665,2016-04-26 11:00:00,5,0.083333,11
8792009665,2016-04-26 12:00:00,6,0.1,12
8792009665,2016-04-26 13:00:00,2,0.033333,13
8792009665,2016-04-26 14:00:00,1,0.016667,14
8792009665,2016-04-26 15:00:00,2,0.033333,15
8792009665,2016-04-26 16:00:00,2,0.033333,16
8792009665,2016-04-26 17:00:00,19,0.316667,17
8792009665,2016-04-26 18:00:00,16,0.266667,18
8792009665,2016-04-26 19:00:00,1,0.016667,19
8792009665,2016-04-26 20:00:00,5,0.083333,20
8792009665,2016-04-26 21:00:00,6,0.1,21
8792009665,2016-04-26 22:00:00,3,0.05,22
8792009665,2016-04-26 23:00:00,5,0.083333,23
8792009665,2016-04-27 00:00:00,14,0.233333,0
8792009665,2016-04-27 01:00:00,10,0.166667,1
8792009665,2016-04-27 02:00:00,0,0.0,2
8792009665,2016-04-27 03:00:00,0,0.0,3
8792009665,2016-04-27 04:00:00,0,0.0,4
8792009665,2016-04-27 05:00:00,0,0.0,5
8792009665,2016-04-27 06:00:00,0,0.0,6
8792009665,2016-04-27 07:00:00,0,0.0,7
8792009665,2016-04-27 08:00:00,0,0.0,8
8792009665,2016-04-27 09:00:00,10,0.166667,9
8792009665,2016-04-27 10:00:00,0,0.0,10
8792009665,2016-04-27 11:00:00,12,0.2,11
8792009665,2016-04-27 12:00:00,2,0.033333,12
8792009665,2016-04-27 13:00:00,6,0.1,13
8792009665,2016-04-27 14:00:00,2,0.033333,14
8792009665,2016-04-27 15:00:00,3,0.05,15
8792009665,2016-04-27 16:00:00,5,0.083333,16
8792009665,2016-04-27 17:00:00,15,0.25,17
8792009665,2016-04-27 18:00:00,12,0.2,18
8792009665,2016-04-27 19:00:00,5,0.083333,19
8792009665,2016-04-27 20:00:00,9,0.15,20
8792009665,2016-04-27 21:00:00,4,0.066667,21
8792009665,2016-04-27 22:00:00,1,0.016667,22
8792009665,2016-04-27 23:00:00,2,0.033333,23
8792009665,2016-04-28 00:00:00,10,0.166667,0
8792009665,2016-04-28 01:00:00,7,0.116667,1
8792009665,2016-04-28 02:00:00,10,0.166667,2
8792009665,2016-04-28 03:00:00,0,0.0,3
8792009665,2016-04-28 04:00:00,0,0.0,4
8792009665,2016-04-28 05:00:00,0,0.0,5
8792009665,2016-04-28 06:00:00,0,0.0,6
8792009665,2016-04-28 07:00:00,0,0.0,7
8792009665,2016-04-28 08:00:00,3,0.05,8
8792009665,2016-04-28 09:00:00,8,0.133333,9
8792009665,2016-04-28 10:00:00,21,0.35,10
8792009665,2016-04-28 11:00:00,9,0.15,11
8792009665,2016-04-28 12:00:00,0,0.0,12
8792009665,2016-04-28 13:00:00,12,0.2,13
8792009665,2016-04-28 14:00:00,26,0.433333,14
8792009665,2016-04-28 15:00:00,41,0.683333,15
8792009665,2016-04-28 16:00:00,41,0.683333,16
8792009665,2016-04-28 17:00:00,39,0.65,17
8792009665,2016-04-28 18:00:00,26,0.433333,18
8792009665,2016-04-28 19:00:00,28,0.466667,19
8792009665,2016-04-28 20:00:00,18,0.3,20
8792009665,2016-04-28 21:00:00,2,0.033333,21
8792009665,2016-04-28 22:00:00,3,0.05,22
8792009665,2016-04-28 23:00:00,6,0.1,23
8792009665,2016-04-29 00:00:00,24,0.4,0
8792009665,2016-04-29 01:00:00,10,0.166667,1
8792009665,2016-04-29 02:00:00,4,0.066667,2
8792009665,2016-04-29 03:00:00,0,0.0,3
8792009665,2016-04-29 04:00:00,0,0.0,4
8792009665,2016-04-29 05:00:00,0,0.0,5
8792009665,2016-04-29 06:00:00,0,0.0,6
8792009665,2016-04-29 07:00:00,0,0.0,7
8792009665,2016-04-29 08:00:00,0,0.0,8
8792009665,2016-04-29 09:00:00,20,0.333333,9
8792009665,2016-04-29 10:00:00,46,0.766667,10
8792009665,2016-04-29 11:00:00,23,0.383333,11
8792009665,2016-04-29 12:00:00,6,0.1,12
8792009665,2016-04-29 13:00:00,0,0.0,13
8792009665,2016-04-29 14:00:00,74,1.233333,14
8792009665,2016-04-29 15:00:00,29,0.483333,15
8792009665,2016-04-29 16:00:00,34,0.566667,16
8792009665,2016-04-29 17:00:00,43,0.716667,17
8792009665,2016-04-29 18:00:00,33,0.55,18
8792009665,2016-04-29 19:00:00,24,0.4,19
8792009665,2016-04-29 20:00:00,37,0.616667,20
8792009665,2016-04-29 21:00:00,13,0.216667,21
8792009665,2016-04-29 22:00:00,0,0.0,22
8792009665,2016-04-29 23:00:00,6,0.1,23
8792009665,2016-04-30 00:00:00,3,0.05,0
8792009665,2016-04-30 01:00:00,3,0.05,1
8792009665,2016-04-30 02:00:00,0,0.0,2
8792009665,2016-04-30 03:00:00,0,0.0,3
8792009665,2016-04-30 04:00:00,0,0.0,4
8792009665,2016-04-30 05:00:00,0,0.0,5
8792009665,2016-04-30 06:00:00,0,0.0,6
8792009665,2016-04-30 07:00:00,4,0.066667,7
8792009665,2016-04-30 08:00:00,3,0.05,8
8792009665,2016-04-30 09:00:00,30,0.5,9
8792009665,2016-04-30 10:00:00,23,0.383333,10
8792009665,2016-04-30 11:00:00,21,0.35,11
8792009665,2016-04-30 12:00:00,24,0.4,12
8792009665,2016-04-30 13:00:00,35,0.583333,13
8792009665,2016-04-30 14:00:00,21,0.35,14
8792009665,2016-04-30 15:00:00,48,0.8,15
8792009665,2016-04-30 16:00:00,16,0.266667,16
8792009665,2016-04-30 17:00:00,8,0.133333,17
8792009665,2016-04-30 18:00:00,29,0.483333,18
8792009665,2016-04-30 19:00:00,46,0.766667,19
8792009665,2016-04-30 20:00:00,21,0.35,20
8792009665,2016-04-30 21:00:00,20,0.333333,21
8792009665,2016-04-30 22:00:00,2,0.033333,22
8792009665,2016-04-30 23:00:00,14,0.233333,23
8792009665,2016-05-01 00:00:00,1,0.016667,0
8792009665,2016-05-01 01:00:00,0,0.0,1
8792009665,2016-05-01 02:00:00,0,0.0,2
8792009665,2016-05-01 03:00:00,0,0.0,3
8792009665,2016-05-01 04:00:00,0,0.0,4
8792009665,2016-05-01 05:00:00,0,0.0,5
8792009665,2016-05-01 06:00:00,0,0.0,6
8792009665,2016-05-01 07:00:00,0,0.0,7
8792009665,2016-05-01 08:00:00,2,0.033333,8
8792009665,2016-05-01 09:00:00,0,0.0,9
8792009665,2016-05-01 10:00:00,5,0.083333,10
8792009665,2016-05-01 11:00:00,10,0.166667,11
8792009665,2016-05-01 12:00:00,0,0.0,12
8792009665,2016-05-01 13:00:00,4,0.066667,13
8792009665,2016-05-01 14:00:00,9,0.15,14
8792009665,2016-05-01 15:00:00,9,0.15,15
8792009665,2016-05-01 16:00:00,5,0.083333,16
8792009665,2016-05-01 17:00:00,5,0.083333,17
8792009665,2016-05-01 18:00:00,11,0.183333,18
8792009665,2016-05-01 19:00:00,3,0.05,19
8792009665,2016-05-01 20:00:00,7,0.116667,20
8792009665,2016-05-01 21:00:00,5,0.083333,21
8792009665,2016-05-01 22:00:00,0,0.0,22
8792009665,2016-05-01 23:00:00,3,0.05,23
8792009665,2016-05-02 00:00:00,15,0.25,0
8792009665,2016-05-02 01:00:00,8,0.133333,1
8792009665,2016-05-02 02:00:00,6,0.1,2
8792009665,2016-05-02 03:00:00,0,0.0,3
8792009665,2016-05-02 04:00:00,0,0.0,4
8792009665,2016-05-02 05:00:00,0,0.0,5
8792009665,2016-05-02 06:00:00,0,0.0,6
8792009665,2016-05-02 07:00:00,1,0.016667,7
8792009665,2016-05-02 08:00:00,0,0.0,8
8792009665,2016-05-02 09:00:00,3,0.05,9
8792009665,2016-05-02 10:00:00,0,0.0,10
8792009665,2016-05-02 11:00:00,19,0.316667,11
8792009665,2016-05-02 12:00:00,5,0.083333,12
8792009665,2016-05-02 13:00:00,2,0.033333,13
8792009665,2016-05-02 14:00:00,1,0.016667,14
8792009665,2016-05-02 15:00:00,4,0.066667,15
8792009665,2016-05-02 16:00:00,8,0.133333,16
8792009665,2016-05-02 17:00:00,0,0.0,17
8792009665,2016-05-02 18:00:00,7,0.116667,18
8792009665,2016-05-02 19:00:00,1,0.016667,19
8792009665,2016-05-02 20:00:00,8,0.133333,20
8792009665,2016-05-02 21:00:00,5,0.083333,21
8792009665,2016-05-02 22:00:00,4,0.066667,22
8792009665,2016-05-02 23:00:00,4,0.066667,23
8792009665,2016-05-03 00:00:00,11,0.183333,0
8792009665,2016-05-03 01:00:00,14,0.233333,1
8792009665,2016-05-03 02:00:00,0,0.0,2
8792009665,2016-05-03 03:00:00,0,0.0,3
8792009665,2016-05-03 04:00:00,1,0.016667,4
8792009665,2016-05-03 05:00:00,0,0.0,5
8792009665,2016-05-03 06:00:00,1,0.016667,6
8792009665,2016-05-03 07:00:00,0,0.0,7
8792009665,2016-05-03 08:00:00,0,0.0,8
8792009665,2016-05-03 09:00:00,2,0.033333,9
8792009665,2016-05-03 10:00:00,0,0.0,10
8792009665,2016-05-03 11:00:00,28,0.466667,11
8792009665,2016-05-03 12:00:00,5,0.083333,12
8792009665,2016-05-03 13:00:00,0,0.0,13
8792009665,2016-05-03 14:00:00,1,0.016667,14
8792009665,2016-05-03 15:00:00,15,0.25,15
8792009665,2016-05-03 16:00:00,10,0.166667,16
8792009665,2016-05-03 17:00:00,27,0.45,17
8792009665,2016-05-03 18:00:00,9,0.15,18
8792009665,2016-05-03 19:00:00,15,0.25,19
8792009665,2016-05-03 20:00:00,4,0.066667,20
8792009665,2016-05-03 21:00:00,4,0.066667,21
8792009665,2016-05-03 22:00:00,3,0.05,22
8792009665,2016-05-03 23:00:00,6,0.1,23
8792009665,2016-05-04 00:00:00,17,0.283333,0
8792009665,2016-05-04 01:00:00,5,0.083333,1
8792009665,2016-05-04 02:00:00,3,0.05,2
8792009665,2016-05-04 03:00:00,0,0.0,3
8792009665,2016-05-04 04:00:00,0,0.0,4
8792009665,2016-05-04 05:00:00,0,0.0,5
8792009665,2016-05-04 06:00:00,0,0.0,6
8792009665,2016-05-04 07:00:00,0,0.0,7
8792009665,2016-05-04 08:00:00,0,0.0,8
8792009665,2016-05-04 09:00:00,2,0.033333,9
8792009665,2016-05-04 10:00:00,7,0.116667,10
8792009665,2016-05-04 11:00:00,9,0.15,11
8792009665,2016-05-04 12:00:00,0,0.0,12
8792009665,2016-05-04 13:00:00,13,0.216667,13
8792009665,2016-05-04 14:00:00,6,0.1,14
8792009665,2016-05-04 15:00:00,24,0.4,15
8792009665,2016-05-04 16:00:00,0,0.0,16
8792009665,2016-05-04 17:00:00,21,0.35,17
8792009665,2016-05-04 18:00:00,12,0.2,18
8792009665,2016-05-04 19:00:00,1,0.016667,19
8792009665,2016-05-04 20:00:00,9,0.15,20
8792009665,2016-05-04 21:00:00,0,0.0,21
8792009665,2016-05-04 22:00:00,0,0.0,22
8792009665,2016-05-04 23:00:00,0,0.0,23
8792009665,2016-05-05 00:00:00,0,0.0,0
8792009665,2016-05-05 01:00:00,0,0.0,1
8792009665,2016-05-05 02:00:00,0,0.0,2
8792009665,2016-05-05 03:00:00,0,0.0,3
8792009665,2016-05-05 04:00:00,0,0.0,4
8792009665,2016-05-05 05:00:00,0,0.0,5
8792009665,2016-05-05 06:00:00,0,0.0,6
8792009665,2016-05-05 07:00:00,0,0.0,7
8792009665,2016-05-05 08:00:00,0,0.0,8
8792009665,2016-05-05 09:00:00,0,0.0,9
8792009665,2016-05-05 10:00:00,0,0.0,10
8792009665,2016-05-05 11:00:00,0,0.0,11
8792009665,2016-05-05 12:00:00,0,0.0,12
8792009665,2016-05-05 13:00:00,0,0.0,13
8792009665,2016-05-05 14:00:00,0,0.0,14
8792009665,2016-05-05 15:00:00,0,0.0,15
8792009665,2016-05-05 16:00:00,0,0.0,16
8792009665,2016-05-05 17:00:00,0,0.0,17
8792009665,2016-05-05 18:00:00,0,0.0,18
8792009665,2016-05-05 19:00:00,0,0.0,19
8792009665,2016-05-05 20:00:00,0,0.0,20
8792009665,2016-05-05 21:00:00,0,0.0,21
8792009665,2016-05-05 22:00:00,0,0.0,22
8792009665,2016-05-05 23:00:00,0,0.0,23
8792009665,2016-05-06 00:00:00,0,0.0,0
8792009665,2016-05-06 01:00:00,0,0.0,1
8792009665,2016-05-06 02:00:00,0,0.0,2
8792009665,2016-05-06 03:00:00,0,0.0,3
8792009665,2016-05-06 04:00:00,0,0.0,4
8792009665,2016-05-06 05:00:00,0,0.0,5
8792009665,2016-05-06 06:00:00,0,0.0,6
8792009665,2016-05-06 07:00:00,0,0.0,7
8792009665,2016-05-06 08:00:00,0,0.0,8
8792009665,2016-05-06 09:00:00,0,0.0,9
8792009665,2016-05-06 10:00:00,0,0.0,10
8792009665,2016-05-06 11:00:00,0,0.0,11
8792009665,2016-05-06 12:00:00,0,0.0,12
8792009665,2016-05-06 13:00:00,0,0.0,13
8792009665,2016-05-06 14:00:00,0,0.0,14
8792009665,2016-05-06 15:00:00,0,0.0,15
8792009665,2016-05-06 16:00:00,0,0.0,16
8792009665,2016-05-06 17:00:00,0,0.0,17
8792009665,2016-05-06 18:00:00,0,0.0,18
8792009665,2016-05-06 19:00:00,0,0.0,19
8792009665,2016-05-06 20:00:00,0,0.0,20
8792009665,2016-05-06 21:00:00,0,0.0,21
8792009665,2016-05-06 22:00:00,0,0.0,22
8792009665,2016-05-06 23:00:00,0,0.0,23
8792009665,2016-05-07 00:00:00,0,0.0,0
8792009665,2016-05-07 01:00:00,0,0.0,1
8792009665,2016-05-07 02:00:00,0,0.0,2
8792009665,2016-05-07 03:00:00,0,0.0,3
8792009665,2016-05-07 04:00:00,0,0.0,4
8792009665,2016-05-07 05:00:00,0,0.0,5
8792009665,2016-05-07 06:00:00,0,0.0,6
8792009665,2016-05-07 07:00:00,0,0.0,7
8792009665,2016-05-07 08:00:00,0,0.0,8
8792009665,2016-05-07 09:00:00,0,0.0,9
8792009665,2016-05-07 10:00:00,0,0.0,10
8792009665,2016-05-07 11:00:00,0,0.0,11
8792009665,2016-05-07 12:00:00,0,0.0,12
8792009665,2016-05-07 13:00:00,0,0.0,13
8792009665,2016-05-07 14:00:00,0,0.0,14
8792009665,2016-05-07 15:00:00,0,0.0,15
8792009665,2016-05-07 16:00:00,0,0.0,16
8792009665,2016-05-07 17:00:00,0,0.0,17
8792009665,2016-05-07 18:00:00,0,0.0,18
8792009665,2016-05-07 19:00:00,0,0.0,19
8792009665,2016-05-07 20:00:00,0,0.0,20
8792009665,2016-05-07 21:00:00,0,0.0,21
8792009665,2016-05-07 22:00:00,0,0.0,22
8792009665,2016-05-07 23:00:00,0,0.0,23
8792009665,2016-05-08 00:00:00,0,0.0,0
8792009665,2016-05-08 01:00:00,0,0.0,1
8792009665,2016-05-08 02:00:00,0,0.0,2
8792009665,2016-05-08 03:00:00,0,0.0,3
8792009665,2016-05-08 04:00:00,0,0.0,4
8792009665,2016-05-08 05:00:00,0,0.0,5
8792009665,2016-05-08 06:00:00,0,0.0,6
8792009665,2016-05-08 07:00:00,0,0.0,7
8792009665,2016-05-08 08:00:00,0,0.0,8
8792009665,2016-05-08 09:00:00,0,0.0,9
8792009665,2016-05-08 10:00:00,0,0.0,10
8792009665,2016-05-08 11:00:00,0,0.0,11
8792009665,2016-05-08 12:00:00,0,0.0,12
8792009665,2016-05-08 13:00:00,0,0.0,13
8792009665,2016-05-08 14:00:00,0,0.0,14
8792009665,2016-05-08 15:00:00,0,0.0,15
8792009665,2016-05-08 16:00:00,0,0.0,16
8792009665,2016-05-08 17:00:00,0,0.0,17
8792009665,2016-05-08 18:00:00,0,0.0,18
8792009665,2016-05-08 19:00:00,0,0.0,19
8792009665,2016-05-08 20:00:00,0,0.0,20
8792009665,2016-05-08 21:00:00,0,0.0,21
8792009665,2016-05-08 22:00:00,0,0.0,22
8792009665,2016-05-08 23:00:00,0,0.0,23
8792009665,2016-05-09 00:00:00,0,0.0,0
8792009665,2016-05-09 01:00:00,0,0.0,1
8792009665,2016-05-09 02:00:00,0,0.0,2
8792009665,2016-05-09 03:00:00,0,0.0,3
8792009665,2016-05-09 04:00:00,0,0.0,4
8792009665,2016-05-09 05:00:00,0,0.0,5
8792009665,2016-05-09 06:00:00,0,0.0,6
8792009665,2016-05-09 07:00:00,0,0.0,7
8792009665,2016-05-09 08:00:00,0,0.0,8
8792009665,2016-05-09 09:00:00,0,0.0,9
8792009665,2016-05-09 10:00:00,0,0.0,10
8792009665,2016-05-09 11:00:00,0,0.0,11
8792009665,2016-05-09 12:00:00,0,0.0,12
8792009665,2016-05-09 13:00:00,0,0.0,13
8792009665,2016-05-09 14:00:00,0,0.0,14
8792009665,2016-05-09 15:00:00,0,0.0,15
8792009665,2016-05-09 16:00:00,0,0.0,16
8792009665,2016-05-09 17:00:00,0,0.0,17
8792009665,2016-05-09 18:00:00,0,0.0,18
8792009665,2016-05-09 19:00:00,0,0.0,19
8792009665,2016-05-09 20:00:00,0,0.0,20
8792009665,2016-05-09 21:00:00,0,0.0,21
8792009665,2016-05-09 22:00:00,0,0.0,22
8792009665,2016-05-09 23:00:00,0,0.0,23
8877689391,2016-04-12 00:00:00,0,0.0,0
8877689391,2016-04-12 01:00:00,0,0.0,1
8877689391,2016-04-12 02:00:00,0,0.0,2
8877689391,2016-04-12 03:00:00,0,0.0,3
8877689391,2016-04-12 04:00:00,0,0.0,4
8877689391,2016-04-12 05:00:00,0,0.0,5
8877689391,2016-04-12 06:00:00,7,0.116667,6
8877689391,2016-04-12 07:00:00,26,0.433333,7
8877689391,2016-04-12 08:00:00,17,0.283333,8
8877689391,2016-04-12 09:00:00,8,0.133333,9
8877689391,2016-04-12 10:00:00,12,0.2,10
8877689391,2016-04-12 11:00:00,52,0.866667,11
8877689391,2016-04-12 12:00:00,158,2.633333,12
8877689391,2016-04-12 13:00:00,9,0.15,13
8877689391,2016-04-12 14:00:00,1,0.016667,14
8877689391,2016-04-12 15:00:00,32,0.533333,15
8877689391,2016-04-12 16:00:00,21,0.35,16
8877689391,2016-04-12 17:00:00,51,0.85,17
8877689391,2016-04-12 18:00:00,101,1.683333,18
8877689391,2016-04-12 19:00:00,26,0.433333,19
8877689391,2016-04-12 20:00:00,22,0.366667,20
8877689391,2016-04-12 21:00:00,24,0.4,21
8877689391,2016-04-12 22:00:00,14,0.233333,22
8877689391,2016-04-12 23:00:00,0,0.0,23
8877689391,2016-04-13 00:00:00,0,0.0,0
8877689391,2016-04-13 01:00:00,0,0.0,1
8877689391,2016-04-13 02:00:00,0,0.0,2
8877689391,2016-04-13 03:00:00,0,0.0,3
8877689391,2016-04-13 04:00:00,0,0.0,4
8877689391,2016-04-13 05:00:00,0,0.0,5
8877689391,2016-04-13 06:00:00,0,0.0,6
8877689391,2016-04-13 07:00:00,27,0.45,7
8877689391,2016-04-13 08:00:00,13,0.216667,8
8877689391,2016-04-13 09:00:00,14,0.233333,9
8877689391,2016-04-13 10:00:00,19,0.316667,10
8877689391,2016-04-13 11:00:00,18,0.3,11
8877689391,2016-04-13 12:00:00,109,1.816667,12
8877689391,2016-04-13 13:00:00,8,0.133333,13
8877689391,2016-04-13 14:00:00,15,0.25,14
8877689391,2016-04-13 15:00:00,9,0.15,15
8877689391,2016-04-13 16:00:00,14,0.233333,16
8877689391,2016-04-13 17:00:00,99,1.65,17
8877689391,2016-04-13 18:00:00,160,2.666667,18
8877689391,2016-04-13 19:00:00,38,0.633333,19
8877689391,2016-04-13 20:00:00,15,0.25,20
8877689391,2016-04-13 21:00:00,11,0.183333,21
8877689391,2016-04-13 22:00:00,7,0.116667,22
8877689391,2016-04-13 23:00:00,0,0.0,23
8877689391,2016-04-14 00:00:00,0,0.0,0
8877689391,2016-04-14 01:00:00,0,0.0,1
8877689391,2016-04-14 02:00:00,0,0.0,2
8877689391,2016-04-14 03:00:00,0,0.0,3
8877689391,2016-04-14 04:00:00,0,0.0,4
8877689391,2016-04-14 05:00:00,0,0.0,5
8877689391,2016-04-14 06:00:00,6,0.1,6
8877689391,2016-04-14 07:00:00,24,0.4,7
8877689391,2016-04-14 08:00:00,14,0.233333,8
8877689391,2016-04-14 09:00:00,18,0.3,9
8877689391,2016-04-14 10:00:00,18,0.3,10
8877689391,2016-04-14 11:00:00,12,0.2,11
8877689391,2016-04-14 12:00:00,15,0.25,12
8877689391,2016-04-14 13:00:00,5,0.083333,13
8877689391,2016-04-14 14:00:00,13,0.216667,14
8877689391,2016-04-14 15:00:00,39,0.65,15
8877689391,2016-04-14 16:00:00,148,2.466667,16
8877689391,2016-04-14 17:00:00,73,1.216667,17
8877689391,2016-04-14 18:00:00,20,0.333333,18
8877689391,2016-04-14 19:00:00,24,0.4,19
8877689391,2016-04-14 20:00:00,39,0.65,20
8877689391,2016-04-14 21:00:00,26,0.433333,21
8877689391,2016-04-14 22:00:00,29,0.483333,22
8877689391,2016-04-14 23:00:00,5,0.083333,23
8877689391,2016-04-15 00:00:00,0,0.0,0
8877689391,2016-04-15 01:00:00,0,0.0,1
8877689391,2016-04-15 02:00:00,0,0.0,2
8877689391,2016-04-15 03:00:00,0,0.0,3
8877689391,2016-04-15 04:00:00,0,0.0,4
8877689391,2016-04-15 05:00:00,0,0.0,5
8877689391,2016-04-15 06:00:00,1,0.016667,6
8877689391,2016-04-15 07:00:00,22,0.366667,7
8877689391,2016-04-15 08:00:00,8,0.133333,8
8877689391,2016-04-15 09:00:00,9,0.15,9
8877689391,2016-04-15 10:00:00,14,0.233333,10
8877689391,2016-04-15 11:00:00,22,0.366667,11
8877689391,2016-04-15 12:00:00,12,0.2,12
8877689391,2016-04-15 13:00:00,17,0.283333,13
8877689391,2016-04-15 14:00:00,4,0.066667,14
8877689391,2016-04-15 15:00:00,9,0.15,15
8877689391,2016-04-15 16:00:00,7,0.116667,16
8877689391,2016-04-15 17:00:00,46,0.766667,17
8877689391,2016-04-15 18:00:00,180,3.0,18
8877689391,2016-04-15 19:00:00,127,2.116667,19
8877689391,2016-04-15 20:00:00,17,0.283333,20
8877689391,2016-04-15 21:00:00,29,0.483333,21
8877689391,2016-04-15 22:00:00,41,0.683333,22
8877689391,2016-04-15 23:00:00,36,0.6,23
8877689391,2016-04-16 00:00:00,20,0.333333,0
8877689391,2016-04-16 01:00:00,0,0.0,1
8877689391,2016-04-16 02:00:00,0,0.0,2
8877689391,2016-04-16 03:00:00,0,0.0,3
8877689391,2016-04-16 04:00:00,0,0.0,4
8877689391,2016-04-16 05:00:00,0,0.0,5
8877689391,2016-04-16 06:00:00,0,0.0,6
8877689391,2016-04-16 07:00:00,0,0.0,7
8877689391,2016-04-16 08:00:00,28,0.466667,8
8877689391,2016-04-16 09:00:00,55,0.916667,9
8877689391,2016-04-16 10:00:00,45,0.75,10
8877689391,2016-04-16 11:00:00,29,0.483333,11
8877689391,2016-04-16 12:00:00,140,2.333333,12
8877689391,2016-04-16 13:00:00,78,1.3,13
8877689391,2016-04-16 14:00:00,28,0.466667,14
8877689391,2016-04-16 15:00:00,39,0.65,15
8877689391,2016-04-16 16:00:00,23,0.383333,16
8877689391,2016-04-16 17:00:00,70,1.166667,17
8877689391,2016-04-16 18:00:00,53,0.883333,18
8877689391,2016-04-16 19:00:00,19,0.316667,19
8877689391,2016-04-16 20:00:00,21,0.35,20
8877689391,2016-04-16 21:00:00,29,0.483333,21
8877689391,2016-04-16 22:00:00,15,0.25,22
8877689391,2016-04-16 23:00:00,77,1.283333,23
8877689391,2016-04-17 00:00:00,41,0.683333,0
8877689391,2016-04-17 01:00:00,39,0.65,1
8877689391,2016-04-17 02:00:00,43,0.716667,2
8877689391,2016-04-17 03:00:00,4,0.066667,3
8877689391,2016-04-17 04:00:00,0,0.0,4
8877689391,2016-04-17 05:00:00,0,0.0,5
8877689391,2016-04-17 06:00:00,0,0.0,6
8877689391,2016-04-17 07:00:00,0,0.0,7
8877689391,2016-04-17 08:00:00,0,0.0,8
8877689391,2016-04-17 09:00:00,0,0.0,9
8877689391,2016-04-17 10:00:00,9,0.15,10
8877689391,2016-04-17 11:00:00,31,0.516667,11
8877689391,2016-04-17 12:00:00,6,0.1,12
8877689391,2016-04-17 13:00:00,11,0.183333,13
8877689391,2016-04-17 14:00:00,8,0.133333,14
8877689391,2016-04-17 15:00:00,5,0.083333,15
8877689391,2016-04-17 16:00:00,18,0.3,16
8877689391,2016-04-17 17:00:00,75,1.25,17
8877689391,2016-04-17 18:00:00,161,2.683333,18
8877689391,2016-04-17 19:00:00,25,0.416667,19
8877689391,2016-04-17 20:00:00,28,0.466667,20
8877689391,2016-04-17 21:00:00,7,0.116667,21
8877689391,2016-04-17 22:00:00,0,0.0,22
8877689391,2016-04-17 23:00:00,0,0.0,23
8877689391,2016-04-18 00:00:00,0,0.0,0
8877689391,2016-04-18 01:00:00,0,0.0,1
8877689391,2016-04-18 02:00:00,0,0.0,2
8877689391,2016-04-18 03:00:00,0,0.0,3
8877689391,2016-04-18 04:00:00,0,0.0,4
8877689391,2016-04-18 05:00:00,0,0.0,5
8877689391,2016-04-18 06:00:00,4,0.066667,6
8877689391,2016-04-18 07:00:00,22,0.366667,7
8877689391,2016-04-18 08:00:00,13,0.216667,8
8877689391,2016-04-18 09:00:00,17,0.283333,9
8877689391,2016-04-18 10:00:00,7,0.116667,10
8877689391,2016-04-18 11:00:00,8,0.133333,11
8877689391,2016-04-18 12:00:00,98,1.633333,12
8877689391,2016-04-18 13:00:00,15,0.25,13
8877689391,2016-04-18 14:00:00,6,0.1,14
8877689391,2016-04-18 15:00:00,16,0.266667,15
8877689391,2016-04-18 16:00:00,22,0.366667,16
8877689391,2016-04-18 17:00:00,12,0.2,17
8877689391,2016-04-18 18:00:00,8,0.133333,18
8877689391,2016-04-18 19:00:00,23,0.383333,19
8877689391,2016-04-18 20:00:00,8,0.133333,20
8877689391,2016-04-18 21:00:00,9,0.15,21
8877689391,2016-04-18 22:00:00,0,0.0,22
8877689391,2016-04-18 23:00:00,0,0.0,23
8877689391,2016-04-19 00:00:00,0,0.0,0
8877689391,2016-04-19 01:00:00,0,0.0,1
8877689391,2016-04-19 02:00:00,0,0.0,2
8877689391,2016-04-19 03:00:00,0,0.0,3
8877689391,2016-04-19 04:00:00,0,0.0,4
8877689391,2016-04-19 05:00:00,0,0.0,5
8877689391,2016-04-19 06:00:00,13,0.216667,6
8877689391,2016-04-19 07:00:00,21,0.35,7
8877689391,2016-04-19 08:00:00,9,0.15,8
8877689391,2016-04-19 09:00:00,16,0.266667,9
8877689391,2016-04-19 10:00:00,13,0.216667,10
8877689391,2016-04-19 11:00:00,18,0.3,11
8877689391,2016-04-19 12:00:00,77,1.283333,12
8877689391,2016-04-19 13:00:00,16,0.266667,13
8877689391,2016-04-19 14:00:00,5,0.083333,14
8877689391,2016-04-19 15:00:00,10,0.166667,15
8877689391,2016-04-19 16:00:00,173,2.883333,16
8877689391,2016-04-19 17:00:00,51,0.85,17
8877689391,2016-04-19 18:00:00,13,0.216667,18
8877689391,2016-04-19 19:00:00,23,0.383333,19
8877689391,2016-04-19 20:00:00,10,0.166667,20
8877689391,2016-04-19 21:00:00,14,0.233333,21
8877689391,2016-04-19 22:00:00,4,0.066667,22
8877689391,2016-04-19 23:00:00,0,0.0,23
8877689391,2016-04-20 00:00:00,0,0.0,0
8877689391,2016-04-20 01:00:00,0,0.0,1
8877689391,2016-04-20 02:00:00,0,0.0,2
8877689391,2016-04-20 03:00:00,0,0.0,3
8877689391,2016-04-20 04:00:00,0,0.0,4
8877689391,2016-04-20 05:00:00,0,0.0,5
8877689391,2016-04-20 06:00:00,7,0.116667,6
8877689391,2016-04-20 07:00:00,18,0.3,7
8877689391,2016-04-20 08:00:00,21,0.35,8
8877689391,2016-04-20 09:00:00,6,0.1,9
8877689391,2016-04-20 10:00:00,9,0.15,10
8877689391,2016-04-20 11:00:00,26,0.433333,11
8877689391,2016-04-20 12:00:00,38,0.633333,12
8877689391,2016-04-20 13:00:00,7,0.116667,13
8877689391,2016-04-20 14:00:00,8,0.133333,14
8877689391,2016-04-20 15:00:00,17,0.283333,15
8877689391,2016-04-20 16:00:00,17,0.283333,16
8877689391,2016-04-20 17:00:00,46,0.766667,17
8877689391,2016-04-20 18:00:00,173,2.883333,18
8877689391,2016-04-20 19:00:00,47,0.783333,19
8877689391,2016-04-20 20:00:00,25,0.416667,20
8877689391,2016-04-20 21:00:00,13,0.216667,21
8877689391,2016-04-20 22:00:00,4,0.066667,22
8877689391,2016-04-20 23:00:00,0,0.0,23
8877689391,2016-04-21 00:00:00,0,0.0,0
8877689391,2016-04-21 01:00:00,0,0.0,1
8877689391,2016-04-21 02:00:00,0,0.0,2
8877689391,2016-04-21 03:00:00,0,0.0,3
8877689391,2016-04-21 04:00:00,0,0.0,4
8877689391,2016-04-21 05:00:00,0,0.0,5
8877689391,2016-04-21 06:00:00,4,0.066667,6
8877689391,2016-04-21 07:00:00,17,0.283333,7
8877689391,2016-04-21 08:00:00,5,0.083333,8
8877689391,2016-04-21 09:00:00,15,0.25,9
8877689391,2016-04-21 10:00:00,11,0.183333,10
8877689391,2016-04-21 11:00:00,24,0.4,11
8877689391,2016-04-21 12:00:00,21,0.35,12
8877689391,2016-04-21 13:00:00,11,0.183333,13
8877689391,2016-04-21 14:00:00,7,0.116667,14
8877689391,2016-04-21 15:00:00,97,1.616667,15
8877689391,2016-04-21 16:00:00,110,1.833333,16
8877689391,2016-04-21 17:00:00,61,1.016667,17
8877689391,2016-04-21 18:00:00,66,1.1,18
8877689391,2016-04-21 19:00:00,16,0.266667,19
8877689391,2016-04-21 20:00:00,8,0.133333,20
8877689391,2016-04-21 21:00:00,14,0.233333,21
8877689391,2016-04-21 22:00:00,11,0.183333,22
8877689391,2016-04-21 23:00:00,0,0.0,23
8877689391,2016-04-22 00:00:00,0,0.0,0
8877689391,2016-04-22 01:00:00,0,0.0,1
8877689391,2016-04-22 02:00:00,0,0.0,2
8877689391,2016-04-22 03:00:00,0,0.0,3
8877689391,2016-04-22 04:00:00,0,0.0,4
8877689391,2016-04-22 05:00:00,0,0.0,5
8877689391,2016-04-22 06:00:00,12,0.2,6
8877689391,2016-04-22 07:00:00,19,0.316667,7
8877689391,2016-04-22 08:00:00,18,0.3,8
8877689391,2016-04-22 09:00:00,12,0.2,9
8877689391,2016-04-22 10:00:00,9,0.15,10
8877689391,2016-04-22 11:00:00,10,0.166667,11
8877689391,2016-04-22 12:00:00,6,0.1,12
8877689391,2016-04-22 13:00:00,9,0.15,13
8877689391,2016-04-22 14:00:00,11,0.183333,14
8877689391,2016-04-22 15:00:00,23,0.383333,15
8877689391,2016-04-22 16:00:00,20,0.333333,16
8877689391,2016-04-22 17:00:00,32,0.533333,17
8877689391,2016-04-22 18:00:00,133,2.216667,18
8877689391,2016-04-22 19:00:00,80,1.333333,19
8877689391,2016-04-22 20:00:00,12,0.2,20
8877689391,2016-04-22 21:00:00,8,0.133333,21
8877689391,2016-04-22 22:00:00,9,0.15,22
8877689391,2016-04-22 23:00:00,0,0.0,23
8877689391,2016-04-23 00:00:00,0,0.0,0
8877689391,2016-04-23 01:00:00,0,0.0,1
8877689391,2016-04-23 02:00:00,0,0.0,2
8877689391,2016-04-23 03:00:00,0,0.0,3
8877689391,2016-04-23 04:00:00,0,0.0,4
8877689391,2016-04-23 05:00:00,0,0.0,5
8877689391,2016-04-23 06:00:00,0,0.0,6
8877689391,2016-04-23 07:00:00,8,0.133333,7
8877689391,2016-04-23 08:00:00,32,0.533333,8
8877689391,2016-04-23 09:00:00,31,0.516667,9
8877689391,2016-04-23 10:00:00,27,0.45,10
8877689391,2016-04-23 11:00:00,31,0.516667,11
8877689391,2016-04-23 12:00:00,127,2.116667,12
8877689391,2016-04-23 13:00:00,178,2.966667,13
8877689391,2016-04-23 14:00:00,48,0.8,14
8877689391,2016-04-23 15:00:00,26,0.433333,15
8877689391,2016-04-23 16:00:00,9,0.15,16
8877689391,2016-04-23 17:00:00,16,0.266667,17
8877689391,2016-04-23 18:00:00,29,0.483333,18
8877689391,2016-04-23 19:00:00,22,0.366667,19
8877689391,2016-04-23 20:00:00,14,0.233333,20
8877689391,2016-04-23 21:00:00,14,0.233333,21
8877689391,2016-04-23 22:00:00,6,0.1,22
8877689391,2016-04-23 23:00:00,0,0.0,23
8877689391,2016-04-24 00:00:00,0,0.0,0
8877689391,2016-04-24 01:00:00,0,0.0,1
8877689391,2016-04-24 02:00:00,0,0.0,2
8877689391,2016-04-24 03:00:00,0,0.0,3
8877689391,2016-04-24 04:00:00,0,0.0,4
8877689391,2016-04-24 05:00:00,0,0.0,5
8877689391,2016-04-24 06:00:00,0,0.0,6
8877689391,2016-04-24 07:00:00,4,0.066667,7
8877689391,2016-04-24 08:00:00,15,0.25,8
8877689391,2016-04-24 09:00:00,19,0.316667,9
8877689391,2016-04-24 10:00:00,16,0.266667,10
8877689391,2016-04-24 11:00:00,15,0.25,11
8877689391,2016-04-24 12:00:00,32,0.533333,12
8877689391,2016-04-24 13:00:00,24,0.4,13
8877689391,2016-04-24 14:00:00,11,0.183333,14
8877689391,2016-04-24 15:00:00,18,0.3,15
8877689391,2016-04-24 16:00:00,5,0.083333,16
8877689391,2016-04-24 17:00:00,157,2.616667,17
8877689391,2016-04-24 18:00:00,60,1.0,18
8877689391,2016-04-24 19:00:00,14,0.233333,19
8877689391,2016-04-24 20:00:00,12,0.2,20
8877689391,2016-04-24 21:00:00,19,0.316667,21
8877689391,2016-04-24 22:00:00,0,0.0,22
8877689391,2016-04-24 23:00:00,0,0.0,23
8877689391,2016-04-25 00:00:00,0,0.0,0
8877689391,2016-04-25 01:00:00,0,0.0,1
8877689391,2016-04-25 02:00:00,0,0.0,2
8877689391,2016-04-25 03:00:00,0,0.0,3
8877689391,2016-04-25 04:00:00,0,0.0,4
8877689391,2016-04-25 05:00:00,0,0.0,5
8877689391,2016-04-25 06:00:00,10,0.166667,6
8877689391,2016-04-25 07:00:00,16,0.266667,7
8877689391,2016-04-25 08:00:00,18,0.3,8
8877689391,2016-04-25 09:00:00,23,0.383333,9
8877689391,2016-04-25 10:00:00,17,0.283333,10
8877689391,2016-04-25 11:00:00,12,0.2,11
8877689391,2016-04-25 12:00:00,81,1.35,12
8877689391,2016-04-25 13:00:00,30,0.5,13
8877689391,2016-04-25 14:00:00,9,0.15,14
8877689391,2016-04-25 15:00:00,6,0.1,15
8877689391,2016-04-25 16:00:00,19,0.316667,16
8877689391,2016-04-25 17:00:00,19,0.316667,17
8877689391,2016-04-25 18:00:00,159,2.65,18
8877689391,2016-04-25 19:00:00,114,1.9,19
8877689391,2016-04-25 20:00:00,23,0.383333,20
8877689391,2016-04-25 21:00:00,10,0.166667,21
8877689391,2016-04-25 22:00:00,7,0.116667,22
8877689391,2016-04-25 23:00:00,0,0.0,23
8877689391,2016-04-26 00:00:00,0,0.0,0
8877689391,2016-04-26 01:00:00,0,0.0,1
8877689391,2016-04-26 02:00:00,0,0.0,2
8877689391,2016-04-26 03:00:00,0,0.0,3
8877689391,2016-04-26 04:00:00,0,0.0,4
8877689391,2016-04-26 05:00:00,0,0.0,5
8877689391,2016-04-26 06:00:00,3,0.05,6
8877689391,2016-04-26 07:00:00,17,0.283333,7
8877689391,2016-04-26 08:00:00,16,0.266667,8
8877689391,2016-04-26 09:00:00,14,0.233333,9
8877689391,2016-04-26 10:00:00,8,0.133333,10
8877689391,2016-04-26 11:00:00,25,0.416667,11
8877689391,2016-04-26 12:00:00,64,1.066667,12
8877689391,2016-04-26 13:00:00,16,0.266667,13
8877689391,2016-04-26 14:00:00,9,0.15,14
8877689391,2016-04-26 15:00:00,13,0.216667,15
8877689391,2016-04-26 16:00:00,13,0.216667,16
8877689391,2016-04-26 17:00:00,8,0.133333,17
8877689391,2016-04-26 18:00:00,30,0.5,18
8877689391,2016-04-26 19:00:00,12,0.2,19
8877689391,2016-04-26 20:00:00,38,0.633333,20
8877689391,2016-04-26 21:00:00,9,0.15,21
8877689391,2016-04-26 22:00:00,23,0.383333,22
8877689391,2016-04-26 23:00:00,12,0.2,23
8877689391,2016-04-27 00:00:00,0,0.0,0
8877689391,2016-04-27 01:00:00,0,0.0,1
8877689391,2016-04-27 02:00:00,0,0.0,2
8877689391,2016-04-27 03:00:00,0,0.0,3
8877689391,2016-04-27 04:00:00,0,0.0,4
8877689391,2016-04-27 05:00:00,0,0.0,5
8877689391,2016-04-27 06:00:00,1,0.016667,6
8877689391,2016-04-27 07:00:00,57,0.95,7
8877689391,2016-04-27 08:00:00,16,0.266667,8
8877689391,2016-04-27 09:00:00,5,0.083333,9
8877689391,2016-04-27 10:00:00,17,0.283333,10
8877689391,2016-04-27 11:00:00,21,0.35,11
8877689391,2016-04-27 12:00:00,75,1.25,12
8877689391,2016-04-27 13:00:00,13,0.216667,13
8877689391,2016-04-27 14:00:00,8,0.133333,14
8877689391,2016-04-27 15:00:00,23,0.383333,15
8877689391,2016-04-27 16:00:00,7,0.116667,16
8877689391,2016-04-27 17:00:00,61,1.016667,17
8877689391,2016-04-27 18:00:00,157,2.616667,18
8877689391,2016-04-27 19:00:00,21,0.35,19
8877689391,2016-04-27 20:00:00,20,0.333333,20
8877689391,2016-04-27 21:00:00,8,0.133333,21
8877689391,2016-04-27 22:00:00,20,0.333333,22
8877689391,2016-04-27 23:00:00,0,0.0,23
8877689391,2016-04-28 00:00:00,0,0.0,0
8877689391,2016-04-28 01:00:00,0,0.0,1
8877689391,2016-04-28 02:00:00,0,0.0,2
8877689391,2016-04-28 03:00:00,0,0.0,3
8877689391,2016-04-28 04:00:00,0,0.0,4
8877689391,2016-04-28 05:00:00,0,0.0,5
8877689391,2016-04-28 06:00:00,6,0.1,6
8877689391,2016-04-28 07:00:00,20,0.333333,7
8877689391,2016-04-28 08:00:00,6,0.1,8
8877689391,2016-04-28 09:00:00,12,0.2,9
8877689391,2016-04-28 10:00:00,11,0.183333,10
8877689391,2016-04-28 11:00:00,8,0.133333,11
8877689391,2016-04-28 12:00:00,108,1.8,12
8877689391,2016-04-28 13:00:00,3,0.05,13
8877689391,2016-04-28 14:00:00,13,0.216667,14
8877689391,2016-04-28 15:00:00,24,0.4,15
8877689391,2016-04-28 16:00:00,19,0.316667,16
8877689391,2016-04-28 17:00:00,26,0.433333,17
8877689391,2016-04-28 18:00:00,65,1.083333,18
8877689391,2016-04-28 19:00:00,62,1.033333,19
8877689391,2016-04-28 20:00:00,13,0.216667,20
8877689391,2016-04-28 21:00:00,19,0.316667,21
8877689391,2016-04-28 22:00:00,6,0.1,22
8877689391,2016-04-28 23:00:00,0,0.0,23
8877689391,2016-04-29 00:00:00,0,0.0,0
8877689391,2016-04-29 01:00:00,0,0.0,1
8877689391,2016-04-29 02:00:00,0,0.0,2
8877689391,2016-04-29 03:00:00,0,0.0,3
8877689391,2016-04-29 04:00:00,0,0.0,4
8877689391,2016-04-29 05:00:00,0,0.0,5
8877689391,2016-04-29 06:00:00,3,0.05,6
8877689391,2016-04-29 07:00:00,24,0.4,7
8877689391,2016-04-29 08:00:00,12,0.2,8
8877689391,2016-04-29 09:00:00,12,0.2,9
8877689391,2016-04-29 10:00:00,12,0.2,10
8877689391,2016-04-29 11:00:00,16,0.266667,11
8877689391,2016-04-29 12:00:00,53,0.883333,12
8877689391,2016-04-29 13:00:00,11,0.183333,13
8877689391,2016-04-29 14:00:00,8,0.133333,14
8877689391,2016-04-29 15:00:00,16,0.266667,15
8877689391,2016-04-29 16:00:00,10,0.166667,16
8877689391,2016-04-29 17:00:00,10,0.166667,17
8877689391,2016-04-29 18:00:00,32,0.533333,18
8877689391,2016-04-29 19:00:00,17,0.283333,19
8877689391,2016-04-29 20:00:00,10,0.166667,20
8877689391,2016-04-29 21:00:00,17,0.283333,21
8877689391,2016-04-29 22:00:00,7,0.116667,22
8877689391,2016-04-29 23:00:00,4,0.066667,23
8877689391,2016-04-30 00:00:00,0,0.0,0
8877689391,2016-04-30 01:00:00,0,0.0,1
8877689391,2016-04-30 02:00:00,0,0.0,2
8877689391,2016-04-30 03:00:00,0,0.0,3
8877689391,2016-04-30 04:00:00,0,0.0,4
8877689391,2016-04-30 05:00:00,0,0.0,5
8877689391,2016-04-30 06:00:00,0,0.0,6
8877689391,2016-04-30 07:00:00,7,0.116667,7
8877689391,2016-04-30 08:00:00,10,0.166667,8
8877689391,2016-04-30 09:00:00,18,0.3,9
8877689391,2016-04-30 10:00:00,25,0.416667,10
8877689391,2016-04-30 11:00:00,34,0.566667,11
8877689391,2016-04-30 12:00:00,28,0.466667,12
8877689391,2016-04-30 13:00:00,124,2.066667,13
8877689391,2016-04-30 14:00:00,180,3.0,14
8877689391,2016-04-30 15:00:00,102,1.7,15
8877689391,2016-04-30 16:00:00,0,0.0,16
8877689391,2016-04-30 17:00:00,14,0.233333,17
8877689391,2016-04-30 18:00:00,16,0.266667,18
8877689391,2016-04-30 19:00:00,9,0.15,19
8877689391,2016-04-30 20:00:00,14,0.233333,20
8877689391,2016-04-30 21:00:00,13,0.216667,21
8877689391,2016-04-30 22:00:00,9,0.15,22
8877689391,2016-04-30 23:00:00,0,0.0,23
8877689391,2016-05-01 00:00:00,0,0.0,0
8877689391,2016-05-01 01:00:00,0,0.0,1
8877689391,2016-05-01 02:00:00,0,0.0,2
8877689391,2016-05-01 03:00:00,0,0.0,3
8877689391,2016-05-01 04:00:00,0,0.0,4
8877689391,2016-05-01 05:00:00,0,0.0,5
8877689391,2016-05-01 06:00:00,0,0.0,6
8877689391,2016-05-01 07:00:00,0,0.0,7
8877689391,2016-05-01 08:00:00,14,0.233333,8
8877689391,2016-05-01 09:00:00,58,0.966667,9
8877689391,2016-05-01 10:00:00,56,0.933333,10
8877689391,2016-05-01 11:00:00,23,0.383333,11
8877689391,2016-05-01 12:00:00,7,0.116667,12
8877689391,2016-05-01 13:00:00,15,0.25,13
8877689391,2016-05-01 14:00:00,7,0.116667,14
8877689391,2016-05-01 15:00:00,7,0.116667,15
8877689391,2016-05-01 16:00:00,23,0.383333,16
8877689391,2016-05-01 17:00:00,13,0.216667,17
8877689391,2016-05-01 18:00:00,21,0.35,18
8877689391,2016-05-01 19:00:00,8,0.133333,19
8877689391,2016-05-01 20:00:00,38,0.633333,20
8877689391,2016-05-01 21:00:00,8,0.133333,21
8877689391,2016-05-01 22:00:00,0,0.0,22
8877689391,2016-05-01 23:00:00,0,0.0,23
8877689391,2016-05-02 00:00:00,0,0.0,0
8877689391,2016-05-02 01:00:00,0,0.0,1
8877689391,2016-05-02 02:00:00,0,0.0,2
8877689391,2016-05-02 03:00:00,0,0.0,3
8877689391,2016-05-02 04:00:00,0,0.0,4
8877689391,2016-05-02 05:00:00,0,0.0,5
8877689391,2016-05-02 06:00:00,2,0.033333,6
8877689391,2016-05-02 07:00:00,23,0.383333,7
8877689391,2016-05-02 08:00:00,13,0.216667,8
8877689391,2016-05-02 09:00:00,20,0.333333,9
8877689391,2016-05-02 10:00:00,14,0.233333,10
8877689391,2016-05-02 11:00:00,10,0.166667,11
8877689391,2016-05-02 12:00:00,3,0.05,12
8877689391,2016-05-02 13:00:00,0,0.0,13
8877689391,2016-05-02 14:00:00,0,0.0,14
8877689391,2016-05-02 15:00:00,0,0.0,15
8877689391,2016-05-02 16:00:00,0,0.0,16
8877689391,2016-05-02 17:00:00,0,0.0,17
8877689391,2016-05-02 18:00:00,0,0.0,18
8877689391,2016-05-02 19:00:00,7,0.116667,19
8877689391,2016-05-02 20:00:00,10,0.166667,20
8877689391,2016-05-02 21:00:00,3,0.05,21
8877689391,2016-05-02 22:00:00,0,0.0,22
8877689391,2016-05-02 23:00:00,0,0.0,23
8877689391,2016-05-03 00:00:00,0,0.0,0
8877689391,2016-05-03 01:00:00,0,0.0,1
8877689391,2016-05-03 02:00:00,0,0.0,2
8877689391,2016-05-03 03:00:00,0,0.0,3
8877689391,2016-05-03 04:00:00,0,0.0,4
8877689391,2016-05-03 05:00:00,0,0.0,5
8877689391,2016-05-03 06:00:00,5,0.083333,6
8877689391,2016-05-03 07:00:00,14,0.233333,7
8877689391,2016-05-03 08:00:00,10,0.166667,8
8877689391,2016-05-03 09:00:00,9,0.15,9
8877689391,2016-05-03 10:00:00,11,0.183333,10
8877689391,2016-05-03 11:00:00,13,0.216667,11
8877689391,2016-05-03 12:00:00,40,0.666667,12
8877689391,2016-05-03 13:00:00,17,0.283333,13
8877689391,2016-05-03 14:00:00,1,0.016667,14
8877689391,2016-05-03 15:00:00,16,0.266667,15
8877689391,2016-05-03 16:00:00,9,0.15,16
8877689391,2016-05-03 17:00:00,14,0.233333,17
8877689391,2016-05-03 18:00:00,21,0.35,18
8877689391,2016-05-03 19:00:00,26,0.433333,19
8877689391,2016-05-03 20:00:00,17,0.283333,20
8877689391,2016-05-03 21:00:00,26,0.433333,21
8877689391,2016-05-03 22:00:00,43,0.716667,22
8877689391,2016-05-03 23:00:00,0,0.0,23
8877689391,2016-05-04 00:00:00,0,0.0,0
8877689391,2016-05-04 01:00:00,0,0.0,1
8877689391,2016-05-04 02:00:00,0,0.0,2
8877689391,2016-05-04 03:00:00,0,0.0,3
8877689391,2016-05-04 04:00:00,0,0.0,4
8877689391,2016-05-04 05:00:00,0,0.0,5
8877689391,2016-05-04 06:00:00,9,0.15,6
8877689391,2016-05-04 07:00:00,8,0.133333,7
8877689391,2016-05-04 08:00:00,16,0.266667,8
8877689391,2016-05-04 09:00:00,17,0.283333,9
8877689391,2016-05-04 10:00:00,21,0.35,10
8877689391,2016-05-04 11:00:00,8,0.133333,11
8877689391,2016-05-04 12:00:00,13,0.216667,12
8877689391,2016-05-04 13:00:00,11,0.183333,13
8877689391,2016-05-04 14:00:00,23,0.383333,14
8877689391,2016-05-04 15:00:00,6,0.1,15
8877689391,2016-05-04 16:00:00,54,0.9,16
8877689391,2016-05-04 17:00:00,168,2.8,17
8877689391,2016-05-04 18:00:00,17,0.283333,18
8877689391,2016-05-04 19:00:00,40,0.666667,19
8877689391,2016-05-04 20:00:00,7,0.116667,20
8877689391,2016-05-04 21:00:00,8,0.133333,21
8877689391,2016-05-04 22:00:00,0,0.0,22
8877689391,2016-05-04 23:00:00,0,0.0,23
8877689391,2016-05-05 00:00:00,0,0.0,0
8877689391,2016-05-05 01:00:00,0,0.0,1
8877689391,2016-05-05 02:00:00,0,0.0,2
8877689391,2016-05-05 03:00:00,0,0.0,3
8877689391,2016-05-05 04:00:00,0,0.0,4
8877689391,2016-05-05 05:00:00,0,0.0,5
8877689391,2016-05-05 06:00:00,0,0.0,6
8877689391,2016-05-05 07:00:00,12,0.2,7
8877689391,2016-05-05 08:00:00,12,0.2,8
8877689391,2016-05-05 09:00:00,29,0.483333,9
8877689391,2016-05-05 10:00:00,132,2.2,10
8877689391,2016-05-05 11:00:00,55,0.916667,11
8877689391,2016-05-05 12:00:00,51,0.85,12
8877689391,2016-05-05 13:00:00,10,0.166667,13
8877689391,2016-05-05 14:00:00,15,0.25,14
8877689391,2016-05-05 15:00:00,36,0.6,15
8877689391,2016-05-05 16:00:00,12,0.2,16
8877689391,2016-05-05 17:00:00,6,0.1,17
8877689391,2016-05-05 18:00:00,17,0.283333,18
8877689391,2016-05-05 19:00:00,8,0.133333,19
8877689391,2016-05-05 20:00:00,8,0.133333,20
8877689391,2016-05-05 21:00:00,13,0.216667,21
8877689391,2016-05-05 22:00:00,3,0.05,22
8877689391,2016-05-05 23:00:00,0,0.0,23
8877689391,2016-05-06 00:00:00,0,0.0,0
8877689391,2016-05-06 01:00:00,0,0.0,1
8877689391,2016-05-06 02:00:00,0,0.0,2
8877689391,2016-05-06 03:00:00,0,0.0,3
8877689391,2016-05-06 04:00:00,0,0.0,4
8877689391,2016-05-06 05:00:00,0,0.0,5
8877689391,2016-05-06 06:00:00,5,0.083333,6
8877689391,2016-05-06 07:00:00,21,0.35,7
8877689391,2016-05-06 08:00:00,19,0.316667,8
8877689391,2016-05-06 09:00:00,15,0.25,9
8877689391,2016-05-06 10:00:00,11,0.183333,10
8877689391,2016-05-06 11:00:00,16,0.266667,11
8877689391,2016-05-06 12:00:00,34,0.566667,12
8877689391,2016-05-06 13:00:00,15,0.25,13
8877689391,2016-05-06 14:00:00,176,2.933333,14
8877689391,2016-05-06 15:00:00,56,0.933333,15
8877689391,2016-05-06 16:00:00,99,1.65,16
8877689391,2016-05-06 17:00:00,35,0.583333,17
8877689391,2016-05-06 18:00:00,24,0.4,18
8877689391,2016-05-06 19:00:00,10,0.166667,19
8877689391,2016-05-06 20:00:00,4,0.066667,20
8877689391,2016-05-06 21:00:00,8,0.133333,21
8877689391,2016-05-06 22:00:00,6,0.1,22
8877689391,2016-05-06 23:00:00,0,0.0,23
8877689391,2016-05-07 00:00:00,0,0.0,0
8877689391,2016-05-07 01:00:00,0,0.0,1
8877689391,2016-05-07 02:00:00,0,0.0,2
8877689391,2016-05-07 03:00:00,0,0.0,3
8877689391,2016-05-07 04:00:00,0,0.0,4
8877689391,2016-05-07 05:00:00,0,0.0,5
8877689391,2016-05-07 06:00:00,0,0.0,6
8877689391,2016-05-07 07:00:00,0,0.0,7
8877689391,2016-05-07 08:00:00,24,0.4,8
8877689391,2016-05-07 09:00:00,48,0.8,9
8877689391,2016-05-07 10:00:00,46,0.766667,10
8877689391,2016-05-07 11:00:00,18,0.3,11
8877689391,2016-05-07 12:00:00,137,2.283333,12
8877689391,2016-05-07 13:00:00,180,3.0,13
8877689391,2016-05-07 14:00:00,29,0.483333,14
8877689391,2016-05-07 15:00:00,24,0.4,15
8877689391,2016-05-07 16:00:00,3,0.05,16
8877689391,2016-05-07 17:00:00,16,0.266667,17
8877689391,2016-05-07 18:00:00,41,0.683333,18
8877689391,2016-05-07 19:00:00,18,0.3,19
8877689391,2016-05-07 20:00:00,30,0.5,20
8877689391,2016-05-07 21:00:00,10,0.166667,21
8877689391,2016-05-07 22:00:00,18,0.3,22
8877689391,2016-05-07 23:00:00,0,0.0,23
8877689391,2016-05-08 00:00:00,0,0.0,0
8877689391,2016-05-08 01:00:00,0,0.0,1
8877689391,2016-05-08 02:00:00,0,0.0,2
8877689391,2016-05-08 03:00:00,0,0.0,3
8877689391,2016-05-08 04:00:00,0,0.0,4
8877689391,2016-05-08 05:00:00,0,0.0,5
8877689391,2016-05-08 06:00:00,0,0.0,6
8877689391,2016-05-08 07:00:00,16,0.266667,7
8877689391,2016-05-08 08:00:00,14,0.233333,8
8877689391,2016-05-08 09:00:00,15,0.25,9
8877689391,2016-05-08 10:00:00,12,0.2,10
8877689391,2016-05-08 11:00:00,18,0.3,11
8877689391,2016-05-08 12:00:00,19,0.316667,12
8877689391,2016-05-08 13:00:00,18,0.3,13
8877689391,2016-05-08 14:00:00,7,0.116667,14
8877689391,2016-05-08 15:00:00,30,0.5,15
8877689391,2016-05-08 16:00:00,14,0.233333,16
8877689391,2016-05-08 17:00:00,46,0.766667,17
8877689391,2016-05-08 18:00:00,19,0.316667,18
8877689391,2016-05-08 19:00:00,13,0.216667,19
8877689391,2016-05-08 20:00:00,9,0.15,20
8877689391,2016-05-08 21:00:00,54,0.9,21
8877689391,2016-05-08 22:00:00,0,0.0,22
8877689391,2016-05-08 23:00:00,0,0.0,23
8877689391,2016-05-09 00:00:00,0,0.0,0
8877689391,2016-05-09 01:00:00,0,0.0,1
8877689391,2016-05-09 02:00:00,0,0.0,2
8877689391,2016-05-09 03:00:00,0,0.0,3
8877689391,2016-05-09 04:00:00,0,0.0,4
8877689391,2016-05-09 05:00:00,0,0.0,5
8877689391,2016-05-09 06:00:00,22,0.366667,6
8877689391,2016-05-09 07:00:00,19,0.316667,7
8877689391,2016-05-09 08:00:00,23,0.383333,8
8877689391,2016-05-09 09:00:00,10,0.166667,9
8877689391,2016-05-09 10:00:00,14,0.233333,10
8877689391,2016-05-09 11:00:00,32,0.533333,11
8877689391,2016-05-09 12:00:00,51,0.85,12
8877689391,2016-05-09 13:00:00,9,0.15,13
8877689391,2016-05-09 14:00:00,15,0.25,14
8877689391,2016-05-09 15:00:00,15,0.25,15
8877689391,2016-05-09 16:00:00,133,2.216667,16
8877689391,2016-05-09 17:00:00,75,1.25,17
8877689391,2016-05-09 18:00:00,16,0.266667,18
8877689391,2016-05-09 19:00:00,15,0.25,19
8877689391,2016-05-09 20:00:00,7,0.116667,20
8877689391,2016-05-09 21:00:00,13,0.216667,21
8877689391,2016-05-09 22:00:00,5,0.083333,22
8877689391,2016-05-09 23:00:00,0,0.0,23
8877689391,2016-05-10 00:00:00,0,0.0,0
8877689391,2016-05-10 01:00:00,0,0.0,1
8877689391,2016-05-10 02:00:00,0,0.0,2
8877689391,2016-05-10 03:00:00,0,0.0,3
8877689391,2016-05-10 04:00:00,0,0.0,4
8877689391,2016-05-10 05:00:00,0,0.0,5
8877689391,2016-05-10 06:00:00,2,0.033333,6
8877689391,2016-05-10 07:00:00,24,0.4,7
8877689391,2016-05-10 08:00:00,12,0.2,8
8877689391,2016-05-10 09:00:00,12,0.2,9
8877689391,2016-05-10 10:00:00,17,0.283333,10
8877689391,2016-05-10 11:00:00,17,0.283333,11
8877689391,2016-05-10 12:00:00,71,1.183333,12
8877689391,2016-05-10 13:00:00,9,0.15,13
8877689391,2016-05-10 14:00:00,5,0.083333,14
8877689391,2016-05-10 15:00:00,16,0.266667,15
8877689391,2016-05-10 16:00:00,11,0.183333,16
8877689391,2016-05-10 17:00:00,26,0.433333,17
8877689391,2016-05-10 18:00:00,27,0.45,18
8877689391,2016-05-10 19:00:00,7,0.116667,19
8877689391,2016-05-10 20:00:00,34,0.566667,20
8877689391,2016-05-10 21:00:00,10,0.166667,21
8877689391,2016-05-10 22:00:00,0,0.0,22
8877689391,2016-05-10 23:00:00,0,0.0,23
8877689391,2016-05-11 00:00:00,0,0.0,0
8877689391,2016-05-11 01:00:00,0,0.0,1
8877689391,2016-05-11 02:00:00,0,0.0,2
8877689391,2016-05-11 03:00:00,0,0.0,3
8877689391,2016-05-11 04:00:00,0,0.0,4
8877689391,2016-05-11 05:00:00,0,0.0,5
8877689391,2016-05-11 06:00:00,2,0.033333,6
8877689391,2016-05-11 07:00:00,9,0.15,7
8877689391,2016-05-11 08:00:00,18,0.3,8
8877689391,2016-05-11 09:00:00,11,0.183333,9
8877689391,2016-05-11 10:00:00,11,0.183333,10
8877689391,2016-05-11 11:00:00,23,0.383333,11
8877689391,2016-05-11 12:00:00,96,1.6,12
8877689391,2016-05-11 13:00:00,12,0.2,13
8877689391,2016-05-11 14:00:00,3,0.05,14
8877689391,2016-05-11 15:00:00,8,0.133333,15
8877689391,2016-05-11 16:00:00,58,0.966667,16
8877689391,2016-05-11 17:00:00,163,2.716667,17
8877689391,2016-05-11 18:00:00,29,0.483333,18
8877689391,2016-05-11 19:00:00,15,0.25,19
8877689391,2016-05-11 20:00:00,26,0.433333,20
8877689391,2016-05-11 21:00:00,13,0.216667,21
8877689391,2016-05-11 22:00:00,4,0.066667,22
8877689391,2016-05-11 23:00:00,0,0.0,23
8877689391,2016-05-12 00:00:00,0,0.0,0
8877689391,2016-05-12 01:00:00,0,0.0,1
8877689391,2016-05-12 02:00:00,0,0.0,2
8877689391,2016-05-12 03:00:00,0,0.0,3
8877689391,2016-05-12 04:00:00,0,0.0,4
8877689391,2016-05-12 05:00:00,0,0.0,5
8877689391,2016-05-12 06:00:00,9,0.15,6
8877689391,2016-05-12 07:00:00,19,0.316667,7
8877689391,2016-05-12 08:00:00,16,0.266667,8
8877689391,2016-05-12 09:00:00,4,0.066667,9
8877689391,2016-05-12 10:00:00,12,0.2,10
8877689391,2016-05-12 11:00:00,29,0.483333,11
8877689391,2016-05-12 12:00:00,93,1.55,12
8877689391,2016-05-12 13:00:00,6,0.1,13
8877689391,2016-05-12 14:00:00,9,0.15,14
